date,product_id,category,price,promo,sales
2024-01-01,P001,food,1293.17,0,30
2024-01-01,P002,cosmetics,515.55,0,11
2024-01-01,P003,food,760.15,0,25
2024-01-01,P004,cosmetics,994.74,0,26
2024-01-01,P005,food,1106.33,0,29
2024-01-01,P006,food,1316.97,0,11
2024-01-01,P007,household,1039.71,0,27
2024-01-01,P008,household,1145.04,0,18
2024-01-01,P009,household,633.95,0,8
2024-01-01,P010,household,499.43,0,43
2024-01-01,P011,cosmetics,1460.72,0,24
2024-01-01,P012,household,538.38,0,20
2024-01-02,P001,food,1317.96,0,19
2024-01-02,P002,cosmetics,511.6,0,13
2024-01-02,P003,food,787.33,0,29
2024-01-02,P004,cosmetics,964.1,0,29
2024-01-02,P005,food,1073.15,0,28
2024-01-02,P006,food,1345.53,0,6
2024-01-02,P007,household,1041.06,0,19
2024-01-02,P008,household,1167.89,0,27
2024-01-02,P009,household,621.17,0,7
2024-01-02,P010,household,497.24,0,37
2024-01-02,P011,cosmetics,1463.92,0,13
2024-01-02,P012,household,538.39,0,33
2024-01-03,P001,food,1300.03,0,19
2024-01-03,P002,cosmetics,502.77,0,11
2024-01-03,P003,food,619.1,1,57
2024-01-03,P004,cosmetics,980.04,0,19
2024-01-03,P005,food,1071.91,0,17
2024-01-03,P006,food,1307.04,0,8
2024-01-03,P007,household,1041.76,0,18
2024-01-03,P008,household,1161.52,0,30
2024-01-03,P009,household,628.47,0,14
2024-01-03,P010,household,494.31,0,37
2024-01-03,P011,cosmetics,1484.39,0,19
2024-01-03,P012,household,537.5,0,19
2024-01-04,P001,food,1296.46,0,23
2024-01-04,P002,cosmetics,517.86,0,14
2024-01-04,P003,food,607.11,1,52
2024-01-04,P004,cosmetics,984.97,0,21
2024-01-04,P005,food,1098.73,0,26
2024-01-04,P006,food,1306.46,0,9
2024-01-04,P007,household,1022.27,0,20
2024-01-04,P008,household,1167.76,0,36
2024-01-04,P009,household,646.08,0,11
2024-01-04,P010,household,493.33,0,41
2024-01-04,P011,cosmetics,1488.43,0,17
2024-01-04,P012,household,543.48,0,34
2024-01-05,P001,food,1297.45,0,21
2024-01-05,P002,cosmetics,520.92,0,11
2024-01-05,P003,food,613.53,1,51
2024-01-05,P004,cosmetics,987.78,0,23
2024-01-05,P005,food,1099.78,0,30
2024-01-05,P006,food,1304.4,0,13
2024-01-05,P007,household,1028.64,0,27
2024-01-05,P008,household,1155.11,0,34
2024-01-05,P009,household,632.1,0,7
2024-01-05,P010,household,491.23,0,33
2024-01-05,P011,cosmetics,1490.6,0,12
2024-01-05,P012,household,539.41,0,23
2024-01-06,P001,food,1308.97,0,17
2024-01-06,P002,cosmetics,521.2,0,11
2024-01-06,P003,food,619.81,1,44
2024-01-06,P004,cosmetics,978.35,0,34
2024-01-06,P005,food,1088.23,0,28
2024-01-06,P006,food,1327.73,0,10
2024-01-06,P007,household,1026.17,0,27
2024-01-06,P008,household,1176.35,0,37
2024-01-06,P009,household,633.88,0,10
2024-01-06,P010,household,493.02,0,34
2024-01-06,P011,cosmetics,1444.83,0,15
2024-01-06,P012,household,535.85,0,23
2024-01-07,P001,food,1306.8,0,24
2024-01-07,P002,cosmetics,515.39,0,15
2024-01-07,P003,food,616.12,1,46
2024-01-07,P004,cosmetics,967.4,0,23
2024-01-07,P005,food,1094.7,0,23
2024-01-07,P006,food,1318.8,0,12
2024-01-07,P007,household,1048.31,0,29
2024-01-07,P008,household,1179.02,0,34
2024-01-07,P009,household,622.54,0,5
2024-01-07,P010,household,489.36,0,34
2024-01-07,P011,cosmetics,1476.06,0,14
2024-01-07,P012,household,539.5,0,22
2024-01-08,P001,food,1307.41,0,17
2024-01-08,P002,cosmetics,513.78,0,18
2024-01-08,P003,food,777.82,0,29
2024-01-08,P004,cosmetics,977.62,0,41
2024-01-08,P005,food,1098.46,0,22
2024-01-08,P006,food,1307.53,0,10
2024-01-08,P007,household,1053.99,0,13
2024-01-08,P008,household,1181.18,0,29
2024-01-08,P009,household,621.49,0,11
2024-01-08,P010,household,502.51,0,32
2024-01-08,P011,cosmetics,1472.93,0,17
2024-01-08,P012,household,532.33,0,35
2024-01-09,P001,food,1307.65,0,25
2024-01-09,P002,cosmetics,520.37,0,20
2024-01-09,P003,food,785.17,0,34
2024-01-09,P004,cosmetics,978.13,0,32
2024-01-09,P005,food,1081.46,0,26
2024-01-09,P006,food,1314.56,0,11
2024-01-09,P007,household,1014.35,0,18
2024-01-09,P008,household,1163.06,0,26
2024-01-09,P009,household,634.22,0,14
2024-01-09,P010,household,504.88,0,25
2024-01-09,P011,cosmetics,1468.21,0,16
2024-01-09,P012,household,541.79,0,22
2024-01-10,P001,food,1329.92,0,19
2024-01-10,P002,cosmetics,522.19,0,13
2024-01-10,P003,food,770.99,0,32
2024-01-10,P004,cosmetics,977.89,0,25
2024-01-10,P005,food,1082.63,0,28
2024-01-10,P006,food,1308.91,0,8
2024-01-10,P007,household,1053.06,0,17
2024-01-10,P008,household,1155.16,0,36
2024-01-10,P009,household,627.44,0,17
2024-01-10,P010,household,486.18,0,28
2024-01-10,P011,cosmetics,1469.94,0,15
2024-01-10,P012,household,535.55,0,20
2024-01-11,P001,food,1296.75,0,24
2024-01-11,P002,cosmetics,519.37,0,14
2024-01-11,P003,food,776.91,0,40
2024-01-11,P004,cosmetics,995.07,0,27
2024-01-11,P005,food,1092.4,0,27
2024-01-11,P006,food,1323.25,0,13
2024-01-11,P007,household,1037.73,0,20
2024-01-11,P008,household,1171.63,0,30
2024-01-11,P009,household,636.6,0,14
2024-01-11,P010,household,497.21,0,34
2024-01-11,P011,cosmetics,1487.85,0,21
2024-01-11,P012,household,535.86,0,19
2024-01-12,P001,food,1295.37,0,16
2024-01-12,P002,cosmetics,508.71,0,20
2024-01-12,P003,food,776.53,0,35
2024-01-12,P004,cosmetics,973.55,0,31
2024-01-12,P005,food,1100.19,0,29
2024-01-12,P006,food,1354.77,0,11
2024-01-12,P007,household,1047.34,0,21
2024-01-12,P008,household,1188.03,0,31
2024-01-12,P009,household,630.11,0,10
2024-01-12,P010,household,497.13,0,41
2024-01-12,P011,cosmetics,1484.22,0,22
2024-01-12,P012,household,541.99,0,19
2024-01-13,P001,food,1291.44,0,21
2024-01-13,P002,cosmetics,514.58,0,13
2024-01-13,P003,food,774.55,0,37
2024-01-13,P004,cosmetics,988.48,0,31
2024-01-13,P005,food,1077.62,0,31
2024-01-13,P006,food,1326.62,0,17
2024-01-13,P007,household,1042.09,0,21
2024-01-13,P008,household,1168.33,0,49
2024-01-13,P009,household,651.59,0,5
2024-01-13,P010,household,496.81,0,31
2024-01-13,P011,cosmetics,1482.14,0,11
2024-01-13,P012,household,537.03,0,23
2024-01-14,P001,food,1310.06,0,28
2024-01-14,P002,cosmetics,515.8,0,23
2024-01-14,P003,food,773.64,0,27
2024-01-14,P004,cosmetics,987.07,0,31
2024-01-14,P005,food,1088.18,0,22
2024-01-14,P006,food,1318.12,0,14
2024-01-14,P007,household,1051.77,0,28
2024-01-14,P008,household,1172.8,0,32
2024-01-14,P009,household,626.24,0,11
2024-01-14,P010,household,492.84,0,32
2024-01-14,P011,cosmetics,1472.01,0,19
2024-01-14,P012,household,537.33,0,29
2024-01-15,P001,food,1316.74,0,22
2024-01-15,P002,cosmetics,504.25,0,14
2024-01-15,P003,food,777.23,0,36
2024-01-15,P004,cosmetics,994.98,0,22
2024-01-15,P005,food,1087.67,0,32
2024-01-15,P006,food,1310.58,0,7
2024-01-15,P007,household,1039.01,0,14
2024-01-15,P008,household,1164.78,0,36
2024-01-15,P009,household,631.66,0,12
2024-01-15,P010,household,500.85,0,36
2024-01-15,P011,cosmetics,1502.32,0,21
2024-01-15,P012,household,545.52,0,23
2024-01-16,P001,food,1300.55,0,19
2024-01-16,P002,cosmetics,515.96,0,16
2024-01-16,P003,food,776.94,0,36
2024-01-16,P004,cosmetics,984.2,0,30
2024-01-16,P005,food,1094.89,0,23
2024-01-16,P006,food,1301.63,0,9
2024-01-16,P007,household,1022.7,0,24
2024-01-16,P008,household,1161.65,0,38
2024-01-16,P009,household,624.22,0,20
2024-01-16,P010,household,388.41,1,75
2024-01-16,P011,cosmetics,1463.08,0,16
2024-01-16,P012,household,533.97,0,32
2024-01-17,P001,food,1291.1,0,24
2024-01-17,P002,cosmetics,525.22,0,15
2024-01-17,P003,food,768.53,0,33
2024-01-17,P004,cosmetics,993.31,0,20
2024-01-17,P005,food,1090.24,0,21
2024-01-17,P006,food,1329.03,0,7
2024-01-17,P007,household,1035.74,0,26
2024-01-17,P008,household,1175.21,0,34
2024-01-17,P009,household,636.34,0,14
2024-01-17,P010,household,390.82,1,52
2024-01-17,P011,cosmetics,1445.23,0,23
2024-01-17,P012,household,541.91,0,24
2024-01-18,P001,food,1291.3,0,25
2024-01-18,P002,cosmetics,516.83,0,9
2024-01-18,P003,food,782.9,0,35
2024-01-18,P004,cosmetics,983.81,0,24
2024-01-18,P005,food,1084.38,0,21
2024-01-18,P006,food,1328.31,0,16
2024-01-18,P007,household,1042.18,0,21
2024-01-18,P008,household,1166.29,0,26
2024-01-18,P009,household,632.61,0,13
2024-01-18,P010,household,383.97,1,62
2024-01-18,P011,cosmetics,1465.07,0,12
2024-01-18,P012,household,544.34,0,19
2024-01-19,P001,food,1310.51,0,19
2024-01-19,P002,cosmetics,521.11,0,7
2024-01-19,P003,food,769.09,0,23
2024-01-19,P004,cosmetics,989.79,0,30
2024-01-19,P005,food,1103.95,0,23
2024-01-19,P006,food,1313.2,0,14
2024-01-19,P007,household,1034.6,0,30
2024-01-19,P008,household,1172.24,0,34
2024-01-19,P009,household,623.79,0,9
2024-01-19,P010,household,381.47,1,68
2024-01-19,P011,cosmetics,1469.81,0,18
2024-01-19,P012,household,545.51,0,23
2024-01-20,P001,food,1311.71,0,28
2024-01-20,P002,cosmetics,514.49,0,10
2024-01-20,P003,food,774.97,0,28
2024-01-20,P004,cosmetics,970.7,0,26
2024-01-20,P005,food,1084.46,0,19
2024-01-20,P006,food,1335.36,0,15
2024-01-20,P007,household,1043.66,0,30
2024-01-20,P008,household,1173.45,0,54
2024-01-20,P009,household,627.84,0,16
2024-01-20,P010,household,388.51,1,67
2024-01-20,P011,cosmetics,1488.11,0,15
2024-01-20,P012,household,550.96,0,25
2024-01-21,P001,food,1309.11,0,30
2024-01-21,P002,cosmetics,513.17,0,7
2024-01-21,P003,food,774.38,0,25
2024-01-21,P004,cosmetics,959.51,0,33
2024-01-21,P005,food,1087.15,0,20
2024-01-21,P006,food,1319.63,0,12
2024-01-21,P007,household,1036.15,0,24
2024-01-21,P008,household,1171.58,0,50
2024-01-21,P009,household,638.47,0,12
2024-01-21,P010,household,383.1,1,74
2024-01-21,P011,cosmetics,1161.0,1,27
2024-01-21,P012,household,535.76,0,17
2024-01-22,P001,food,1293.37,0,24
2024-01-22,P002,cosmetics,515.51,0,9
2024-01-22,P003,food,779.45,0,30
2024-01-22,P004,cosmetics,989.23,0,28
2024-01-22,P005,food,1072.98,0,23
2024-01-22,P006,food,1329.57,0,9
2024-01-22,P007,household,1030.66,0,31
2024-01-22,P008,household,1174.04,0,28
2024-01-22,P009,household,637.72,0,10
2024-01-22,P010,household,390.9,1,58
2024-01-22,P011,cosmetics,1172.69,1,20
2024-01-22,P012,household,534.54,0,18
2024-01-23,P001,food,1305.06,0,23
2024-01-23,P002,cosmetics,509.36,0,16
2024-01-23,P003,food,760.21,0,29
2024-01-23,P004,cosmetics,989.76,0,34
2024-01-23,P005,food,1082.55,0,28
2024-01-23,P006,food,1323.26,0,9
2024-01-23,P007,household,1025.58,0,22
2024-01-23,P008,household,1157.57,0,29
2024-01-23,P009,household,620.94,0,14
2024-01-23,P010,household,485.23,0,48
2024-01-23,P011,cosmetics,1149.72,1,18
2024-01-23,P012,household,543.63,0,21
2024-01-24,P001,food,1303.56,0,27
2024-01-24,P002,cosmetics,508.6,0,11
2024-01-24,P003,food,783.59,0,29
2024-01-24,P004,cosmetics,990.2,0,32
2024-01-24,P005,food,1095.96,0,16
2024-01-24,P006,food,1317.01,0,18
2024-01-24,P007,household,1032.77,0,24
2024-01-24,P008,household,1156.85,0,34
2024-01-24,P009,household,626.91,0,5
2024-01-24,P010,household,493.45,0,37
2024-01-24,P011,cosmetics,1484.85,0,19
2024-01-24,P012,household,544.29,0,24
2024-01-25,P001,food,1304.88,0,21
2024-01-25,P002,cosmetics,520.05,0,11
2024-01-25,P003,food,771.41,0,39
2024-01-25,P004,cosmetics,980.34,0,25
2024-01-25,P005,food,1093.83,0,25
2024-01-25,P006,food,1306.75,0,11
2024-01-25,P007,household,1038.96,0,33
2024-01-25,P008,household,1167.03,0,28
2024-01-25,P009,household,641.3,0,12
2024-01-25,P010,household,492.72,0,38
2024-01-25,P011,cosmetics,1469.97,0,15
2024-01-25,P012,household,534.96,0,17
2024-01-26,P001,food,1313.38,0,29
2024-01-26,P002,cosmetics,520.59,0,12
2024-01-26,P003,food,786.14,0,20
2024-01-26,P004,cosmetics,1000.19,0,33
2024-01-26,P005,food,1096.87,0,21
2024-01-26,P006,food,1317.43,0,15
2024-01-26,P007,household,1016.52,0,20
2024-01-26,P008,household,1167.31,0,26
2024-01-26,P009,household,628.79,0,15
2024-01-26,P010,household,494.13,0,46
2024-01-26,P011,cosmetics,1464.84,0,26
2024-01-26,P012,household,541.84,0,18
2024-01-27,P001,food,1304.95,0,30
2024-01-27,P002,cosmetics,508.46,0,20
2024-01-27,P003,food,772.96,0,26
2024-01-27,P004,cosmetics,980.98,0,37
2024-01-27,P005,food,1096.34,0,20
2024-01-27,P006,food,1330.46,0,12
2024-01-27,P007,household,883.58,1,43
2024-01-27,P008,household,1161.43,0,37
2024-01-27,P009,household,631.0,0,20
2024-01-27,P010,household,497.07,0,35
2024-01-27,P011,cosmetics,1500.28,0,18
2024-01-27,P012,household,553.91,0,26
2024-01-28,P001,food,1310.88,0,41
2024-01-28,P002,cosmetics,518.52,0,12
2024-01-28,P003,food,776.29,0,29
2024-01-28,P004,cosmetics,989.66,0,33
2024-01-28,P005,food,1113.1,0,21
2024-01-28,P006,food,1312.65,0,15
2024-01-28,P007,household,872.75,1,46
2024-01-28,P008,household,1170.34,0,41
2024-01-28,P009,household,636.3,0,16
2024-01-28,P010,household,497.74,0,49
2024-01-28,P011,cosmetics,1484.68,0,16
2024-01-28,P012,household,539.79,0,15
2024-01-29,P001,food,1302.92,0,31
2024-01-29,P002,cosmetics,513.1,0,13
2024-01-29,P003,food,791.53,0,36
2024-01-29,P004,cosmetics,991.37,0,21
2024-01-29,P005,food,1082.18,0,23
2024-01-29,P006,food,1024.91,1,16
2024-01-29,P007,household,885.03,1,30
2024-01-29,P008,household,1178.13,0,39
2024-01-29,P009,household,621.46,0,10
2024-01-29,P010,household,498.95,0,32
2024-01-29,P011,cosmetics,1453.69,0,24
2024-01-29,P012,household,544.2,0,27
2024-01-30,P001,food,1305.8,0,22
2024-01-30,P002,cosmetics,515.29,0,10
2024-01-30,P003,food,774.52,0,34
2024-01-30,P004,cosmetics,1002.45,0,31
2024-01-30,P005,food,1072.68,0,18
2024-01-30,P006,food,1009.37,1,18
2024-01-30,P007,household,901.19,1,31
2024-01-30,P008,household,1181.39,0,39
2024-01-30,P009,household,623.93,0,15
2024-01-30,P010,household,499.52,0,36
2024-01-30,P011,cosmetics,1467.36,0,18
2024-01-30,P012,household,547.72,0,20
2024-01-31,P001,food,1310.26,0,29
2024-01-31,P002,cosmetics,515.91,0,13
2024-01-31,P003,food,786.29,0,30
2024-01-31,P004,cosmetics,982.39,0,25
2024-01-31,P005,food,1078.88,0,22
2024-01-31,P006,food,1028.38,1,18
2024-01-31,P007,household,1024.54,0,21
2024-01-31,P008,household,1184.01,0,30
2024-01-31,P009,household,627.8,0,13
2024-01-31,P010,household,494.93,0,42
2024-01-31,P011,cosmetics,1509.16,0,13
2024-01-31,P012,household,552.72,0,24
2024-02-01,P001,food,1283.06,0,24
2024-02-01,P002,cosmetics,518.65,0,8
2024-02-01,P003,food,776.97,0,31
2024-02-01,P004,cosmetics,979.07,0,38
2024-02-01,P005,food,1082.66,0,25
2024-02-01,P006,food,1023.61,1,20
2024-02-01,P007,household,1044.13,0,24
2024-02-01,P008,household,1152.17,0,33
2024-02-01,P009,household,637.42,0,11
2024-02-01,P010,household,506.23,0,36
2024-02-01,P011,cosmetics,1498.03,0,17
2024-02-01,P012,household,540.55,0,21
2024-02-02,P001,food,1297.87,0,24
2024-02-02,P002,cosmetics,513.97,0,11
2024-02-02,P003,food,779.9,0,31
2024-02-02,P004,cosmetics,970.75,0,26
2024-02-02,P005,food,1079.71,0,29
2024-02-02,P006,food,1008.15,1,14
2024-02-02,P007,household,1066.37,0,33
2024-02-02,P008,household,1153.95,0,31
2024-02-02,P009,household,636.26,0,13
2024-02-02,P010,household,502.65,0,36
2024-02-02,P011,cosmetics,1482.52,0,22
2024-02-02,P012,household,545.98,0,21
2024-02-03,P001,food,1295.91,0,33
2024-02-03,P002,cosmetics,520.79,0,13
2024-02-03,P003,food,777.21,0,31
2024-02-03,P004,cosmetics,1000.81,0,25
2024-02-03,P005,food,1091.36,0,26
2024-02-03,P006,food,1018.13,1,19
2024-02-03,P007,household,1051.91,0,30
2024-02-03,P008,household,1164.14,0,36
2024-02-03,P009,household,634.37,0,12
2024-02-03,P010,household,494.23,0,41
2024-02-03,P011,cosmetics,1441.83,0,21
2024-02-03,P012,household,534.97,0,19
2024-02-04,P001,food,1293.72,0,23
2024-02-04,P002,cosmetics,515.14,0,19
2024-02-04,P003,food,783.25,0,40
2024-02-04,P004,cosmetics,989.66,0,23
2024-02-04,P005,food,1103.99,0,26
2024-02-04,P006,food,1029.92,1,22
2024-02-04,P007,household,1038.22,0,33
2024-02-04,P008,household,1168.46,0,37
2024-02-04,P009,household,628.97,0,14
2024-02-04,P010,household,495.1,0,34
2024-02-04,P011,cosmetics,1488.54,0,15
2024-02-04,P012,household,539.36,0,22
2024-02-05,P001,food,1298.45,0,21
2024-02-05,P002,cosmetics,516.75,0,13
2024-02-05,P003,food,771.34,0,32
2024-02-05,P004,cosmetics,989.98,0,23
2024-02-05,P005,food,1107.12,0,26
2024-02-05,P006,food,1007.57,1,15
2024-02-05,P007,household,1045.74,0,19
2024-02-05,P008,household,1164.74,0,45
2024-02-05,P009,household,636.95,0,12
2024-02-05,P010,household,494.12,0,47
2024-02-05,P011,cosmetics,1459.64,0,24
2024-02-05,P012,household,536.81,0,23
2024-02-06,P001,food,1321.5,0,29
2024-02-06,P002,cosmetics,509.27,0,18
2024-02-06,P003,food,769.03,0,40
2024-02-06,P004,cosmetics,1016.23,0,23
2024-02-06,P005,food,1095.83,0,26
2024-02-06,P006,food,1305.22,0,7
2024-02-06,P007,household,1022.63,0,27
2024-02-06,P008,household,1161.07,0,20
2024-02-06,P009,household,628.88,0,16
2024-02-06,P010,household,497.58,0,44
2024-02-06,P011,cosmetics,1488.41,0,22
2024-02-06,P012,household,529.06,0,25
2024-02-07,P001,food,1290.76,0,21
2024-02-07,P002,cosmetics,433.39,1,25
2024-02-07,P003,food,771.71,0,26
2024-02-07,P004,cosmetics,816.09,1,43
2024-02-07,P005,food,1113.68,0,20
2024-02-07,P006,food,1318.43,0,9
2024-02-07,P007,household,1020.52,0,27
2024-02-07,P008,household,1163.97,0,25
2024-02-07,P009,household,633.48,0,16
2024-02-07,P010,household,490.96,0,33
2024-02-07,P011,cosmetics,1458.35,0,22
2024-02-07,P012,household,467.29,1,35
2024-02-08,P001,food,1314.64,0,24
2024-02-08,P002,cosmetics,426.22,1,26
2024-02-08,P003,food,777.44,0,27
2024-02-08,P004,cosmetics,802.85,1,35
2024-02-08,P005,food,1086.45,0,23
2024-02-08,P006,food,1347.5,0,16
2024-02-08,P007,household,890.78,1,40
2024-02-08,P008,household,1173.17,0,39
2024-02-08,P009,household,635.58,0,17
2024-02-08,P010,household,491.86,0,33
2024-02-08,P011,cosmetics,1476.15,0,17
2024-02-08,P012,household,476.94,1,33
2024-02-09,P001,food,1280.13,0,23
2024-02-09,P002,cosmetics,427.25,1,18
2024-02-09,P003,food,774.95,0,34
2024-02-09,P004,cosmetics,811.85,1,23
2024-02-09,P005,food,1072.54,0,31
2024-02-09,P006,food,1310.48,0,12
2024-02-09,P007,household,894.08,1,32
2024-02-09,P008,household,1152.0,0,42
2024-02-09,P009,household,640.52,0,16
2024-02-09,P010,household,485.03,0,46
2024-02-09,P011,cosmetics,1459.56,0,19
2024-02-09,P012,household,477.04,1,30
2024-02-10,P001,food,1297.68,0,26
2024-02-10,P002,cosmetics,417.41,1,33
2024-02-10,P003,food,782.19,0,38
2024-02-10,P004,cosmetics,805.52,1,64
2024-02-10,P005,food,1101.82,0,26
2024-02-10,P006,food,1325.88,0,18
2024-02-10,P007,household,900.28,1,46
2024-02-10,P008,household,1194.88,0,37
2024-02-10,P009,household,629.49,0,11
2024-02-10,P010,household,493.8,0,41
2024-02-10,P011,cosmetics,1463.63,0,15
2024-02-10,P012,household,469.96,1,37
2024-02-11,P001,food,1304.16,0,21
2024-02-11,P002,cosmetics,420.74,1,24
2024-02-11,P003,food,786.8,0,38
2024-02-11,P004,cosmetics,810.23,1,44
2024-02-11,P005,food,1070.29,0,23
2024-02-11,P006,food,1322.78,0,15
2024-02-11,P007,household,885.46,1,45
2024-02-11,P008,household,1167.77,0,39
2024-02-11,P009,household,627.56,0,13
2024-02-11,P010,household,501.05,0,43
2024-02-11,P011,cosmetics,1478.11,0,13
2024-02-11,P012,household,482.3,1,32
2024-02-12,P001,food,1309.67,0,26
2024-02-12,P002,cosmetics,519.9,0,11
2024-02-12,P003,food,769.09,0,38
2024-02-12,P004,cosmetics,810.17,1,53
2024-02-12,P005,food,1082.1,0,17
2024-02-12,P006,food,1311.57,0,13
2024-02-12,P007,household,892.25,1,33
2024-02-12,P008,household,1179.79,0,20
2024-02-12,P009,household,637.99,0,3
2024-02-12,P010,household,495.02,0,37
2024-02-12,P011,cosmetics,1449.59,0,21
2024-02-12,P012,household,533.24,0,18
2024-02-13,P001,food,1311.3,0,34
2024-02-13,P002,cosmetics,515.02,0,11
2024-02-13,P003,food,770.97,0,36
2024-02-13,P004,cosmetics,979.73,0,21
2024-02-13,P005,food,1096.01,0,27
2024-02-13,P006,food,1321.48,0,15
2024-02-13,P007,household,891.95,1,30
2024-02-13,P008,household,1160.75,0,30
2024-02-13,P009,household,638.47,0,17
2024-02-13,P010,household,495.3,0,28
2024-02-13,P011,cosmetics,1503.82,0,33
2024-02-13,P012,household,540.61,0,24
2024-02-14,P001,food,1312.37,0,16
2024-02-14,P002,cosmetics,503.72,0,12
2024-02-14,P003,food,765.51,0,22
2024-02-14,P004,cosmetics,971.78,0,25
2024-02-14,P005,food,1089.22,0,20
2024-02-14,P006,food,1313.44,0,7
2024-02-14,P007,household,889.36,1,32
2024-02-14,P008,household,1174.23,0,33
2024-02-14,P009,household,626.42,0,7
2024-02-14,P010,household,497.16,0,34
2024-02-14,P011,cosmetics,1453.88,0,14
2024-02-14,P012,household,536.98,0,31
2024-02-15,P001,food,1020.2,1,52
2024-02-15,P002,cosmetics,518.88,0,13
2024-02-15,P003,food,626.01,1,63
2024-02-15,P004,cosmetics,1001.21,0,25
2024-02-15,P005,food,1088.25,0,25
2024-02-15,P006,food,1314.63,0,17
2024-02-15,P007,household,889.88,1,45
2024-02-15,P008,household,1168.69,0,33
2024-02-15,P009,household,622.89,0,15
2024-02-15,P010,household,490.81,0,44
2024-02-15,P011,cosmetics,1453.06,0,20
2024-02-15,P012,household,539.8,0,23
2024-02-16,P001,food,1019.04,1,36
2024-02-16,P002,cosmetics,510.75,0,14
2024-02-16,P003,food,615.42,1,68
2024-02-16,P004,cosmetics,988.46,0,27
2024-02-16,P005,food,1077.46,0,24
2024-02-16,P006,food,1297.43,0,13
2024-02-16,P007,household,1027.97,0,26
2024-02-16,P008,household,1177.53,0,23
2024-02-16,P009,household,637.51,0,10
2024-02-16,P010,household,495.9,0,30
2024-02-16,P011,cosmetics,1478.15,0,19
2024-02-16,P012,household,544.07,0,25
2024-02-17,P001,food,1032.56,1,51
2024-02-17,P002,cosmetics,520.79,0,16
2024-02-17,P003,food,616.49,1,62
2024-02-17,P004,cosmetics,983.29,0,34
2024-02-17,P005,food,1090.22,0,24
2024-02-17,P006,food,1319.03,0,18
2024-02-17,P007,household,1039.74,0,37
2024-02-17,P008,household,1165.21,0,52
2024-02-17,P009,household,619.51,0,13
2024-02-17,P010,household,500.19,0,42
2024-02-17,P011,cosmetics,1487.94,0,20
2024-02-17,P012,household,543.31,0,23
2024-02-18,P001,food,1021.82,1,46
2024-02-18,P002,cosmetics,513.1,0,19
2024-02-18,P003,food,605.33,1,44
2024-02-18,P004,cosmetics,992.98,0,35
2024-02-18,P005,food,1101.28,0,23
2024-02-18,P006,food,1331.21,0,12
2024-02-18,P007,household,1038.86,0,26
2024-02-18,P008,household,1185.64,0,31
2024-02-18,P009,household,619.19,0,16
2024-02-18,P010,household,497.3,0,26
2024-02-18,P011,cosmetics,1464.21,0,24
2024-02-18,P012,household,543.04,0,24
2024-02-19,P001,food,1010.71,1,43
2024-02-19,P002,cosmetics,514.6,0,15
2024-02-19,P003,food,613.54,1,49
2024-02-19,P004,cosmetics,990.15,0,18
2024-02-19,P005,food,1090.55,0,26
2024-02-19,P006,food,1320.11,0,8
2024-02-19,P007,household,1032.27,0,26
2024-02-19,P008,household,1150.1,0,38
2024-02-19,P009,household,628.15,0,12
2024-02-19,P010,household,500.63,0,34
2024-02-19,P011,cosmetics,1453.23,0,18
2024-02-19,P012,household,477.66,1,30
2024-02-20,P001,food,1012.17,1,46
2024-02-20,P002,cosmetics,519.6,0,12
2024-02-20,P003,food,780.62,0,33
2024-02-20,P004,cosmetics,988.23,0,28
2024-02-20,P005,food,1081.28,0,24
2024-02-20,P006,food,1333.74,0,12
2024-02-20,P007,household,1043.74,0,23
2024-02-20,P008,household,1178.61,0,34
2024-02-20,P009,household,629.86,0,12
2024-02-20,P010,household,502.04,0,27
2024-02-20,P011,cosmetics,1455.42,0,26
2024-02-20,P012,household,468.86,1,26
2024-02-21,P001,food,1014.36,1,34
2024-02-21,P002,cosmetics,508.94,0,13
2024-02-21,P003,food,774.71,0,30
2024-02-21,P004,cosmetics,992.26,0,31
2024-02-21,P005,food,1076.73,0,27
2024-02-21,P006,food,1327.01,0,5
2024-02-21,P007,household,1047.49,0,19
2024-02-21,P008,household,1168.91,0,32
2024-02-21,P009,household,622.54,0,15
2024-02-21,P010,household,499.06,0,47
2024-02-21,P011,cosmetics,1453.84,0,19
2024-02-21,P012,household,480.29,1,24
2024-02-22,P001,food,1028.86,1,38
2024-02-22,P002,cosmetics,508.45,0,15
2024-02-22,P003,food,785.02,0,32
2024-02-22,P004,cosmetics,986.83,0,20
2024-02-22,P005,food,1081.51,0,23
2024-02-22,P006,food,1318.56,0,14
2024-02-22,P007,household,1043.86,0,24
2024-02-22,P008,household,1155.64,0,33
2024-02-22,P009,household,630.61,0,10
2024-02-22,P010,household,492.24,0,42
2024-02-22,P011,cosmetics,1473.49,0,15
2024-02-22,P012,household,469.87,1,23
2024-02-23,P001,food,1025.23,1,58
2024-02-23,P002,cosmetics,512.54,0,16
2024-02-23,P003,food,794.62,0,31
2024-02-23,P004,cosmetics,992.12,0,22
2024-02-23,P005,food,1094.61,0,21
2024-02-23,P006,food,1311.07,0,7
2024-02-23,P007,household,1026.03,0,20
2024-02-23,P008,household,1190.32,0,30
2024-02-23,P009,household,630.89,0,11
2024-02-23,P010,household,494.07,0,43
2024-02-23,P011,cosmetics,1467.94,0,23
2024-02-23,P012,household,538.65,0,27
2024-02-24,P001,food,1311.03,0,21
2024-02-24,P002,cosmetics,517.8,0,16
2024-02-24,P003,food,769.31,0,23
2024-02-24,P004,cosmetics,992.93,0,30
2024-02-24,P005,food,1094.08,0,29
2024-02-24,P006,food,1312.93,0,12
2024-02-24,P007,household,1037.87,0,33
2024-02-24,P008,household,1189.11,0,40
2024-02-24,P009,household,626.19,0,16
2024-02-24,P010,household,505.35,0,36
2024-02-24,P011,cosmetics,1475.22,0,12
2024-02-24,P012,household,537.33,0,26
2024-02-25,P001,food,1296.47,0,30
2024-02-25,P002,cosmetics,506.71,0,18
2024-02-25,P003,food,768.73,0,32
2024-02-25,P004,cosmetics,987.12,0,36
2024-02-25,P005,food,1081.61,0,21
2024-02-25,P006,food,1299.95,0,22
2024-02-25,P007,household,1027.39,0,46
2024-02-25,P008,household,1143.31,0,48
2024-02-25,P009,household,642.01,0,16
2024-02-25,P010,household,497.33,0,29
2024-02-25,P011,cosmetics,1474.33,0,25
2024-02-25,P012,household,541.11,0,19
2024-02-26,P001,food,1304.1,0,29
2024-02-26,P002,cosmetics,504.98,0,13
2024-02-26,P003,food,769.85,0,35
2024-02-26,P004,cosmetics,983.34,0,23
2024-02-26,P005,food,1066.23,0,36
2024-02-26,P006,food,1315.83,0,12
2024-02-26,P007,household,1037.84,0,37
2024-02-26,P008,household,1169.59,0,33
2024-02-26,P009,household,631.92,0,11
2024-02-26,P010,household,496.67,0,38
2024-02-26,P011,cosmetics,1481.08,0,20
2024-02-26,P012,household,536.61,0,21
2024-02-27,P001,food,1310.18,0,24
2024-02-27,P002,cosmetics,517.78,0,15
2024-02-27,P003,food,789.14,0,29
2024-02-27,P004,cosmetics,1000.59,0,24
2024-02-27,P005,food,1094.92,0,35
2024-02-27,P006,food,1321.28,0,12
2024-02-27,P007,household,1027.43,0,28
2024-02-27,P008,household,1175.76,0,36
2024-02-27,P009,household,636.31,0,9
2024-02-27,P010,household,491.51,0,34
2024-02-27,P011,cosmetics,1462.94,0,16
2024-02-27,P012,household,538.37,0,26
2024-02-28,P001,food,1298.01,0,20
2024-02-28,P002,cosmetics,510.45,0,15
2024-02-28,P003,food,784.76,0,19
2024-02-28,P004,cosmetics,980.8,0,21
2024-02-28,P005,food,1080.55,0,21
2024-02-28,P006,food,1341.98,0,17
2024-02-28,P007,household,1050.08,0,16
2024-02-28,P008,household,1172.68,0,32
2024-02-28,P009,household,620.05,0,12
2024-02-28,P010,household,495.32,0,34
2024-02-28,P011,cosmetics,1458.12,0,19
2024-02-28,P012,household,547.95,0,17
2024-02-29,P001,food,1307.98,0,30
2024-02-29,P002,cosmetics,511.53,0,8
2024-02-29,P003,food,775.62,0,36
2024-02-29,P004,cosmetics,989.37,0,18
2024-02-29,P005,food,1097.85,0,23
2024-02-29,P006,food,1326.32,0,14
2024-02-29,P007,household,1044.96,0,22
2024-02-29,P008,household,1185.22,0,32
2024-02-29,P009,household,620.0,0,7
2024-02-29,P010,household,499.33,0,31
2024-02-29,P011,cosmetics,1471.26,0,15
2024-02-29,P012,household,532.24,0,21
2024-03-01,P001,food,1293.42,0,28
2024-03-01,P002,cosmetics,504.01,0,15
2024-03-01,P003,food,776.95,0,43
2024-03-01,P004,cosmetics,989.59,0,22
2024-03-01,P005,food,1082.09,0,30
2024-03-01,P006,food,1307.94,0,12
2024-03-01,P007,household,1048.79,0,28
2024-03-01,P008,household,1182.79,0,30
2024-03-01,P009,household,632.11,0,18
2024-03-01,P010,household,495.85,0,43
2024-03-01,P011,cosmetics,1468.16,0,19
2024-03-01,P012,household,539.21,0,22
2024-03-02,P001,food,1297.31,0,27
2024-03-02,P002,cosmetics,510.06,0,21
2024-03-02,P003,food,770.33,0,31
2024-03-02,P004,cosmetics,979.5,0,29
2024-03-02,P005,food,1079.56,0,14
2024-03-02,P006,food,1300.36,0,10
2024-03-02,P007,household,1047.74,0,28
2024-03-02,P008,household,1170.62,0,33
2024-03-02,P009,household,640.88,0,13
2024-03-02,P010,household,493.2,0,39
2024-03-02,P011,cosmetics,1472.68,0,22
2024-03-02,P012,household,533.21,0,23
2024-03-03,P001,food,1297.07,0,33
2024-03-03,P002,cosmetics,513.51,0,14
2024-03-03,P003,food,783.58,0,30
2024-03-03,P004,cosmetics,977.55,0,30
2024-03-03,P005,food,1092.01,0,28
2024-03-03,P006,food,1316.62,0,14
2024-03-03,P007,household,1034.03,0,36
2024-03-03,P008,household,1194.11,0,40
2024-03-03,P009,household,622.86,0,13
2024-03-03,P010,household,494.35,0,42
2024-03-03,P011,cosmetics,1458.51,0,27
2024-03-03,P012,household,542.86,0,20
2024-03-04,P001,food,1286.47,0,17
2024-03-04,P002,cosmetics,518.33,0,11
2024-03-04,P003,food,773.72,0,43
2024-03-04,P004,cosmetics,982.02,0,26
2024-03-04,P005,food,1116.04,0,20
2024-03-04,P006,food,1330.06,0,11
2024-03-04,P007,household,1032.42,0,26
2024-03-04,P008,household,1178.46,0,23
2024-03-04,P009,household,630.11,0,12
2024-03-04,P010,household,501.68,0,36
2024-03-04,P011,cosmetics,1478.4,0,26
2024-03-04,P012,household,535.3,0,27
2024-03-05,P001,food,1308.38,0,30
2024-03-05,P002,cosmetics,509.59,0,12
2024-03-05,P003,food,774.65,0,30
2024-03-05,P004,cosmetics,980.66,0,24
2024-03-05,P005,food,1098.5,0,31
2024-03-05,P006,food,1316.44,0,7
2024-03-05,P007,household,1054.89,0,23
2024-03-05,P008,household,1163.42,0,32
2024-03-05,P009,household,621.44,0,17
2024-03-05,P010,household,499.09,0,33
2024-03-05,P011,cosmetics,1451.66,0,22
2024-03-05,P012,household,539.43,0,21
2024-03-06,P001,food,1295.93,0,23
2024-03-06,P002,cosmetics,522.06,0,8
2024-03-06,P003,food,781.4,0,22
2024-03-06,P004,cosmetics,971.14,0,29
2024-03-06,P005,food,1091.82,0,34
2024-03-06,P006,food,1326.5,0,9
2024-03-06,P007,household,1035.12,0,23
2024-03-06,P008,household,1161.08,0,36
2024-03-06,P009,household,624.69,0,19
2024-03-06,P010,household,498.42,0,40
2024-03-06,P011,cosmetics,1462.5,0,21
2024-03-06,P012,household,532.08,0,20
2024-03-07,P001,food,1302.2,0,20
2024-03-07,P002,cosmetics,510.03,0,16
2024-03-07,P003,food,775.21,0,29
2024-03-07,P004,cosmetics,979.09,0,26
2024-03-07,P005,food,1094.25,0,23
2024-03-07,P006,food,1316.96,0,11
2024-03-07,P007,household,1022.79,0,26
2024-03-07,P008,household,1182.04,0,32
2024-03-07,P009,household,630.43,0,15
2024-03-07,P010,household,497.96,0,30
2024-03-07,P011,cosmetics,1485.55,0,24
2024-03-07,P012,household,546.19,0,19
2024-03-08,P001,food,1308.3,0,21
2024-03-08,P002,cosmetics,510.04,0,13
2024-03-08,P003,food,774.84,0,35
2024-03-08,P004,cosmetics,988.14,0,23
2024-03-08,P005,food,1071.24,0,31
2024-03-08,P006,food,1328.81,0,10
2024-03-08,P007,household,1047.28,0,22
2024-03-08,P008,household,1158.27,0,47
2024-03-08,P009,household,626.11,0,10
2024-03-08,P010,household,489.91,0,38
2024-03-08,P011,cosmetics,1452.35,0,17
2024-03-08,P012,household,539.61,0,23
2024-03-09,P001,food,1307.85,0,25
2024-03-09,P002,cosmetics,521.44,0,13
2024-03-09,P003,food,776.75,0,30
2024-03-09,P004,cosmetics,997.99,0,18
2024-03-09,P005,food,1078.1,0,35
2024-03-09,P006,food,1298.28,0,9
2024-03-09,P007,household,1038.33,0,27
2024-03-09,P008,household,1162.74,0,48
2024-03-09,P009,household,621.0,0,11
2024-03-09,P010,household,497.13,0,47
2024-03-09,P011,cosmetics,1484.39,0,27
2024-03-09,P012,household,539.96,0,31
2024-03-10,P001,food,1310.7,0,23
2024-03-10,P002,cosmetics,514.63,0,16
2024-03-10,P003,food,782.85,0,40
2024-03-10,P004,cosmetics,990.98,0,29
2024-03-10,P005,food,1062.96,0,27
2024-03-10,P006,food,1340.51,0,10
2024-03-10,P007,household,1052.45,0,31
2024-03-10,P008,household,1164.73,0,49
2024-03-10,P009,household,620.86,0,22
2024-03-10,P010,household,501.07,0,46
2024-03-10,P011,cosmetics,1448.27,0,16
2024-03-10,P012,household,543.69,0,21
2024-03-11,P001,food,1300.75,0,31
2024-03-11,P002,cosmetics,510.71,0,9
2024-03-11,P003,food,789.46,0,25
2024-03-11,P004,cosmetics,959.89,0,28
2024-03-11,P005,food,1109.2,0,35
2024-03-11,P006,food,1304.67,0,7
2024-03-11,P007,household,1039.35,0,27
2024-03-11,P008,household,1171.68,0,25
2024-03-11,P009,household,617.35,0,8
2024-03-11,P010,household,494.48,0,28
2024-03-11,P011,cosmetics,1445.68,0,26
2024-03-11,P012,household,532.47,0,21
2024-03-12,P001,food,1296.53,0,24
2024-03-12,P002,cosmetics,512.75,0,12
2024-03-12,P003,food,781.22,0,41
2024-03-12,P004,cosmetics,991.83,0,18
2024-03-12,P005,food,1106.99,0,32
2024-03-12,P006,food,1329.82,0,8
2024-03-12,P007,household,1036.63,0,30
2024-03-12,P008,household,1165.27,0,35
2024-03-12,P009,household,632.21,0,12
2024-03-12,P010,household,500.62,0,38
2024-03-12,P011,cosmetics,1447.02,0,19
2024-03-12,P012,household,535.91,0,21
2024-03-13,P001,food,1301.0,0,25
2024-03-13,P002,cosmetics,520.5,0,12
2024-03-13,P003,food,782.91,0,30
2024-03-13,P004,cosmetics,980.01,0,27
2024-03-13,P005,food,1094.62,0,31
2024-03-13,P006,food,1315.76,0,15
2024-03-13,P007,household,1052.66,0,30
2024-03-13,P008,household,1152.15,0,24
2024-03-13,P009,household,632.97,0,13
2024-03-13,P010,household,498.48,0,36
2024-03-13,P011,cosmetics,1470.68,0,14
2024-03-13,P012,household,540.14,0,18
2024-03-14,P001,food,1280.07,0,24
2024-03-14,P002,cosmetics,430.45,1,21
2024-03-14,P003,food,775.12,0,40
2024-03-14,P004,cosmetics,989.98,0,14
2024-03-14,P005,food,1091.81,0,41
2024-03-14,P006,food,1317.82,0,6
2024-03-14,P007,household,1020.88,0,26
2024-03-14,P008,household,1181.09,0,33
2024-03-14,P009,household,632.94,0,10
2024-03-14,P010,household,499.88,0,48
2024-03-14,P011,cosmetics,1479.68,0,20
2024-03-14,P012,household,529.72,0,18
2024-03-15,P001,food,1283.2,0,24
2024-03-15,P002,cosmetics,420.76,1,26
2024-03-15,P003,food,771.17,0,27
2024-03-15,P004,cosmetics,985.37,0,26
2024-03-15,P005,food,1073.42,0,29
2024-03-15,P006,food,1316.17,0,18
2024-03-15,P007,household,1030.77,0,33
2024-03-15,P008,household,1162.8,0,33
2024-03-15,P009,household,623.49,0,9
2024-03-15,P010,household,496.03,0,42
2024-03-15,P011,cosmetics,1487.95,0,21
2024-03-15,P012,household,530.3,0,28
2024-03-16,P001,food,1284.82,0,23
2024-03-16,P002,cosmetics,424.05,1,36
2024-03-16,P003,food,781.75,0,31
2024-03-16,P004,cosmetics,983.61,0,33
2024-03-16,P005,food,1087.94,0,28
2024-03-16,P006,food,1322.72,0,10
2024-03-16,P007,household,1027.63,0,28
2024-03-16,P008,household,1191.11,0,29
2024-03-16,P009,household,635.54,0,16
2024-03-16,P010,household,500.17,0,53
2024-03-16,P011,cosmetics,1486.78,0,19
2024-03-16,P012,household,534.79,0,19
2024-03-17,P001,food,1289.05,0,24
2024-03-17,P002,cosmetics,424.61,1,27
2024-03-17,P003,food,778.0,0,34
2024-03-17,P004,cosmetics,984.5,0,32
2024-03-17,P005,food,1109.88,0,33
2024-03-17,P006,food,1325.39,0,16
2024-03-17,P007,household,1014.08,0,27
2024-03-17,P008,household,1171.07,0,41
2024-03-17,P009,household,633.66,0,8
2024-03-17,P010,household,488.51,0,45
2024-03-17,P011,cosmetics,1481.64,0,18
2024-03-17,P012,household,533.07,0,16
2024-03-18,P001,food,1307.24,0,32
2024-03-18,P002,cosmetics,508.48,0,12
2024-03-18,P003,food,765.62,0,29
2024-03-18,P004,cosmetics,985.29,0,26
2024-03-18,P005,food,1091.77,0,27
2024-03-18,P006,food,1333.31,0,12
2024-03-18,P007,household,1045.89,0,28
2024-03-18,P008,household,1182.32,0,34
2024-03-18,P009,household,629.26,0,15
2024-03-18,P010,household,495.94,0,45
2024-03-18,P011,cosmetics,1456.75,0,25
2024-03-18,P012,household,537.37,0,20
2024-03-19,P001,food,1290.25,0,26
2024-03-19,P002,cosmetics,513.26,0,12
2024-03-19,P003,food,774.12,0,30
2024-03-19,P004,cosmetics,998.76,0,12
2024-03-19,P005,food,1084.18,0,29
2024-03-19,P006,food,1337.93,0,12
2024-03-19,P007,household,1031.06,0,21
2024-03-19,P008,household,1174.89,0,33
2024-03-19,P009,household,628.23,0,20
2024-03-19,P010,household,499.31,0,38
2024-03-19,P011,cosmetics,1157.15,1,39
2024-03-19,P012,household,542.04,0,22
2024-03-20,P001,food,1297.11,0,23
2024-03-20,P002,cosmetics,513.57,0,10
2024-03-20,P003,food,776.03,0,43
2024-03-20,P004,cosmetics,985.32,0,31
2024-03-20,P005,food,1071.17,0,27
2024-03-20,P006,food,1323.73,0,11
2024-03-20,P007,household,1046.22,0,23
2024-03-20,P008,household,1182.88,0,35
2024-03-20,P009,household,625.13,0,16
2024-03-20,P010,household,497.25,0,42
2024-03-20,P011,cosmetics,1176.15,1,39
2024-03-20,P012,household,543.27,0,30
2024-03-21,P001,food,1318.95,0,29
2024-03-21,P002,cosmetics,519.4,0,7
2024-03-21,P003,food,772.7,0,28
2024-03-21,P004,cosmetics,996.21,0,29
2024-03-21,P005,food,1105.39,0,21
2024-03-21,P006,food,1341.96,0,13
2024-03-21,P007,household,1040.87,0,37
2024-03-21,P008,household,1174.18,0,25
2024-03-21,P009,household,630.42,0,12
2024-03-21,P010,household,501.21,0,45
2024-03-21,P011,cosmetics,1183.55,1,38
2024-03-21,P012,household,548.98,0,15
2024-03-22,P001,food,1297.4,0,24
2024-03-22,P002,cosmetics,519.75,0,11
2024-03-22,P003,food,788.18,0,37
2024-03-22,P004,cosmetics,994.77,0,23
2024-03-22,P005,food,1089.57,0,30
2024-03-22,P006,food,1320.58,0,11
2024-03-22,P007,household,1043.13,0,32
2024-03-22,P008,household,1170.27,0,37
2024-03-22,P009,household,639.39,0,8
2024-03-22,P010,household,495.0,0,33
2024-03-22,P011,cosmetics,1154.93,1,28
2024-03-22,P012,household,539.1,0,12
2024-03-23,P001,food,1311.64,0,38
2024-03-23,P002,cosmetics,511.86,0,14
2024-03-23,P003,food,780.4,0,31
2024-03-23,P004,cosmetics,992.09,0,31
2024-03-23,P005,food,1071.18,0,29
2024-03-23,P006,food,1333.56,0,15
2024-03-23,P007,household,1032.11,0,26
2024-03-23,P008,household,1180.29,0,43
2024-03-23,P009,household,636.37,0,18
2024-03-23,P010,household,493.06,0,44
2024-03-23,P011,cosmetics,1182.06,1,30
2024-03-23,P012,household,540.05,0,27
2024-03-24,P001,food,1289.88,0,18
2024-03-24,P002,cosmetics,512.45,0,12
2024-03-24,P003,food,787.33,0,46
2024-03-24,P004,cosmetics,967.9,0,29
2024-03-24,P005,food,1080.26,0,22
2024-03-24,P006,food,1325.01,0,13
2024-03-24,P007,household,1028.91,0,34
2024-03-24,P008,household,1196.55,0,39
2024-03-24,P009,household,627.6,0,12
2024-03-24,P010,household,487.65,0,40
2024-03-24,P011,cosmetics,1144.55,1,32
2024-03-24,P012,household,539.09,0,23
2024-03-25,P001,food,1299.36,0,29
2024-03-25,P002,cosmetics,516.96,0,6
2024-03-25,P003,food,778.71,0,41
2024-03-25,P004,cosmetics,996.52,0,21
2024-03-25,P005,food,1076.41,0,21
2024-03-25,P006,food,1312.1,0,11
2024-03-25,P007,household,1037.77,0,28
2024-03-25,P008,household,1164.37,0,33
2024-03-25,P009,household,632.6,0,20
2024-03-25,P010,household,494.42,0,32
2024-03-25,P011,cosmetics,1474.69,0,22
2024-03-25,P012,household,540.95,0,15
2024-03-26,P001,food,1289.67,0,24
2024-03-26,P002,cosmetics,510.54,0,15
2024-03-26,P003,food,777.3,0,34
2024-03-26,P004,cosmetics,981.0,0,20
2024-03-26,P005,food,1088.9,0,22
2024-03-26,P006,food,1321.74,0,18
2024-03-26,P007,household,1046.37,0,25
2024-03-26,P008,household,1176.81,0,27
2024-03-26,P009,household,622.28,0,15
2024-03-26,P010,household,498.34,0,47
2024-03-26,P011,cosmetics,1467.44,0,26
2024-03-26,P012,household,541.37,0,14
2024-03-27,P001,food,1297.62,0,21
2024-03-27,P002,cosmetics,516.57,0,15
2024-03-27,P003,food,769.39,0,34
2024-03-27,P004,cosmetics,992.57,0,21
2024-03-27,P005,food,1092.6,0,24
2024-03-27,P006,food,1325.99,0,12
2024-03-27,P007,household,1036.31,0,30
2024-03-27,P008,household,1167.46,0,39
2024-03-27,P009,household,633.81,0,17
2024-03-27,P010,household,499.55,0,53
2024-03-27,P011,cosmetics,1465.97,0,20
2024-03-27,P012,household,544.19,0,13
2024-03-28,P001,food,1312.98,0,24
2024-03-28,P002,cosmetics,513.1,0,12
2024-03-28,P003,food,776.76,0,33
2024-03-28,P004,cosmetics,975.93,0,19
2024-03-28,P005,food,1084.85,0,24
2024-03-28,P006,food,1318.92,0,13
2024-03-28,P007,household,1029.56,0,27
2024-03-28,P008,household,1173.43,0,38
2024-03-28,P009,household,623.98,0,16
2024-03-28,P010,household,488.84,0,33
2024-03-28,P011,cosmetics,1469.43,0,17
2024-03-28,P012,household,544.17,0,24
2024-03-29,P001,food,1279.55,0,19
2024-03-29,P002,cosmetics,508.57,0,10
2024-03-29,P003,food,776.77,0,28
2024-03-29,P004,cosmetics,973.83,0,25
2024-03-29,P005,food,1098.81,0,32
2024-03-29,P006,food,1324.8,0,12
2024-03-29,P007,household,1024.4,0,25
2024-03-29,P008,household,1168.02,0,27
2024-03-29,P009,household,633.56,0,11
2024-03-29,P010,household,501.6,0,43
2024-03-29,P011,cosmetics,1456.43,0,18
2024-03-29,P012,household,542.02,0,24
2024-03-30,P001,food,1307.69,0,28
2024-03-30,P002,cosmetics,508.63,0,13
2024-03-30,P003,food,766.05,0,37
2024-03-30,P004,cosmetics,1004.99,0,21
2024-03-30,P005,food,1091.19,0,21
2024-03-30,P006,food,1330.77,0,19
2024-03-30,P007,household,1038.95,0,38
2024-03-30,P008,household,1142.33,0,42
2024-03-30,P009,household,647.89,0,14
2024-03-30,P010,household,490.95,0,53
2024-03-30,P011,cosmetics,1475.52,0,24
2024-03-30,P012,household,547.37,0,19
2024-03-31,P001,food,1305.13,0,26
2024-03-31,P002,cosmetics,520.98,0,9
2024-03-31,P003,food,610.24,1,52
2024-03-31,P004,cosmetics,976.08,0,24
2024-03-31,P005,food,1101.92,0,32
2024-03-31,P006,food,1319.04,0,10
2024-03-31,P007,household,1031.09,0,40
2024-03-31,P008,household,1165.19,0,47
2024-03-31,P009,household,625.63,0,16
2024-03-31,P010,household,495.18,0,46
2024-03-31,P011,cosmetics,1469.86,0,20
2024-03-31,P012,household,539.37,0,14
2024-04-01,P001,food,1294.3,0,24
2024-04-01,P002,cosmetics,512.74,0,11
2024-04-01,P003,food,611.57,1,54
2024-04-01,P004,cosmetics,996.81,0,22
2024-04-01,P005,food,1086.44,0,21
2024-04-01,P006,food,1280.51,0,13
2024-04-01,P007,household,1036.09,0,29
2024-04-01,P008,household,1179.19,0,24
2024-04-01,P009,household,647.6,0,9
2024-04-01,P010,household,492.96,0,44
2024-04-01,P011,cosmetics,1482.71,0,25
2024-04-01,P012,household,535.92,0,23
2024-04-02,P001,food,1008.97,1,47
2024-04-02,P002,cosmetics,521.97,0,7
2024-04-02,P003,food,616.09,1,60
2024-04-02,P004,cosmetics,986.68,0,21
2024-04-02,P005,food,1123.54,0,28
2024-04-02,P006,food,1341.49,0,16
2024-04-02,P007,household,1034.36,0,23
2024-04-02,P008,household,1158.59,0,35
2024-04-02,P009,household,632.3,0,10
2024-04-02,P010,household,497.84,0,40
2024-04-02,P011,cosmetics,1492.33,0,27
2024-04-02,P012,household,536.81,0,21
2024-04-03,P001,food,1024.51,1,59
2024-04-03,P002,cosmetics,510.91,0,9
2024-04-03,P003,food,616.38,1,52
2024-04-03,P004,cosmetics,981.37,0,31
2024-04-03,P005,food,1084.18,0,35
2024-04-03,P006,food,1315.42,0,9
2024-04-03,P007,household,1032.23,0,36
2024-04-03,P008,household,1178.28,0,30
2024-04-03,P009,household,624.5,0,15
2024-04-03,P010,household,496.24,0,44
2024-04-03,P011,cosmetics,1470.83,0,26
2024-04-03,P012,household,538.65,0,17
2024-04-04,P001,food,1018.35,1,38
2024-04-04,P002,cosmetics,515.04,0,9
2024-04-04,P003,food,609.98,1,66
2024-04-04,P004,cosmetics,985.07,0,24
2024-04-04,P005,food,1080.49,0,33
2024-04-04,P006,food,1308.49,0,18
2024-04-04,P007,household,1039.88,0,25
2024-04-04,P008,household,1169.67,0,26
2024-04-04,P009,household,624.21,0,17
2024-04-04,P010,household,499.14,0,34
2024-04-04,P011,cosmetics,1456.94,0,21
2024-04-04,P012,household,533.38,0,19
2024-04-05,P001,food,1026.16,1,52
2024-04-05,P002,cosmetics,525.83,0,10
2024-04-05,P003,food,616.43,1,65
2024-04-05,P004,cosmetics,972.69,0,25
2024-04-05,P005,food,1079.15,0,31
2024-04-05,P006,food,1304.52,0,8
2024-04-05,P007,household,1042.58,0,27
2024-04-05,P008,household,1165.29,0,33
2024-04-05,P009,household,644.09,0,11
2024-04-05,P010,household,504.92,0,27
2024-04-05,P011,cosmetics,1452.25,0,21
2024-04-05,P012,household,535.91,0,24
2024-04-06,P001,food,1024.0,1,53
2024-04-06,P002,cosmetics,508.12,0,21
2024-04-06,P003,food,612.43,1,54
2024-04-06,P004,cosmetics,985.38,0,36
2024-04-06,P005,food,1088.04,0,24
2024-04-06,P006,food,1314.91,0,14
2024-04-06,P007,household,1057.21,0,33
2024-04-06,P008,household,1178.1,0,38
2024-04-06,P009,household,632.31,0,12
2024-04-06,P010,household,497.75,0,56
2024-04-06,P011,cosmetics,1493.91,0,17
2024-04-06,P012,household,533.08,0,21
2024-04-07,P001,food,1040.17,1,53
2024-04-07,P002,cosmetics,503.8,0,18
2024-04-07,P003,food,595.94,1,66
2024-04-07,P004,cosmetics,974.84,0,23
2024-04-07,P005,food,1071.59,0,33
2024-04-07,P006,food,1311.93,0,12
2024-04-07,P007,household,1044.69,0,33
2024-04-07,P008,household,1175.48,0,42
2024-04-07,P009,household,625.65,0,12
2024-04-07,P010,household,492.92,0,45
2024-04-07,P011,cosmetics,1492.03,0,20
2024-04-07,P012,household,541.08,0,18
2024-04-08,P001,food,1021.32,1,41
2024-04-08,P002,cosmetics,520.15,0,8
2024-04-08,P003,food,610.58,1,68
2024-04-08,P004,cosmetics,981.61,0,25
2024-04-08,P005,food,1093.55,0,35
2024-04-08,P006,food,1309.63,0,13
2024-04-08,P007,household,1053.36,0,36
2024-04-08,P008,household,960.94,1,54
2024-04-08,P009,household,627.93,0,19
2024-04-08,P010,household,498.06,0,36
2024-04-08,P011,cosmetics,1482.0,0,15
2024-04-08,P012,household,541.13,0,24
2024-04-09,P001,food,1013.3,1,43
2024-04-09,P002,cosmetics,509.3,0,21
2024-04-09,P003,food,785.05,0,33
2024-04-09,P004,cosmetics,994.63,0,24
2024-04-09,P005,food,1069.56,0,33
2024-04-09,P006,food,1310.35,0,13
2024-04-09,P007,household,1028.35,0,31
2024-04-09,P008,household,966.64,1,52
2024-04-09,P009,household,631.92,0,14
2024-04-09,P010,household,505.42,0,23
2024-04-09,P011,cosmetics,1469.85,0,18
2024-04-09,P012,household,529.68,0,20
2024-04-10,P001,food,1304.37,0,23
2024-04-10,P002,cosmetics,513.44,0,10
2024-04-10,P003,food,763.61,0,29
2024-04-10,P004,cosmetics,988.02,0,25
2024-04-10,P005,food,1092.1,0,36
2024-04-10,P006,food,1326.34,0,10
2024-04-10,P007,household,1020.24,0,23
2024-04-10,P008,household,958.86,1,57
2024-04-10,P009,household,629.16,0,17
2024-04-10,P010,household,499.03,0,38
2024-04-10,P011,cosmetics,1480.94,0,18
2024-04-10,P012,household,535.7,0,22
2024-04-11,P001,food,1304.9,0,28
2024-04-11,P002,cosmetics,510.54,0,16
2024-04-11,P003,food,777.54,0,23
2024-04-11,P004,cosmetics,970.9,0,24
2024-04-11,P005,food,1075.6,0,22
2024-04-11,P006,food,1346.14,0,19
2024-04-11,P007,household,1036.69,0,17
2024-04-11,P008,household,941.18,1,39
2024-04-11,P009,household,631.39,0,13
2024-04-11,P010,household,500.46,0,29
2024-04-11,P011,cosmetics,1488.13,0,19
2024-04-11,P012,household,549.06,0,16
2024-04-12,P001,food,1319.73,0,32
2024-04-12,P002,cosmetics,514.92,0,14
2024-04-12,P003,food,788.98,0,48
2024-04-12,P004,cosmetics,993.9,0,27
2024-04-12,P005,food,1086.18,0,34
2024-04-12,P006,food,1330.18,0,13
2024-04-12,P007,household,1045.73,0,35
2024-04-12,P008,household,953.3,1,50
2024-04-12,P009,household,640.37,0,17
2024-04-12,P010,household,487.88,0,53
2024-04-12,P011,cosmetics,1459.89,0,19
2024-04-12,P012,household,542.62,0,23
2024-04-13,P001,food,1312.91,0,32
2024-04-13,P002,cosmetics,508.67,0,11
2024-04-13,P003,food,770.76,0,37
2024-04-13,P004,cosmetics,985.44,0,23
2024-04-13,P005,food,1096.93,0,29
2024-04-13,P006,food,1334.16,0,20
2024-04-13,P007,household,1044.11,0,35
2024-04-13,P008,household,1146.46,0,48
2024-04-13,P009,household,622.11,0,15
2024-04-13,P010,household,497.69,0,48
2024-04-13,P011,cosmetics,1469.4,0,24
2024-04-13,P012,household,541.67,0,19
2024-04-14,P001,food,1306.68,0,28
2024-04-14,P002,cosmetics,512.62,0,14
2024-04-14,P003,food,776.69,0,37
2024-04-14,P004,cosmetics,980.17,0,33
2024-04-14,P005,food,1115.46,0,29
2024-04-14,P006,food,1016.57,1,23
2024-04-14,P007,household,1049.4,0,29
2024-04-14,P008,household,1175.2,0,34
2024-04-14,P009,household,633.27,0,13
2024-04-14,P010,household,494.45,0,42
2024-04-14,P011,cosmetics,1452.72,0,26
2024-04-14,P012,household,535.64,0,20
2024-04-15,P001,food,1321.09,0,18
2024-04-15,P002,cosmetics,515.86,0,9
2024-04-15,P003,food,766.54,0,41
2024-04-15,P004,cosmetics,992.87,0,19
2024-04-15,P005,food,1078.58,0,32
2024-04-15,P006,food,1021.49,1,13
2024-04-15,P007,household,1010.54,0,33
2024-04-15,P008,household,1177.99,0,29
2024-04-15,P009,household,628.75,0,12
2024-04-15,P010,household,492.4,0,40
2024-04-15,P011,cosmetics,1467.07,0,19
2024-04-15,P012,household,540.77,0,25
2024-04-16,P001,food,1286.56,0,28
2024-04-16,P002,cosmetics,508.37,0,13
2024-04-16,P003,food,789.31,0,37
2024-04-16,P004,cosmetics,983.86,0,21
2024-04-16,P005,food,1088.7,0,37
2024-04-16,P006,food,1024.77,1,21
2024-04-16,P007,household,1049.83,0,19
2024-04-16,P008,household,1178.52,0,36
2024-04-16,P009,household,626.07,0,6
2024-04-16,P010,household,495.67,0,35
2024-04-16,P011,cosmetics,1491.65,0,23
2024-04-16,P012,household,539.14,0,23
2024-04-17,P001,food,1293.71,0,27
2024-04-17,P002,cosmetics,509.95,0,8
2024-04-17,P003,food,776.02,0,37
2024-04-17,P004,cosmetics,974.02,0,19
2024-04-17,P005,food,1082.44,0,27
2024-04-17,P006,food,1013.69,1,19
2024-04-17,P007,household,1040.31,0,28
2024-04-17,P008,household,1173.23,0,28
2024-04-17,P009,household,635.96,0,16
2024-04-17,P010,household,496.31,0,32
2024-04-17,P011,cosmetics,1484.81,0,23
2024-04-17,P012,household,534.93,0,26
2024-04-18,P001,food,1289.97,0,22
2024-04-18,P002,cosmetics,511.76,0,15
2024-04-18,P003,food,777.03,0,37
2024-04-18,P004,cosmetics,1003.72,0,14
2024-04-18,P005,food,1080.85,0,20
2024-04-18,P006,food,1016.08,1,13
2024-04-18,P007,household,1020.83,0,31
2024-04-18,P008,household,1178.83,0,24
2024-04-18,P009,household,620.02,0,10
2024-04-18,P010,household,492.68,0,40
2024-04-18,P011,cosmetics,1470.95,0,12
2024-04-18,P012,household,536.56,0,21
2024-04-19,P001,food,1296.96,0,21
2024-04-19,P002,cosmetics,506.21,0,11
2024-04-19,P003,food,787.19,0,35
2024-04-19,P004,cosmetics,985.34,0,22
2024-04-19,P005,food,1082.54,0,30
2024-04-19,P006,food,1029.14,1,18
2024-04-19,P007,household,1044.34,0,37
2024-04-19,P008,household,1149.12,0,26
2024-04-19,P009,household,614.32,0,22
2024-04-19,P010,household,496.71,0,35
2024-04-19,P011,cosmetics,1429.4,0,23
2024-04-19,P012,household,536.68,0,26
2024-04-20,P001,food,1284.11,0,23
2024-04-20,P002,cosmetics,511.38,0,20
2024-04-20,P003,food,781.81,0,34
2024-04-20,P004,cosmetics,984.71,0,24
2024-04-20,P005,food,1099.32,0,26
2024-04-20,P006,food,1031.55,1,20
2024-04-20,P007,household,1038.59,0,42
2024-04-20,P008,household,1166.27,0,41
2024-04-20,P009,household,630.62,0,12
2024-04-20,P010,household,494.92,0,48
2024-04-20,P011,cosmetics,1459.33,0,22
2024-04-20,P012,household,531.19,0,21
2024-04-21,P001,food,1310.31,0,23
2024-04-21,P002,cosmetics,514.16,0,12
2024-04-21,P003,food,769.87,0,37
2024-04-21,P004,cosmetics,981.52,0,26
2024-04-21,P005,food,1085.01,0,38
2024-04-21,P006,food,1021.11,1,20
2024-04-21,P007,household,1040.79,0,36
2024-04-21,P008,household,1151.0,0,33
2024-04-21,P009,household,628.34,0,25
2024-04-21,P010,household,499.26,0,38
2024-04-21,P011,cosmetics,1470.47,0,24
2024-04-21,P012,household,532.09,0,27
2024-04-22,P001,food,1299.14,0,27
2024-04-22,P002,cosmetics,511.5,0,9
2024-04-22,P003,food,771.64,0,42
2024-04-22,P004,cosmetics,997.14,0,9
2024-04-22,P005,food,1114.86,0,28
2024-04-22,P006,food,1008.22,1,9
2024-04-22,P007,household,1047.19,0,26
2024-04-22,P008,household,1163.34,0,24
2024-04-22,P009,household,620.7,0,10
2024-04-22,P010,household,496.9,0,47
2024-04-22,P011,cosmetics,1465.79,0,15
2024-04-22,P012,household,538.15,0,26
2024-04-23,P001,food,1282.89,0,20
2024-04-23,P002,cosmetics,512.15,0,6
2024-04-23,P003,food,780.51,0,43
2024-04-23,P004,cosmetics,980.34,0,19
2024-04-23,P005,food,1094.87,0,25
2024-04-23,P006,food,1315.45,0,8
2024-04-23,P007,household,1041.3,0,34
2024-04-23,P008,household,972.38,1,37
2024-04-23,P009,household,618.45,0,10
2024-04-23,P010,household,497.64,0,41
2024-04-23,P011,cosmetics,1469.45,0,28
2024-04-23,P012,household,534.65,0,30
2024-04-24,P001,food,1288.81,0,27
2024-04-24,P002,cosmetics,513.44,0,11
2024-04-24,P003,food,771.82,0,34
2024-04-24,P004,cosmetics,970.29,0,15
2024-04-24,P005,food,1079.32,0,36
2024-04-24,P006,food,1300.33,0,10
2024-04-24,P007,household,1021.56,0,24
2024-04-24,P008,household,967.38,1,40
2024-04-24,P009,household,641.36,0,16
2024-04-24,P010,household,500.63,0,40
2024-04-24,P011,cosmetics,1472.53,0,26
2024-04-24,P012,household,537.6,0,19
2024-04-25,P001,food,1306.12,0,26
2024-04-25,P002,cosmetics,510.18,0,5
2024-04-25,P003,food,760.23,0,42
2024-04-25,P004,cosmetics,978.82,0,24
2024-04-25,P005,food,1086.34,0,27
2024-04-25,P006,food,1320.34,0,7
2024-04-25,P007,household,1035.35,0,30
2024-04-25,P008,household,963.25,1,56
2024-04-25,P009,household,632.13,0,8
2024-04-25,P010,household,498.53,0,36
2024-04-25,P011,cosmetics,1461.13,0,24
2024-04-25,P012,household,530.56,0,20
2024-04-26,P001,food,1312.95,0,27
2024-04-26,P002,cosmetics,517.1,0,17
2024-04-26,P003,food,776.26,0,31
2024-04-26,P004,cosmetics,998.59,0,11
2024-04-26,P005,food,1081.59,0,28
2024-04-26,P006,food,1322.72,0,13
2024-04-26,P007,household,1020.06,0,30
2024-04-26,P008,household,1165.4,0,34
2024-04-26,P009,household,629.34,0,17
2024-04-26,P010,household,495.75,0,31
2024-04-26,P011,cosmetics,1468.86,0,26
2024-04-26,P012,household,543.54,0,22
2024-04-27,P001,food,1328.04,0,27
2024-04-27,P002,cosmetics,520.92,0,17
2024-04-27,P003,food,765.17,0,37
2024-04-27,P004,cosmetics,993.71,0,26
2024-04-27,P005,food,1099.06,0,28
2024-04-27,P006,food,1315.78,0,18
2024-04-27,P007,household,1043.57,0,35
2024-04-27,P008,household,1155.92,0,41
2024-04-27,P009,household,643.02,0,14
2024-04-27,P010,household,378.75,1,71
2024-04-27,P011,cosmetics,1466.77,0,14
2024-04-27,P012,household,550.44,0,16
2024-04-28,P001,food,1339.98,0,30
2024-04-28,P002,cosmetics,511.16,0,15
2024-04-28,P003,food,789.22,0,34
2024-04-28,P004,cosmetics,983.0,0,30
2024-04-28,P005,food,1072.47,0,24
2024-04-28,P006,food,1322.54,0,16
2024-04-28,P007,household,1051.33,0,38
2024-04-28,P008,household,1169.71,0,39
2024-04-28,P009,household,635.64,0,14
2024-04-28,P010,household,388.81,1,75
2024-04-28,P011,cosmetics,1458.64,0,19
2024-04-28,P012,household,544.76,0,24
2024-04-29,P001,food,1307.43,0,34
2024-04-29,P002,cosmetics,516.04,0,7
2024-04-29,P003,food,778.04,0,32
2024-04-29,P004,cosmetics,999.05,0,18
2024-04-29,P005,food,1075.71,0,30
2024-04-29,P006,food,1324.85,0,10
2024-04-29,P007,household,1023.96,0,34
2024-04-29,P008,household,1180.49,0,28
2024-04-29,P009,household,640.34,0,17
2024-04-29,P010,household,383.3,1,71
2024-04-29,P011,cosmetics,1496.09,0,31
2024-04-29,P012,household,545.32,0,29
2024-04-30,P001,food,1289.15,0,22
2024-04-30,P002,cosmetics,512.32,0,13
2024-04-30,P003,food,769.64,0,40
2024-04-30,P004,cosmetics,992.88,0,18
2024-04-30,P005,food,1083.89,0,35
2024-04-30,P006,food,1322.74,0,10
2024-04-30,P007,household,1029.87,0,27
2024-04-30,P008,household,1172.31,0,23
2024-04-30,P009,household,621.79,0,17
2024-04-30,P010,household,386.49,1,47
2024-04-30,P011,cosmetics,1461.97,0,21
2024-04-30,P012,household,542.6,0,24
2024-05-01,P001,food,1274.28,0,25
2024-05-01,P002,cosmetics,515.42,0,13
2024-05-01,P003,food,771.24,0,33
2024-05-01,P004,cosmetics,982.88,0,21
2024-05-01,P005,food,1097.78,0,30
2024-05-01,P006,food,1303.5,0,7
2024-05-01,P007,household,1027.69,0,23
2024-05-01,P008,household,1149.01,0,31
2024-05-01,P009,household,621.55,0,14
2024-05-01,P010,household,388.26,1,53
2024-05-01,P011,cosmetics,1435.85,0,26
2024-05-01,P012,household,540.65,0,18
2024-05-02,P001,food,1305.52,0,22
2024-05-02,P002,cosmetics,521.59,0,10
2024-05-02,P003,food,761.99,0,44
2024-05-02,P004,cosmetics,983.88,0,20
2024-05-02,P005,food,1103.78,0,44
2024-05-02,P006,food,1017.84,1,17
2024-05-02,P007,household,1032.13,0,34
2024-05-02,P008,household,1168.75,0,36
2024-05-02,P009,household,633.09,0,15
2024-05-02,P010,household,391.98,1,72
2024-05-02,P011,cosmetics,1495.16,0,24
2024-05-02,P012,household,539.69,0,17
2024-05-03,P001,food,1291.45,0,29
2024-05-03,P002,cosmetics,516.16,0,17
2024-05-03,P003,food,768.13,0,36
2024-05-03,P004,cosmetics,988.76,0,17
2024-05-03,P005,food,1105.39,0,29
2024-05-03,P006,food,1024.6,1,18
2024-05-03,P007,household,1041.11,0,24
2024-05-03,P008,household,1145.19,0,39
2024-05-03,P009,household,631.82,0,13
2024-05-03,P010,household,393.95,1,55
2024-05-03,P011,cosmetics,1456.53,0,26
2024-05-03,P012,household,534.29,0,18
2024-05-04,P001,food,1296.63,0,35
2024-05-04,P002,cosmetics,504.44,0,17
2024-05-04,P003,food,784.56,0,44
2024-05-04,P004,cosmetics,977.31,0,23
2024-05-04,P005,food,1096.11,0,29
2024-05-04,P006,food,1036.53,1,20
2024-05-04,P007,household,1032.24,0,36
2024-05-04,P008,household,1176.91,0,38
2024-05-04,P009,household,637.08,0,7
2024-05-04,P010,household,383.26,1,61
2024-05-04,P011,cosmetics,1482.19,0,24
2024-05-04,P012,household,542.94,0,28
2024-05-05,P001,food,1294.07,0,29
2024-05-05,P002,cosmetics,515.88,0,11
2024-05-05,P003,food,794.0,0,41
2024-05-05,P004,cosmetics,985.56,0,27
2024-05-05,P005,food,1089.43,0,33
2024-05-05,P006,food,1017.64,1,24
2024-05-05,P007,household,1043.6,0,36
2024-05-05,P008,household,1159.43,0,42
2024-05-05,P009,household,618.95,0,14
2024-05-05,P010,household,381.73,1,74
2024-05-05,P011,cosmetics,1458.96,0,25
2024-05-05,P012,household,542.62,0,21
2024-05-06,P001,food,1300.2,0,27
2024-05-06,P002,cosmetics,519.88,0,12
2024-05-06,P003,food,782.31,0,41
2024-05-06,P004,cosmetics,988.55,0,22
2024-05-06,P005,food,1099.0,0,41
2024-05-06,P006,food,1326.62,0,15
2024-05-06,P007,household,1047.88,0,26
2024-05-06,P008,household,1153.24,0,27
2024-05-06,P009,household,563.07,1,26
2024-05-06,P010,household,388.08,1,86
2024-05-06,P011,cosmetics,1477.33,0,23
2024-05-06,P012,household,536.73,0,19
2024-05-07,P001,food,1315.92,0,21
2024-05-07,P002,cosmetics,512.41,0,7
2024-05-07,P003,food,775.95,0,33
2024-05-07,P004,cosmetics,968.89,0,23
2024-05-07,P005,food,969.53,1,58
2024-05-07,P006,food,1330.94,0,16
2024-05-07,P007,household,1048.26,0,25
2024-05-07,P008,household,1177.07,0,31
2024-05-07,P009,household,564.67,1,19
2024-05-07,P010,household,387.76,1,77
2024-05-07,P011,cosmetics,1468.26,0,25
2024-05-07,P012,household,542.06,0,24
2024-05-08,P001,food,1304.08,0,23
2024-05-08,P002,cosmetics,518.66,0,20
2024-05-08,P003,food,773.31,0,44
2024-05-08,P004,cosmetics,983.65,0,18
2024-05-08,P005,food,962.66,1,51
2024-05-08,P006,food,1316.76,0,13
2024-05-08,P007,household,1025.24,0,25
2024-05-08,P008,household,1174.06,0,33
2024-05-08,P009,household,564.37,1,20
2024-05-08,P010,household,489.82,0,33
2024-05-08,P011,cosmetics,1483.66,0,28
2024-05-08,P012,household,535.48,0,21
2024-05-09,P001,food,1299.97,0,19
2024-05-09,P002,cosmetics,510.0,0,11
2024-05-09,P003,food,769.24,0,39
2024-05-09,P004,cosmetics,982.53,0,20
2024-05-09,P005,food,985.04,1,56
2024-05-09,P006,food,1334.5,0,7
2024-05-09,P007,household,1051.21,0,29
2024-05-09,P008,household,1170.24,0,33
2024-05-09,P009,household,556.86,1,23
2024-05-09,P010,household,495.69,0,32
2024-05-09,P011,cosmetics,1465.83,0,24
2024-05-09,P012,household,535.82,0,24
2024-05-10,P001,food,1288.55,0,23
2024-05-10,P002,cosmetics,505.92,0,13
2024-05-10,P003,food,792.67,0,34
2024-05-10,P004,cosmetics,995.64,0,18
2024-05-10,P005,food,970.89,1,50
2024-05-10,P006,food,1335.21,0,15
2024-05-10,P007,household,1052.04,0,22
2024-05-10,P008,household,1193.11,0,32
2024-05-10,P009,household,562.03,1,21
2024-05-10,P010,household,498.74,0,32
2024-05-10,P011,cosmetics,1459.34,0,34
2024-05-10,P012,household,543.4,0,25
2024-05-11,P001,food,1280.23,0,37
2024-05-11,P002,cosmetics,514.27,0,16
2024-05-11,P003,food,775.2,0,30
2024-05-11,P004,cosmetics,967.33,0,31
2024-05-11,P005,food,980.11,1,54
2024-05-11,P006,food,1337.56,0,19
2024-05-11,P007,household,1052.93,0,41
2024-05-11,P008,household,1174.94,0,38
2024-05-11,P009,household,624.33,0,12
2024-05-11,P010,household,489.68,0,54
2024-05-11,P011,cosmetics,1472.74,0,18
2024-05-11,P012,household,541.54,0,25
2024-05-12,P001,food,1295.71,0,35
2024-05-12,P002,cosmetics,504.53,0,15
2024-05-12,P003,food,793.1,0,28
2024-05-12,P004,cosmetics,981.75,0,20
2024-05-12,P005,food,981.93,1,39
2024-05-12,P006,food,1325.4,0,20
2024-05-12,P007,household,1035.2,0,31
2024-05-12,P008,household,1159.99,0,35
2024-05-12,P009,household,627.37,0,18
2024-05-12,P010,household,490.85,0,36
2024-05-12,P011,cosmetics,1463.35,0,23
2024-05-12,P012,household,537.97,0,25
2024-05-13,P001,food,1301.34,0,20
2024-05-13,P002,cosmetics,512.32,0,4
2024-05-13,P003,food,787.49,0,36
2024-05-13,P004,cosmetics,980.76,0,14
2024-05-13,P005,food,1093.04,0,36
2024-05-13,P006,food,1350.49,0,17
2024-05-13,P007,household,1029.04,0,22
2024-05-13,P008,household,1173.59,0,25
2024-05-13,P009,household,622.65,0,13
2024-05-13,P010,household,492.58,0,35
2024-05-13,P011,cosmetics,1440.63,0,25
2024-05-13,P012,household,537.35,0,12
2024-05-14,P001,food,1325.06,0,23
2024-05-14,P002,cosmetics,520.16,0,11
2024-05-14,P003,food,763.15,0,40
2024-05-14,P004,cosmetics,994.97,0,14
2024-05-14,P005,food,1100.56,0,28
2024-05-14,P006,food,1311.23,0,13
2024-05-14,P007,household,1026.63,0,38
2024-05-14,P008,household,1164.18,0,29
2024-05-14,P009,household,624.44,0,13
2024-05-14,P010,household,494.72,0,37
2024-05-14,P011,cosmetics,1460.13,0,29
2024-05-14,P012,household,540.16,0,16
2024-05-15,P001,food,1303.73,0,15
2024-05-15,P002,cosmetics,503.74,0,10
2024-05-15,P003,food,771.5,0,41
2024-05-15,P004,cosmetics,985.08,0,12
2024-05-15,P005,food,1099.41,0,30
2024-05-15,P006,food,1347.37,0,10
2024-05-15,P007,household,1025.41,0,24
2024-05-15,P008,household,1182.31,0,30
2024-05-15,P009,household,627.7,0,5
2024-05-15,P010,household,499.22,0,45
2024-05-15,P011,cosmetics,1511.11,0,18
2024-05-15,P012,household,529.33,0,29
2024-05-16,P001,food,1314.83,0,29
2024-05-16,P002,cosmetics,506.98,0,14
2024-05-16,P003,food,771.47,0,36
2024-05-16,P004,cosmetics,1003.21,0,21
2024-05-16,P005,food,1092.46,0,30
2024-05-16,P006,food,1329.49,0,9
2024-05-16,P007,household,1036.96,0,27
2024-05-16,P008,household,1170.8,0,30
2024-05-16,P009,household,626.12,0,14
2024-05-16,P010,household,494.16,0,32
2024-05-16,P011,cosmetics,1442.21,0,32
2024-05-16,P012,household,535.14,0,19
2024-05-17,P001,food,1295.54,0,32
2024-05-17,P002,cosmetics,508.25,0,8
2024-05-17,P003,food,776.05,0,30
2024-05-17,P004,cosmetics,992.04,0,18
2024-05-17,P005,food,1085.52,0,32
2024-05-17,P006,food,1337.03,0,19
2024-05-17,P007,household,1045.63,0,27
2024-05-17,P008,household,1171.96,0,24
2024-05-17,P009,household,624.44,0,13
2024-05-17,P010,household,496.05,0,45
2024-05-17,P011,cosmetics,1472.51,0,26
2024-05-17,P012,household,532.4,0,27
2024-05-18,P001,food,1286.61,0,24
2024-05-18,P002,cosmetics,513.22,0,18
2024-05-18,P003,food,776.2,0,42
2024-05-18,P004,cosmetics,981.47,0,15
2024-05-18,P005,food,1091.51,0,40
2024-05-18,P006,food,1315.13,0,17
2024-05-18,P007,household,1050.38,0,34
2024-05-18,P008,household,1150.68,0,46
2024-05-18,P009,household,621.03,0,15
2024-05-18,P010,household,506.91,0,42
2024-05-18,P011,cosmetics,1465.4,0,30
2024-05-18,P012,household,539.29,0,26
2024-05-19,P001,food,1289.47,0,31
2024-05-19,P002,cosmetics,511.67,0,20
2024-05-19,P003,food,799.94,0,38
2024-05-19,P004,cosmetics,987.87,0,28
2024-05-19,P005,food,1083.84,0,30
2024-05-19,P006,food,1330.49,0,16
2024-05-19,P007,household,1031.8,0,37
2024-05-19,P008,household,1168.24,0,43
2024-05-19,P009,household,641.55,0,16
2024-05-19,P010,household,491.04,0,43
2024-05-19,P011,cosmetics,1495.94,0,16
2024-05-19,P012,household,545.09,0,19
2024-05-20,P001,food,1292.59,0,28
2024-05-20,P002,cosmetics,520.73,0,12
2024-05-20,P003,food,768.3,0,35
2024-05-20,P004,cosmetics,982.02,0,14
2024-05-20,P005,food,1088.19,0,51
2024-05-20,P006,food,1338.18,0,12
2024-05-20,P007,household,1036.43,0,36
2024-05-20,P008,household,1166.87,0,32
2024-05-20,P009,household,626.06,0,20
2024-05-20,P010,household,492.54,0,29
2024-05-20,P011,cosmetics,1452.65,0,26
2024-05-20,P012,household,541.8,0,25
2024-05-21,P001,food,1329.75,0,24
2024-05-21,P002,cosmetics,518.45,0,12
2024-05-21,P003,food,778.45,0,47
2024-05-21,P004,cosmetics,993.98,0,15
2024-05-21,P005,food,1118.88,0,49
2024-05-21,P006,food,1305.0,0,9
2024-05-21,P007,household,1035.76,0,34
2024-05-21,P008,household,1155.57,0,21
2024-05-21,P009,household,631.29,0,13
2024-05-21,P010,household,499.14,0,37
2024-05-21,P011,cosmetics,1470.45,0,28
2024-05-21,P012,household,536.46,0,25
2024-05-22,P001,food,1291.34,0,22
2024-05-22,P002,cosmetics,516.09,0,11
2024-05-22,P003,food,781.46,0,39
2024-05-22,P004,cosmetics,972.38,0,15
2024-05-22,P005,food,1092.32,0,34
2024-05-22,P006,food,1317.19,0,14
2024-05-22,P007,household,1030.25,0,31
2024-05-22,P008,household,1164.94,0,34
2024-05-22,P009,household,618.14,0,14
2024-05-22,P010,household,500.67,0,37
2024-05-22,P011,cosmetics,1479.05,0,31
2024-05-22,P012,household,535.41,0,25
2024-05-23,P001,food,1312.95,0,23
2024-05-23,P002,cosmetics,514.29,0,9
2024-05-23,P003,food,776.66,0,35
2024-05-23,P004,cosmetics,977.39,0,15
2024-05-23,P005,food,1095.24,0,35
2024-05-23,P006,food,1291.1,0,9
2024-05-23,P007,household,1044.46,0,30
2024-05-23,P008,household,1172.61,0,26
2024-05-23,P009,household,637.75,0,8
2024-05-23,P010,household,497.83,0,50
2024-05-23,P011,cosmetics,1466.33,0,32
2024-05-23,P012,household,535.16,0,19
2024-05-24,P001,food,1290.28,0,28
2024-05-24,P002,cosmetics,515.57,0,18
2024-05-24,P003,food,777.52,0,39
2024-05-24,P004,cosmetics,990.0,0,20
2024-05-24,P005,food,1082.64,0,31
2024-05-24,P006,food,1317.0,0,12
2024-05-24,P007,household,1040.6,0,29
2024-05-24,P008,household,1167.47,0,28
2024-05-24,P009,household,630.26,0,17
2024-05-24,P010,household,504.74,0,33
2024-05-24,P011,cosmetics,1457.69,0,20
2024-05-24,P012,household,550.0,0,17
2024-05-25,P001,food,1314.17,0,34
2024-05-25,P002,cosmetics,509.12,0,17
2024-05-25,P003,food,768.55,0,50
2024-05-25,P004,cosmetics,997.59,0,29
2024-05-25,P005,food,1101.46,0,27
2024-05-25,P006,food,1308.58,0,17
2024-05-25,P007,household,1038.31,0,38
2024-05-25,P008,household,1151.04,0,45
2024-05-25,P009,household,626.42,0,11
2024-05-25,P010,household,497.35,0,35
2024-05-25,P011,cosmetics,1468.64,0,21
2024-05-25,P012,household,539.59,0,25
2024-05-26,P001,food,1307.05,0,35
2024-05-26,P002,cosmetics,517.95,0,18
2024-05-26,P003,food,777.5,0,30
2024-05-26,P004,cosmetics,963.81,0,27
2024-05-26,P005,food,1098.63,0,28
2024-05-26,P006,food,1316.48,0,12
2024-05-26,P007,household,1040.55,0,28
2024-05-26,P008,household,1164.33,0,34
2024-05-26,P009,household,626.47,0,18
2024-05-26,P010,household,485.98,0,38
2024-05-26,P011,cosmetics,1464.42,0,16
2024-05-26,P012,household,540.3,0,23
2024-05-27,P001,food,1300.0,0,22
2024-05-27,P002,cosmetics,507.84,0,12
2024-05-27,P003,food,780.64,0,37
2024-05-27,P004,cosmetics,999.06,0,19
2024-05-27,P005,food,1098.7,0,36
2024-05-27,P006,food,1357.92,0,16
2024-05-27,P007,household,1043.22,0,34
2024-05-27,P008,household,1162.06,0,30
2024-05-27,P009,household,634.68,0,16
2024-05-27,P010,household,496.26,0,35
2024-05-27,P011,cosmetics,1464.38,0,24
2024-05-27,P012,household,527.84,0,16
2024-05-28,P001,food,1301.51,0,30
2024-05-28,P002,cosmetics,517.84,0,9
2024-05-28,P003,food,779.21,0,34
2024-05-28,P004,cosmetics,812.31,1,30
2024-05-28,P005,food,1092.68,0,24
2024-05-28,P006,food,1342.01,0,15
2024-05-28,P007,household,1043.11,0,36
2024-05-28,P008,household,1169.78,0,23
2024-05-28,P009,household,610.63,0,15
2024-05-28,P010,household,492.95,0,38
2024-05-28,P011,cosmetics,1482.64,0,28
2024-05-28,P012,household,532.85,0,20
2024-05-29,P001,food,1293.51,0,32
2024-05-29,P002,cosmetics,519.64,0,12
2024-05-29,P003,food,781.1,0,46
2024-05-29,P004,cosmetics,798.12,1,27
2024-05-29,P005,food,1101.61,0,53
2024-05-29,P006,food,1300.36,0,13
2024-05-29,P007,household,1028.14,0,23
2024-05-29,P008,household,1168.52,0,32
2024-05-29,P009,household,624.03,0,7
2024-05-29,P010,household,502.64,0,34
2024-05-29,P011,cosmetics,1474.89,0,26
2024-05-29,P012,household,538.98,0,17
2024-05-30,P001,food,1307.85,0,31
2024-05-30,P002,cosmetics,514.63,0,15
2024-05-30,P003,food,787.64,0,49
2024-05-30,P004,cosmetics,789.03,1,25
2024-05-30,P005,food,1104.2,0,35
2024-05-30,P006,food,1326.68,0,13
2024-05-30,P007,household,1046.13,0,29
2024-05-30,P008,household,1162.72,0,30
2024-05-30,P009,household,628.46,0,18
2024-05-30,P010,household,500.56,0,51
2024-05-30,P011,cosmetics,1477.07,0,14
2024-05-30,P012,household,536.54,0,20
2024-05-31,P001,food,1296.11,0,19
2024-05-31,P002,cosmetics,512.64,0,17
2024-05-31,P003,food,783.95,0,48
2024-05-31,P004,cosmetics,801.01,1,23
2024-05-31,P005,food,1093.42,0,29
2024-05-31,P006,food,1329.89,0,16
2024-05-31,P007,household,1039.48,0,26
2024-05-31,P008,household,1162.26,0,26
2024-05-31,P009,household,628.39,0,13
2024-05-31,P010,household,487.89,0,32
2024-05-31,P011,cosmetics,1473.82,0,33
2024-05-31,P012,household,539.94,0,25
2024-06-01,P001,food,1286.08,0,20
2024-06-01,P002,cosmetics,515.6,0,12
2024-06-01,P003,food,777.22,0,34
2024-06-01,P004,cosmetics,813.29,1,36
2024-06-01,P005,food,1089.09,0,27
2024-06-01,P006,food,1314.89,0,24
2024-06-01,P007,household,1032.33,0,38
2024-06-01,P008,household,1168.31,0,34
2024-06-01,P009,household,644.98,0,16
2024-06-01,P010,household,502.47,0,33
2024-06-01,P011,cosmetics,1483.07,0,22
2024-06-01,P012,household,539.87,0,31
2024-06-02,P001,food,1285.4,0,35
2024-06-02,P002,cosmetics,498.85,0,17
2024-06-02,P003,food,767.57,0,19
2024-06-02,P004,cosmetics,812.91,1,32
2024-06-02,P005,food,1100.09,0,44
2024-06-02,P006,food,1321.7,0,23
2024-06-02,P007,household,1039.26,0,32
2024-06-02,P008,household,1178.77,0,43
2024-06-02,P009,household,627.09,0,9
2024-06-02,P010,household,500.43,0,43
2024-06-02,P011,cosmetics,1488.13,0,30
2024-06-02,P012,household,542.46,0,23
2024-06-03,P001,food,1304.28,0,27
2024-06-03,P002,cosmetics,515.1,0,15
2024-06-03,P003,food,772.01,0,47
2024-06-03,P004,cosmetics,818.6,1,32
2024-06-03,P005,food,1080.48,0,28
2024-06-03,P006,food,1322.99,0,12
2024-06-03,P007,household,1040.41,0,27
2024-06-03,P008,household,1170.78,0,32
2024-06-03,P009,household,564.67,1,13
2024-06-03,P010,household,494.17,0,46
2024-06-03,P011,cosmetics,1464.75,0,23
2024-06-03,P012,household,529.14,0,25
2024-06-04,P001,food,1322.6,0,18
2024-06-04,P002,cosmetics,512.96,0,11
2024-06-04,P003,food,774.96,0,46
2024-06-04,P004,cosmetics,808.98,1,36
2024-06-04,P005,food,1082.51,0,36
2024-06-04,P006,food,1301.58,0,12
2024-06-04,P007,household,1048.05,0,22
2024-06-04,P008,household,1184.14,0,28
2024-06-04,P009,household,569.26,1,21
2024-06-04,P010,household,495.39,0,34
2024-06-04,P011,cosmetics,1481.0,0,20
2024-06-04,P012,household,533.26,0,27
2024-06-05,P001,food,1304.12,0,25
2024-06-05,P002,cosmetics,513.29,0,11
2024-06-05,P003,food,615.1,1,65
2024-06-05,P004,cosmetics,804.44,1,26
2024-06-05,P005,food,1089.75,0,33
2024-06-05,P006,food,1305.74,0,12
2024-06-05,P007,household,1025.99,0,32
2024-06-05,P008,household,1180.75,0,32
2024-06-05,P009,household,562.88,1,21
2024-06-05,P010,household,502.68,0,34
2024-06-05,P011,cosmetics,1449.93,0,25
2024-06-05,P012,household,538.68,0,26
2024-06-06,P001,food,1300.49,0,17
2024-06-06,P002,cosmetics,517.18,0,9
2024-06-06,P003,food,610.62,1,58
2024-06-06,P004,cosmetics,981.44,0,23
2024-06-06,P005,food,1071.35,0,48
2024-06-06,P006,food,1321.62,0,15
2024-06-06,P007,household,1050.57,0,29
2024-06-06,P008,household,1185.0,0,26
2024-06-06,P009,household,555.37,1,15
2024-06-06,P010,household,486.0,0,41
2024-06-06,P011,cosmetics,1435.87,0,31
2024-06-06,P012,household,535.73,0,24
2024-06-07,P001,food,1305.76,0,28
2024-06-07,P002,cosmetics,513.16,0,16
2024-06-07,P003,food,607.81,1,74
2024-06-07,P004,cosmetics,985.84,0,27
2024-06-07,P005,food,1099.36,0,43
2024-06-07,P006,food,1320.66,0,13
2024-06-07,P007,household,1037.08,0,36
2024-06-07,P008,household,1183.5,0,23
2024-06-07,P009,household,551.95,1,21
2024-06-07,P010,household,497.98,0,38
2024-06-07,P011,cosmetics,1495.8,0,23
2024-06-07,P012,household,537.55,0,23
2024-06-08,P001,food,1319.04,0,33
2024-06-08,P002,cosmetics,507.69,0,14
2024-06-08,P003,food,767.44,0,50
2024-06-08,P004,cosmetics,987.79,0,32
2024-06-08,P005,food,1079.84,0,41
2024-06-08,P006,food,1310.0,0,17
2024-06-08,P007,household,1031.59,0,43
2024-06-08,P008,household,1185.77,0,31
2024-06-08,P009,household,563.3,1,15
2024-06-08,P010,household,391.05,1,58
2024-06-08,P011,cosmetics,1464.07,0,21
2024-06-08,P012,household,539.81,0,19
2024-06-09,P001,food,1304.89,0,34
2024-06-09,P002,cosmetics,512.82,0,26
2024-06-09,P003,food,763.84,0,47
2024-06-09,P004,cosmetics,977.73,0,23
2024-06-09,P005,food,1085.19,0,33
2024-06-09,P006,food,1308.87,0,20
2024-06-09,P007,household,1031.27,0,36
2024-06-09,P008,household,1154.06,0,34
2024-06-09,P009,household,639.56,0,11
2024-06-09,P010,household,386.48,1,67
2024-06-09,P011,cosmetics,1472.67,0,27
2024-06-09,P012,household,535.21,0,18
2024-06-10,P001,food,1296.69,0,23
2024-06-10,P002,cosmetics,513.89,0,12
2024-06-10,P003,food,774.84,0,46
2024-06-10,P004,cosmetics,994.4,0,18
2024-06-10,P005,food,1088.01,0,53
2024-06-10,P006,food,1318.17,0,19
2024-06-10,P007,household,1026.45,0,25
2024-06-10,P008,household,1175.08,0,29
2024-06-10,P009,household,632.65,0,10
2024-06-10,P010,household,389.33,1,63
2024-06-10,P011,cosmetics,1450.97,0,27
2024-06-10,P012,household,540.26,0,13
2024-06-11,P001,food,1316.44,0,19
2024-06-11,P002,cosmetics,514.14,0,22
2024-06-11,P003,food,765.25,0,62
2024-06-11,P004,cosmetics,979.39,0,10
2024-06-11,P005,food,1090.76,0,33
2024-06-11,P006,food,1331.04,0,7
2024-06-11,P007,household,1018.79,0,21
2024-06-11,P008,household,968.57,1,42
2024-06-11,P009,household,636.97,0,11
2024-06-11,P010,household,387.22,1,75
2024-06-11,P011,cosmetics,1450.29,0,33
2024-06-11,P012,household,542.16,0,22
2024-06-12,P001,food,1028.16,1,35
2024-06-12,P002,cosmetics,514.38,0,9
2024-06-12,P003,food,768.9,0,44
2024-06-12,P004,cosmetics,976.94,0,20
2024-06-12,P005,food,1086.59,0,33
2024-06-12,P006,food,1318.34,0,17
2024-06-12,P007,household,1043.86,0,31
2024-06-12,P008,household,970.3,1,44
2024-06-12,P009,household,645.52,0,16
2024-06-12,P010,household,383.79,1,64
2024-06-12,P011,cosmetics,1458.49,0,29
2024-06-12,P012,household,475.21,1,34
2024-06-13,P001,food,1039.5,1,36
2024-06-13,P002,cosmetics,518.88,0,8
2024-06-13,P003,food,773.61,0,36
2024-06-13,P004,cosmetics,980.17,0,20
2024-06-13,P005,food,1089.6,0,31
2024-06-13,P006,food,1340.76,0,16
2024-06-13,P007,household,1057.37,0,26
2024-06-13,P008,household,949.54,1,48
2024-06-13,P009,household,634.48,0,7
2024-06-13,P010,household,383.69,1,60
2024-06-13,P011,cosmetics,1478.41,0,24
2024-06-13,P012,household,478.32,1,39
2024-06-14,P001,food,1025.65,1,51
2024-06-14,P002,cosmetics,507.97,0,15
2024-06-14,P003,food,766.29,0,33
2024-06-14,P004,cosmetics,996.1,0,11
2024-06-14,P005,food,1089.69,0,38
2024-06-14,P006,food,1310.17,0,13
2024-06-14,P007,household,1020.06,0,29
2024-06-14,P008,household,963.21,1,42
2024-06-14,P009,household,622.29,0,10
2024-06-14,P010,household,499.31,0,34
2024-06-14,P011,cosmetics,1461.38,0,18
2024-06-14,P012,household,464.58,1,25
2024-06-15,P001,food,1286.09,0,32
2024-06-15,P002,cosmetics,514.45,0,14
2024-06-15,P003,food,779.62,0,48
2024-06-15,P004,cosmetics,984.2,0,23
2024-06-15,P005,food,1085.46,0,30
2024-06-15,P006,food,1321.9,0,20
2024-06-15,P007,household,1026.98,0,35
2024-06-15,P008,household,957.64,1,55
2024-06-15,P009,household,629.53,0,12
2024-06-15,P010,household,492.62,0,43
2024-06-15,P011,cosmetics,1464.03,0,25
2024-06-15,P012,household,472.12,1,21
2024-06-16,P001,food,1284.22,0,28
2024-06-16,P002,cosmetics,520.17,0,11
2024-06-16,P003,food,782.42,0,45
2024-06-16,P004,cosmetics,978.67,0,23
2024-06-16,P005,food,1081.91,0,39
2024-06-16,P006,food,1314.68,0,23
2024-06-16,P007,household,1044.63,0,33
2024-06-16,P008,household,974.59,1,49
2024-06-16,P009,household,637.83,0,15
2024-06-16,P010,household,488.22,0,43
2024-06-16,P011,cosmetics,1458.03,0,32
2024-06-16,P012,household,479.14,1,36
2024-06-17,P001,food,1323.53,0,19
2024-06-17,P002,cosmetics,504.64,0,15
2024-06-17,P003,food,772.4,0,36
2024-06-17,P004,cosmetics,994.64,0,18
2024-06-17,P005,food,1102.13,0,33
2024-06-17,P006,food,1327.11,0,15
2024-06-17,P007,household,1036.36,0,39
2024-06-17,P008,household,943.64,1,42
2024-06-17,P009,household,627.65,0,20
2024-06-17,P010,household,496.38,0,31
2024-06-17,P011,cosmetics,1486.09,0,20
2024-06-17,P012,household,470.8,1,34
2024-06-18,P001,food,1324.48,0,26
2024-06-18,P002,cosmetics,514.47,0,16
2024-06-18,P003,food,773.27,0,44
2024-06-18,P004,cosmetics,1006.63,0,11
2024-06-18,P005,food,1067.39,0,37
2024-06-18,P006,food,1309.04,0,17
2024-06-18,P007,household,1045.49,0,26
2024-06-18,P008,household,949.55,1,46
2024-06-18,P009,household,638.69,0,8
2024-06-18,P010,household,493.23,0,34
2024-06-18,P011,cosmetics,1481.72,0,28
2024-06-18,P012,household,533.83,0,21
2024-06-19,P001,food,1299.7,0,28
2024-06-19,P002,cosmetics,510.54,0,10
2024-06-19,P003,food,780.84,0,48
2024-06-19,P004,cosmetics,987.58,0,18
2024-06-19,P005,food,1088.09,0,36
2024-06-19,P006,food,1344.78,0,18
2024-06-19,P007,household,1035.78,0,25
2024-06-19,P008,household,1146.38,0,21
2024-06-19,P009,household,628.79,0,12
2024-06-19,P010,household,489.83,0,43
2024-06-19,P011,cosmetics,1461.85,0,28
2024-06-19,P012,household,538.54,0,23
2024-06-20,P001,food,1297.05,0,25
2024-06-20,P002,cosmetics,511.64,0,9
2024-06-20,P003,food,771.12,0,46
2024-06-20,P004,cosmetics,997.67,0,26
2024-06-20,P005,food,1085.22,0,41
2024-06-20,P006,food,1297.04,0,17
2024-06-20,P007,household,1030.82,0,25
2024-06-20,P008,household,1169.21,0,28
2024-06-20,P009,household,631.32,0,10
2024-06-20,P010,household,496.13,0,48
2024-06-20,P011,cosmetics,1479.02,0,32
2024-06-20,P012,household,539.13,0,27
2024-06-21,P001,food,1321.07,0,27
2024-06-21,P002,cosmetics,508.9,0,9
2024-06-21,P003,food,770.59,0,42
2024-06-21,P004,cosmetics,995.72,0,12
2024-06-21,P005,food,1094.9,0,42
2024-06-21,P006,food,1341.98,0,16
2024-06-21,P007,household,1034.49,0,36
2024-06-21,P008,household,1193.96,0,22
2024-06-21,P009,household,627.01,0,13
2024-06-21,P010,household,499.58,0,37
2024-06-21,P011,cosmetics,1465.36,0,31
2024-06-21,P012,household,536.34,0,15
2024-06-22,P001,food,1287.62,0,29
2024-06-22,P002,cosmetics,512.68,0,12
2024-06-22,P003,food,785.96,0,32
2024-06-22,P004,cosmetics,979.54,0,20
2024-06-22,P005,food,1074.48,0,37
2024-06-22,P006,food,1320.54,0,22
2024-06-22,P007,household,1012.14,0,31
2024-06-22,P008,household,1167.01,0,33
2024-06-22,P009,household,630.22,0,8
2024-06-22,P010,household,495.88,0,33
2024-06-22,P011,cosmetics,1464.01,0,25
2024-06-22,P012,household,549.16,0,25
2024-06-23,P001,food,1290.39,0,28
2024-06-23,P002,cosmetics,523.0,0,20
2024-06-23,P003,food,783.54,0,42
2024-06-23,P004,cosmetics,985.77,0,22
2024-06-23,P005,food,1084.89,0,29
2024-06-23,P006,food,1326.64,0,27
2024-06-23,P007,household,1024.98,0,32
2024-06-23,P008,household,1168.7,0,35
2024-06-23,P009,household,630.55,0,13
2024-06-23,P010,household,490.49,0,53
2024-06-23,P011,cosmetics,1468.24,0,17
2024-06-23,P012,household,540.77,0,21
2024-06-24,P001,food,1310.41,0,29
2024-06-24,P002,cosmetics,507.05,0,8
2024-06-24,P003,food,781.34,0,39
2024-06-24,P004,cosmetics,972.87,0,16
2024-06-24,P005,food,1089.22,0,36
2024-06-24,P006,food,1336.96,0,11
2024-06-24,P007,household,1046.67,0,33
2024-06-24,P008,household,1173.95,0,18
2024-06-24,P009,household,619.09,0,9
2024-06-24,P010,household,498.16,0,31
2024-06-24,P011,cosmetics,1478.42,0,25
2024-06-24,P012,household,534.35,0,24
2024-06-25,P001,food,1296.9,0,23
2024-06-25,P002,cosmetics,507.54,0,6
2024-06-25,P003,food,783.86,0,60
2024-06-25,P004,cosmetics,983.49,0,15
2024-06-25,P005,food,1102.0,0,35
2024-06-25,P006,food,1330.67,0,17
2024-06-25,P007,household,1049.19,0,19
2024-06-25,P008,household,1166.17,0,24
2024-06-25,P009,household,626.43,0,9
2024-06-25,P010,household,500.91,0,44
2024-06-25,P011,cosmetics,1455.86,0,16
2024-06-25,P012,household,531.46,0,16
2024-06-26,P001,food,1301.97,0,24
2024-06-26,P002,cosmetics,506.86,0,12
2024-06-26,P003,food,761.31,0,45
2024-06-26,P004,cosmetics,979.34,0,18
2024-06-26,P005,food,1093.96,0,32
2024-06-26,P006,food,1309.72,0,21
2024-06-26,P007,household,1051.42,0,22
2024-06-26,P008,household,1171.8,0,24
2024-06-26,P009,household,621.45,0,13
2024-06-26,P010,household,506.75,0,23
2024-06-26,P011,cosmetics,1476.35,0,27
2024-06-26,P012,household,541.41,0,26
2024-06-27,P001,food,1299.91,0,25
2024-06-27,P002,cosmetics,522.42,0,10
2024-06-27,P003,food,787.18,0,42
2024-06-27,P004,cosmetics,981.54,0,22
2024-06-27,P005,food,1077.43,0,39
2024-06-27,P006,food,1327.27,0,19
2024-06-27,P007,household,1041.41,0,37
2024-06-27,P008,household,1172.1,0,33
2024-06-27,P009,household,626.65,0,15
2024-06-27,P010,household,502.92,0,42
2024-06-27,P011,cosmetics,1505.66,0,18
2024-06-27,P012,household,534.23,0,35
2024-06-28,P001,food,1306.43,0,15
2024-06-28,P002,cosmetics,511.17,0,14
2024-06-28,P003,food,779.71,0,41
2024-06-28,P004,cosmetics,978.12,0,20
2024-06-28,P005,food,975.97,1,59
2024-06-28,P006,food,1343.99,0,13
2024-06-28,P007,household,1013.44,0,32
2024-06-28,P008,household,1157.65,0,24
2024-06-28,P009,household,624.21,0,9
2024-06-28,P010,household,490.79,0,48
2024-06-28,P011,cosmetics,1471.66,0,29
2024-06-28,P012,household,550.83,0,20
2024-06-29,P001,food,1320.36,0,24
2024-06-29,P002,cosmetics,513.42,0,17
2024-06-29,P003,food,784.52,0,51
2024-06-29,P004,cosmetics,982.68,0,18
2024-06-29,P005,food,989.44,1,49
2024-06-29,P006,food,1307.64,0,15
2024-06-29,P007,household,1030.25,0,40
2024-06-29,P008,household,1166.43,0,39
2024-06-29,P009,household,635.58,0,11
2024-06-29,P010,household,500.03,0,41
2024-06-29,P011,cosmetics,1469.49,0,23
2024-06-29,P012,household,541.53,0,27
2024-06-30,P001,food,1303.22,0,31
2024-06-30,P002,cosmetics,511.48,0,18
2024-06-30,P003,food,779.68,0,41
2024-06-30,P004,cosmetics,990.76,0,23
2024-06-30,P005,food,968.98,1,64
2024-06-30,P006,food,1347.3,0,22
2024-06-30,P007,household,1050.57,0,44
2024-06-30,P008,household,1176.19,0,35
2024-06-30,P009,household,635.65,0,17
2024-06-30,P010,household,497.05,0,50
2024-06-30,P011,cosmetics,1467.73,0,22
2024-06-30,P012,household,542.24,0,17
2024-07-01,P001,food,1310.42,0,31
2024-07-01,P002,cosmetics,508.7,0,14
2024-07-01,P003,food,777.05,0,49
2024-07-01,P004,cosmetics,984.33,0,16
2024-07-01,P005,food,979.98,1,42
2024-07-01,P006,food,1324.44,0,10
2024-07-01,P007,household,1053.66,0,17
2024-07-01,P008,household,1178.37,0,33
2024-07-01,P009,household,632.74,0,9
2024-07-01,P010,household,490.06,0,43
2024-07-01,P011,cosmetics,1475.99,0,28
2024-07-01,P012,household,540.56,0,14
2024-07-02,P001,food,1275.34,0,24
2024-07-02,P002,cosmetics,512.34,0,13
2024-07-02,P003,food,774.53,0,49
2024-07-02,P004,cosmetics,967.14,0,24
2024-07-02,P005,food,980.66,1,43
2024-07-02,P006,food,1313.63,0,16
2024-07-02,P007,household,1050.96,0,28
2024-07-02,P008,household,1182.68,0,30
2024-07-02,P009,household,552.05,1,21
2024-07-02,P010,household,497.18,0,27
2024-07-02,P011,cosmetics,1445.31,0,19
2024-07-02,P012,household,545.27,0,21
2024-07-03,P001,food,1301.4,0,14
2024-07-03,P002,cosmetics,526.17,0,12
2024-07-03,P003,food,779.52,0,56
2024-07-03,P004,cosmetics,978.16,0,11
2024-07-03,P005,food,976.97,1,58
2024-07-03,P006,food,1307.56,0,18
2024-07-03,P007,household,1034.39,0,51
2024-07-03,P008,household,1171.44,0,38
2024-07-03,P009,household,558.59,1,19
2024-07-03,P010,household,505.29,0,43
2024-07-03,P011,cosmetics,1493.95,0,32
2024-07-03,P012,household,526.31,0,25
2024-07-04,P001,food,1291.06,0,26
2024-07-04,P002,cosmetics,520.7,0,10
2024-07-04,P003,food,774.25,0,44
2024-07-04,P004,cosmetics,970.54,0,17
2024-07-04,P005,food,1007.19,1,44
2024-07-04,P006,food,1316.4,0,19
2024-07-04,P007,household,1023.29,0,34
2024-07-04,P008,household,1171.68,0,32
2024-07-04,P009,household,551.6,1,24
2024-07-04,P010,household,501.7,0,44
2024-07-04,P011,cosmetics,1483.38,0,26
2024-07-04,P012,household,532.73,0,28
2024-07-05,P001,food,1286.17,0,27
2024-07-05,P002,cosmetics,509.17,0,15
2024-07-05,P003,food,783.41,0,45
2024-07-05,P004,cosmetics,987.92,0,18
2024-07-05,P005,food,1085.84,0,47
2024-07-05,P006,food,1293.55,0,17
2024-07-05,P007,household,1036.41,0,36
2024-07-05,P008,household,1176.28,0,34
2024-07-05,P009,household,628.29,0,11
2024-07-05,P010,household,490.75,0,39
2024-07-05,P011,cosmetics,1459.5,0,34
2024-07-05,P012,household,544.8,0,22
2024-07-06,P001,food,1290.6,0,21
2024-07-06,P002,cosmetics,516.87,0,17
2024-07-06,P003,food,764.35,0,57
2024-07-06,P004,cosmetics,990.47,0,17
2024-07-06,P005,food,1095.24,0,42
2024-07-06,P006,food,1313.87,0,19
2024-07-06,P007,household,1036.99,0,31
2024-07-06,P008,household,1160.58,0,42
2024-07-06,P009,household,562.75,1,17
2024-07-06,P010,household,495.84,0,36
2024-07-06,P011,cosmetics,1469.43,0,20
2024-07-06,P012,household,547.31,0,16
2024-07-07,P001,food,1297.69,0,28
2024-07-07,P002,cosmetics,509.28,0,20
2024-07-07,P003,food,772.46,0,42
2024-07-07,P004,cosmetics,988.04,0,14
2024-07-07,P005,food,1081.98,0,36
2024-07-07,P006,food,1315.88,0,17
2024-07-07,P007,household,1053.07,0,35
2024-07-07,P008,household,1160.1,0,28
2024-07-07,P009,household,564.68,1,17
2024-07-07,P010,household,498.21,0,40
2024-07-07,P011,cosmetics,1460.78,0,23
2024-07-07,P012,household,532.56,0,25
2024-07-08,P001,food,1313.96,0,21
2024-07-08,P002,cosmetics,504.42,0,11
2024-07-08,P003,food,792.55,0,47
2024-07-08,P004,cosmetics,977.75,0,14
2024-07-08,P005,food,1096.09,0,33
2024-07-08,P006,food,1305.17,0,12
2024-07-08,P007,household,1039.2,0,26
2024-07-08,P008,household,1166.07,0,32
2024-07-08,P009,household,561.78,1,19
2024-07-08,P010,household,487.2,0,40
2024-07-08,P011,cosmetics,1473.36,0,23
2024-07-08,P012,household,529.42,0,12
2024-07-09,P001,food,1284.77,0,14
2024-07-09,P002,cosmetics,518.78,0,10
2024-07-09,P003,food,771.81,0,37
2024-07-09,P004,cosmetics,987.94,0,11
2024-07-09,P005,food,1099.83,0,45
2024-07-09,P006,food,1329.22,0,11
2024-07-09,P007,household,1037.01,0,35
2024-07-09,P008,household,1152.64,0,35
2024-07-09,P009,household,566.17,1,26
2024-07-09,P010,household,487.37,0,28
2024-07-09,P011,cosmetics,1469.87,0,27
2024-07-09,P012,household,540.13,0,22
2024-07-10,P001,food,1302.44,0,20
2024-07-10,P002,cosmetics,519.5,0,12
2024-07-10,P003,food,774.82,0,43
2024-07-10,P004,cosmetics,980.88,0,22
2024-07-10,P005,food,1083.92,0,34
2024-07-10,P006,food,1316.46,0,15
2024-07-10,P007,household,1037.6,0,26
2024-07-10,P008,household,1172.27,0,31
2024-07-10,P009,household,560.59,1,24
2024-07-10,P010,household,496.54,0,28
2024-07-10,P011,cosmetics,1472.32,0,24
2024-07-10,P012,household,541.84,0,18
2024-07-11,P001,food,1295.73,0,33
2024-07-11,P002,cosmetics,518.92,0,10
2024-07-11,P003,food,769.81,0,39
2024-07-11,P004,cosmetics,974.29,0,13
2024-07-11,P005,food,1089.74,0,25
2024-07-11,P006,food,1310.96,0,17
2024-07-11,P007,household,1040.98,0,21
2024-07-11,P008,household,1179.77,0,26
2024-07-11,P009,household,557.83,1,24
2024-07-11,P010,household,496.61,0,24
2024-07-11,P011,cosmetics,1453.86,0,14
2024-07-11,P012,household,540.02,0,24
2024-07-12,P001,food,1297.77,0,17
2024-07-12,P002,cosmetics,511.13,0,13
2024-07-12,P003,food,779.28,0,49
2024-07-12,P004,cosmetics,992.82,0,20
2024-07-12,P005,food,1080.57,0,34
2024-07-12,P006,food,1315.06,0,24
2024-07-12,P007,household,1043.33,0,30
2024-07-12,P008,household,1159.23,0,31
2024-07-12,P009,household,564.02,1,17
2024-07-12,P010,household,486.66,0,28
2024-07-12,P011,cosmetics,1461.89,0,30
2024-07-12,P012,household,538.9,0,26
2024-07-13,P001,food,1315.09,0,30
2024-07-13,P002,cosmetics,512.69,0,10
2024-07-13,P003,food,770.95,0,47
2024-07-13,P004,cosmetics,820.1,1,27
2024-07-13,P005,food,1077.86,0,37
2024-07-13,P006,food,1324.03,0,25
2024-07-13,P007,household,1029.32,0,50
2024-07-13,P008,household,1172.6,0,25
2024-07-13,P009,household,564.2,1,15
2024-07-13,P010,household,497.7,0,43
2024-07-13,P011,cosmetics,1485.8,0,32
2024-07-13,P012,household,529.24,0,24
2024-07-14,P001,food,1309.04,0,35
2024-07-14,P002,cosmetics,517.4,0,15
2024-07-14,P003,food,775.23,0,36
2024-07-14,P004,cosmetics,821.17,1,31
2024-07-14,P005,food,1101.64,0,51
2024-07-14,P006,food,1320.32,0,23
2024-07-14,P007,household,1025.87,0,33
2024-07-14,P008,household,1160.18,0,34
2024-07-14,P009,household,625.91,0,9
2024-07-14,P010,household,501.17,0,39
2024-07-14,P011,cosmetics,1461.13,0,28
2024-07-14,P012,household,537.2,0,24
2024-07-15,P001,food,1319.45,0,29
2024-07-15,P002,cosmetics,515.56,0,11
2024-07-15,P003,food,783.26,0,54
2024-07-15,P004,cosmetics,808.5,1,24
2024-07-15,P005,food,1084.3,0,28
2024-07-15,P006,food,1310.1,0,13
2024-07-15,P007,household,1051.05,0,20
2024-07-15,P008,household,1155.66,0,26
2024-07-15,P009,household,631.6,0,14
2024-07-15,P010,household,385.98,1,63
2024-07-15,P011,cosmetics,1430.13,0,27
2024-07-15,P012,household,538.0,0,24
2024-07-16,P001,food,1300.03,0,22
2024-07-16,P002,cosmetics,511.53,0,11
2024-07-16,P003,food,771.24,0,45
2024-07-16,P004,cosmetics,823.04,1,21
2024-07-16,P005,food,1064.02,0,37
2024-07-16,P006,food,1321.01,0,13
2024-07-16,P007,household,1019.82,0,26
2024-07-16,P008,household,1191.52,0,26
2024-07-16,P009,household,627.36,0,10
2024-07-16,P010,household,387.05,1,65
2024-07-16,P011,cosmetics,1466.75,0,18
2024-07-16,P012,household,536.27,0,19
2024-07-17,P001,food,1292.98,0,35
2024-07-17,P002,cosmetics,505.23,0,13
2024-07-17,P003,food,782.79,0,54
2024-07-17,P004,cosmetics,980.65,0,19
2024-07-17,P005,food,998.07,1,48
2024-07-17,P006,food,1318.68,0,17
2024-07-17,P007,household,1053.82,0,29
2024-07-17,P008,household,1155.82,0,30
2024-07-17,P009,household,616.57,0,11
2024-07-17,P010,household,389.03,1,70
2024-07-17,P011,cosmetics,1504.39,0,25
2024-07-17,P012,household,528.88,0,36
2024-07-18,P001,food,1299.12,0,29
2024-07-18,P002,cosmetics,514.13,0,10
2024-07-18,P003,food,783.06,0,51
2024-07-18,P004,cosmetics,991.95,0,19
2024-07-18,P005,food,972.89,1,59
2024-07-18,P006,food,1304.32,0,17
2024-07-18,P007,household,1017.02,0,32
2024-07-18,P008,household,1152.59,0,24
2024-07-18,P009,household,631.98,0,11
2024-07-18,P010,household,388.52,1,63
2024-07-18,P011,cosmetics,1481.44,0,30
2024-07-18,P012,household,542.38,0,28
2024-07-19,P001,food,1305.19,0,22
2024-07-19,P002,cosmetics,519.09,0,12
2024-07-19,P003,food,784.86,0,55
2024-07-19,P004,cosmetics,980.48,0,14
2024-07-19,P005,food,978.34,1,50
2024-07-19,P006,food,1315.54,0,15
2024-07-19,P007,household,1030.77,0,31
2024-07-19,P008,household,1170.03,0,22
2024-07-19,P009,household,621.07,0,14
2024-07-19,P010,household,380.37,1,65
2024-07-19,P011,cosmetics,1460.39,0,24
2024-07-19,P012,household,543.89,0,28
2024-07-20,P001,food,1304.34,0,30
2024-07-20,P002,cosmetics,507.4,0,27
2024-07-20,P003,food,777.76,0,37
2024-07-20,P004,cosmetics,983.3,0,20
2024-07-20,P005,food,996.85,1,55
2024-07-20,P006,food,1326.99,0,19
2024-07-20,P007,household,1046.91,0,29
2024-07-20,P008,household,1170.66,0,26
2024-07-20,P009,household,631.28,0,11
2024-07-20,P010,household,383.32,1,51
2024-07-20,P011,cosmetics,1468.22,0,27
2024-07-20,P012,household,534.94,0,28
2024-07-21,P001,food,1287.92,0,26
2024-07-21,P002,cosmetics,516.83,0,16
2024-07-21,P003,food,801.84,0,44
2024-07-21,P004,cosmetics,961.65,0,32
2024-07-21,P005,food,979.36,1,46
2024-07-21,P006,food,1326.9,0,22
2024-07-21,P007,household,1036.84,0,26
2024-07-21,P008,household,1175.31,0,28
2024-07-21,P009,household,619.55,0,12
2024-07-21,P010,household,493.81,0,37
2024-07-21,P011,cosmetics,1478.95,0,30
2024-07-21,P012,household,538.22,0,26
2024-07-22,P001,food,1303.22,0,25
2024-07-22,P002,cosmetics,515.25,0,19
2024-07-22,P003,food,784.86,0,37
2024-07-22,P004,cosmetics,982.54,0,14
2024-07-22,P005,food,979.15,1,41
2024-07-22,P006,food,1316.32,0,13
2024-07-22,P007,household,1023.19,0,29
2024-07-22,P008,household,1190.89,0,27
2024-07-22,P009,household,624.68,0,8
2024-07-22,P010,household,491.51,0,28
2024-07-22,P011,cosmetics,1443.17,0,37
2024-07-22,P012,household,536.54,0,20
2024-07-23,P001,food,1305.01,0,22
2024-07-23,P002,cosmetics,517.4,0,10
2024-07-23,P003,food,779.19,0,51
2024-07-23,P004,cosmetics,986.41,0,13
2024-07-23,P005,food,968.71,1,63
2024-07-23,P006,food,1328.28,0,11
2024-07-23,P007,household,1041.26,0,21
2024-07-23,P008,household,1158.45,0,26
2024-07-23,P009,household,626.48,0,12
2024-07-23,P010,household,503.05,0,43
2024-07-23,P011,cosmetics,1456.39,0,16
2024-07-23,P012,household,536.6,0,29
2024-07-24,P001,food,1334.82,0,32
2024-07-24,P002,cosmetics,518.03,0,15
2024-07-24,P003,food,769.87,0,39
2024-07-24,P004,cosmetics,981.47,0,25
2024-07-24,P005,food,964.72,1,63
2024-07-24,P006,food,1306.42,0,16
2024-07-24,P007,household,1037.53,0,27
2024-07-24,P008,household,1160.77,0,31
2024-07-24,P009,household,636.77,0,10
2024-07-24,P010,household,498.92,0,41
2024-07-24,P011,cosmetics,1474.82,0,21
2024-07-24,P012,household,541.88,0,20
2024-07-25,P001,food,1326.47,0,21
2024-07-25,P002,cosmetics,509.98,0,15
2024-07-25,P003,food,775.92,0,53
2024-07-25,P004,cosmetics,1002.82,0,23
2024-07-25,P005,food,979.12,1,56
2024-07-25,P006,food,1306.83,0,21
2024-07-25,P007,household,1034.6,0,28
2024-07-25,P008,household,1186.31,0,26
2024-07-25,P009,household,625.86,0,7
2024-07-25,P010,household,490.27,0,39
2024-07-25,P011,cosmetics,1492.39,0,26
2024-07-25,P012,household,542.01,0,28
2024-07-26,P001,food,1290.93,0,25
2024-07-26,P002,cosmetics,505.24,0,13
2024-07-26,P003,food,787.75,0,39
2024-07-26,P004,cosmetics,974.06,0,10
2024-07-26,P005,food,1094.29,0,42
2024-07-26,P006,food,1316.03,0,19
2024-07-26,P007,household,1030.37,0,30
2024-07-26,P008,household,1178.49,0,25
2024-07-26,P009,household,622.45,0,12
2024-07-26,P010,household,494.71,0,34
2024-07-26,P011,cosmetics,1462.51,0,21
2024-07-26,P012,household,545.02,0,20
2024-07-27,P001,food,1298.3,0,31
2024-07-27,P002,cosmetics,510.81,0,13
2024-07-27,P003,food,789.95,0,43
2024-07-27,P004,cosmetics,979.96,0,23
2024-07-27,P005,food,1093.67,0,43
2024-07-27,P006,food,1339.11,0,19
2024-07-27,P007,household,1036.48,0,37
2024-07-27,P008,household,1176.87,0,35
2024-07-27,P009,household,631.5,0,14
2024-07-27,P010,household,501.38,0,35
2024-07-27,P011,cosmetics,1491.99,0,25
2024-07-27,P012,household,544.91,0,16
2024-07-28,P001,food,1282.98,0,26
2024-07-28,P002,cosmetics,518.11,0,21
2024-07-28,P003,food,788.15,0,36
2024-07-28,P004,cosmetics,976.59,0,23
2024-07-28,P005,food,1085.09,0,40
2024-07-28,P006,food,1321.5,0,23
2024-07-28,P007,household,1030.8,0,30
2024-07-28,P008,household,1160.64,0,31
2024-07-28,P009,household,627.85,0,8
2024-07-28,P010,household,492.57,0,37
2024-07-28,P011,cosmetics,1457.89,0,19
2024-07-28,P012,household,538.3,0,31
2024-07-29,P001,food,1294.35,0,22
2024-07-29,P002,cosmetics,510.76,0,14
2024-07-29,P003,food,782.77,0,40
2024-07-29,P004,cosmetics,979.96,0,11
2024-07-29,P005,food,1090.56,0,18
2024-07-29,P006,food,1315.72,0,14
2024-07-29,P007,household,1062.08,0,32
2024-07-29,P008,household,1180.67,0,26
2024-07-29,P009,household,634.19,0,6
2024-07-29,P010,household,500.0,0,40
2024-07-29,P011,cosmetics,1419.23,0,27
2024-07-29,P012,household,554.55,0,29
2024-07-30,P001,food,1306.15,0,18
2024-07-30,P002,cosmetics,509.98,0,19
2024-07-30,P003,food,766.92,0,53
2024-07-30,P004,cosmetics,995.68,0,15
2024-07-30,P005,food,1070.3,0,32
2024-07-30,P006,food,1339.72,0,12
2024-07-30,P007,household,1034.35,0,19
2024-07-30,P008,household,1176.9,0,28
2024-07-30,P009,household,622.85,0,11
2024-07-30,P010,household,502.63,0,45
2024-07-30,P011,cosmetics,1479.89,0,21
2024-07-30,P012,household,547.58,0,17
2024-07-31,P001,food,1317.74,0,22
2024-07-31,P002,cosmetics,504.19,0,18
2024-07-31,P003,food,780.45,0,61
2024-07-31,P004,cosmetics,1000.08,0,14
2024-07-31,P005,food,1095.35,0,35
2024-07-31,P006,food,1315.56,0,23
2024-07-31,P007,household,1032.96,0,26
2024-07-31,P008,household,1169.74,0,30
2024-07-31,P009,household,630.54,0,14
2024-07-31,P010,household,501.81,0,32
2024-07-31,P011,cosmetics,1476.9,0,27
2024-07-31,P012,household,535.67,0,18
2024-08-01,P001,food,1292.54,0,25
2024-08-01,P002,cosmetics,522.55,0,13
2024-08-01,P003,food,767.03,0,39
2024-08-01,P004,cosmetics,978.61,0,18
2024-08-01,P005,food,1092.1,0,36
2024-08-01,P006,food,1348.83,0,13
2024-08-01,P007,household,1031.22,0,29
2024-08-01,P008,household,1160.7,0,31
2024-08-01,P009,household,644.75,0,13
2024-08-01,P010,household,496.67,0,33
2024-08-01,P011,cosmetics,1479.78,0,23
2024-08-01,P012,household,539.9,0,26
2024-08-02,P001,food,1293.52,0,20
2024-08-02,P002,cosmetics,517.79,0,12
2024-08-02,P003,food,765.12,0,41
2024-08-02,P004,cosmetics,978.39,0,17
2024-08-02,P005,food,1111.86,0,38
2024-08-02,P006,food,1312.6,0,15
2024-08-02,P007,household,906.35,1,36
2024-08-02,P008,household,1168.77,0,38
2024-08-02,P009,household,627.71,0,11
2024-08-02,P010,household,501.98,0,34
2024-08-02,P011,cosmetics,1479.21,0,21
2024-08-02,P012,household,528.51,0,13
2024-08-03,P001,food,1274.08,0,39
2024-08-03,P002,cosmetics,517.5,0,15
2024-08-03,P003,food,778.53,0,47
2024-08-03,P004,cosmetics,974.11,0,18
2024-08-03,P005,food,1090.42,0,37
2024-08-03,P006,food,1306.0,0,13
2024-08-03,P007,household,875.93,1,56
2024-08-03,P008,household,1186.77,0,33
2024-08-03,P009,household,630.39,0,7
2024-08-03,P010,household,493.19,0,47
2024-08-03,P011,cosmetics,1471.78,0,21
2024-08-03,P012,household,539.37,0,26
2024-08-04,P001,food,1299.92,0,31
2024-08-04,P002,cosmetics,518.52,0,18
2024-08-04,P003,food,780.73,0,44
2024-08-04,P004,cosmetics,998.39,0,20
2024-08-04,P005,food,1080.06,0,32
2024-08-04,P006,food,1317.15,0,14
2024-08-04,P007,household,893.73,1,56
2024-08-04,P008,household,1154.75,0,30
2024-08-04,P009,household,618.76,0,7
2024-08-04,P010,household,508.1,0,28
2024-08-04,P011,cosmetics,1465.16,0,20
2024-08-04,P012,household,548.25,0,24
2024-08-05,P001,food,1288.2,0,34
2024-08-05,P002,cosmetics,426.67,1,23
2024-08-05,P003,food,619.09,1,85
2024-08-05,P004,cosmetics,996.56,0,11
2024-08-05,P005,food,1089.78,0,34
2024-08-05,P006,food,1316.06,0,18
2024-08-05,P007,household,888.4,1,42
2024-08-05,P008,household,1158.19,0,27
2024-08-05,P009,household,623.84,0,4
2024-08-05,P010,household,496.97,0,42
2024-08-05,P011,cosmetics,1465.72,0,25
2024-08-05,P012,household,554.22,0,25
2024-08-06,P001,food,1295.14,0,32
2024-08-06,P002,cosmetics,423.19,1,31
2024-08-06,P003,food,616.6,1,75
2024-08-06,P004,cosmetics,984.47,0,16
2024-08-06,P005,food,1086.76,0,30
2024-08-06,P006,food,1308.69,0,14
2024-08-06,P007,household,877.85,1,33
2024-08-06,P008,household,1160.19,0,27
2024-08-06,P009,household,632.1,0,13
2024-08-06,P010,household,501.46,0,36
2024-08-06,P011,cosmetics,1462.2,0,26
2024-08-06,P012,household,538.57,0,22
2024-08-07,P001,food,1290.62,0,26
2024-08-07,P002,cosmetics,423.53,1,33
2024-08-07,P003,food,616.81,1,66
2024-08-07,P004,cosmetics,971.75,0,15
2024-08-07,P005,food,1095.08,0,36
2024-08-07,P006,food,1353.68,0,16
2024-08-07,P007,household,883.24,1,42
2024-08-07,P008,household,1162.73,0,23
2024-08-07,P009,household,627.14,0,12
2024-08-07,P010,household,493.98,0,36
2024-08-07,P011,cosmetics,1463.08,0,20
2024-08-07,P012,household,541.03,0,28
2024-08-08,P001,food,1300.81,0,29
2024-08-08,P002,cosmetics,422.41,1,25
2024-08-08,P003,food,607.51,1,77
2024-08-08,P004,cosmetics,972.63,0,8
2024-08-08,P005,food,1090.63,0,39
2024-08-08,P006,food,1323.55,0,17
2024-08-08,P007,household,1040.12,0,32
2024-08-08,P008,household,1167.34,0,18
2024-08-08,P009,household,633.08,0,10
2024-08-08,P010,household,498.25,0,41
2024-08-08,P011,cosmetics,1442.36,0,21
2024-08-08,P012,household,542.49,0,21
2024-08-09,P001,food,1279.15,0,23
2024-08-09,P002,cosmetics,435.41,1,29
2024-08-09,P003,food,612.91,1,93
2024-08-09,P004,cosmetics,987.19,0,9
2024-08-09,P005,food,1076.6,0,44
2024-08-09,P006,food,1325.47,0,15
2024-08-09,P007,household,1027.87,0,34
2024-08-09,P008,household,1178.72,0,30
2024-08-09,P009,household,631.89,0,11
2024-08-09,P010,household,498.47,0,40
2024-08-09,P011,cosmetics,1451.13,0,25
2024-08-09,P012,household,549.9,0,25
2024-08-10,P001,food,1282.94,0,34
2024-08-10,P002,cosmetics,426.59,1,40
2024-08-10,P003,food,604.3,1,71
2024-08-10,P004,cosmetics,990.93,0,28
2024-08-10,P005,food,1072.5,0,39
2024-08-10,P006,food,1313.26,0,19
2024-08-10,P007,household,1039.53,0,28
2024-08-10,P008,household,1172.91,0,28
2024-08-10,P009,household,620.92,0,11
2024-08-10,P010,household,491.17,0,38
2024-08-10,P011,cosmetics,1466.57,0,28
2024-08-10,P012,household,533.92,0,28
2024-08-11,P001,food,1329.76,0,35
2024-08-11,P002,cosmetics,422.26,1,33
2024-08-11,P003,food,601.26,1,70
2024-08-11,P004,cosmetics,965.15,0,22
2024-08-11,P005,food,1093.2,0,37
2024-08-11,P006,food,1311.73,0,16
2024-08-11,P007,household,1054.76,0,29
2024-08-11,P008,household,1168.23,0,35
2024-08-11,P009,household,635.6,0,7
2024-08-11,P010,household,491.02,0,36
2024-08-11,P011,cosmetics,1436.05,0,20
2024-08-11,P012,household,553.54,0,21
2024-08-12,P001,food,1285.27,0,25
2024-08-12,P002,cosmetics,426.2,1,21
2024-08-12,P003,food,618.09,1,79
2024-08-12,P004,cosmetics,982.35,0,17
2024-08-12,P005,food,1105.42,0,24
2024-08-12,P006,food,1332.88,0,14
2024-08-12,P007,household,1038.6,0,25
2024-08-12,P008,household,1170.76,0,31
2024-08-12,P009,household,621.39,0,6
2024-08-12,P010,household,494.76,0,36
2024-08-12,P011,cosmetics,1439.47,0,26
2024-08-12,P012,household,537.51,0,32
2024-08-13,P001,food,1287.76,0,18
2024-08-13,P002,cosmetics,419.94,1,27
2024-08-13,P003,food,608.93,1,93
2024-08-13,P004,cosmetics,1001.46,0,20
2024-08-13,P005,food,1091.2,0,42
2024-08-13,P006,food,1297.24,0,15
2024-08-13,P007,household,1021.76,0,39
2024-08-13,P008,household,1174.81,0,30
2024-08-13,P009,household,624.4,0,8
2024-08-13,P010,household,501.26,0,42
2024-08-13,P011,cosmetics,1464.06,0,27
2024-08-13,P012,household,532.91,0,36
2024-08-14,P001,food,1325.95,0,23
2024-08-14,P002,cosmetics,521.27,0,8
2024-08-14,P003,food,783.45,0,53
2024-08-14,P004,cosmetics,983.37,0,19
2024-08-14,P005,food,1099.2,0,32
2024-08-14,P006,food,1304.27,0,13
2024-08-14,P007,household,1028.06,0,27
2024-08-14,P008,household,1147.89,0,19
2024-08-14,P009,household,630.66,0,16
2024-08-14,P010,household,486.7,0,39
2024-08-14,P011,cosmetics,1467.08,0,23
2024-08-14,P012,household,537.52,0,24
2024-08-15,P001,food,1339.86,0,28
2024-08-15,P002,cosmetics,510.15,0,10
2024-08-15,P003,food,785.28,0,38
2024-08-15,P004,cosmetics,1000.19,0,30
2024-08-15,P005,food,1101.38,0,30
2024-08-15,P006,food,1316.09,0,17
2024-08-15,P007,household,1033.88,0,20
2024-08-15,P008,household,1180.04,0,26
2024-08-15,P009,household,639.07,0,9
2024-08-15,P010,household,493.98,0,29
2024-08-15,P011,cosmetics,1464.36,0,19
2024-08-15,P012,household,534.86,0,17
2024-08-16,P001,food,1286.78,0,25
2024-08-16,P002,cosmetics,516.12,0,15
2024-08-16,P003,food,771.86,0,46
2024-08-16,P004,cosmetics,991.91,0,14
2024-08-16,P005,food,1093.24,0,43
2024-08-16,P006,food,1337.17,0,15
2024-08-16,P007,household,1033.18,0,27
2024-08-16,P008,household,1157.88,0,18
2024-08-16,P009,household,622.9,0,12
2024-08-16,P010,household,502.27,0,37
2024-08-16,P011,cosmetics,1434.01,0,26
2024-08-16,P012,household,541.48,0,18
2024-08-17,P001,food,1297.24,0,26
2024-08-17,P002,cosmetics,519.02,0,24
2024-08-17,P003,food,781.25,0,49
2024-08-17,P004,cosmetics,974.83,0,16
2024-08-17,P005,food,1081.46,0,22
2024-08-17,P006,food,1314.41,0,19
2024-08-17,P007,household,1038.41,0,39
2024-08-17,P008,household,1162.35,0,28
2024-08-17,P009,household,630.14,0,8
2024-08-17,P010,household,489.67,0,28
2024-08-17,P011,cosmetics,1491.77,0,19
2024-08-17,P012,household,530.31,0,31
2024-08-18,P001,food,1306.48,0,33
2024-08-18,P002,cosmetics,515.52,0,15
2024-08-18,P003,food,771.53,0,40
2024-08-18,P004,cosmetics,982.63,0,19
2024-08-18,P005,food,1092.47,0,42
2024-08-18,P006,food,1324.84,0,27
2024-08-18,P007,household,1040.07,0,25
2024-08-18,P008,household,960.17,1,48
2024-08-18,P009,household,630.19,0,9
2024-08-18,P010,household,501.99,0,35
2024-08-18,P011,cosmetics,1447.87,0,30
2024-08-18,P012,household,539.99,0,28
2024-08-19,P001,food,1324.55,0,24
2024-08-19,P002,cosmetics,514.03,0,17
2024-08-19,P003,food,762.33,0,43
2024-08-19,P004,cosmetics,984.24,0,13
2024-08-19,P005,food,1103.5,0,41
2024-08-19,P006,food,1319.72,0,19
2024-08-19,P007,household,1054.78,0,23
2024-08-19,P008,household,956.19,1,39
2024-08-19,P009,household,633.35,0,12
2024-08-19,P010,household,490.18,0,32
2024-08-19,P011,cosmetics,1456.95,0,35
2024-08-19,P012,household,542.8,0,20
2024-08-20,P001,food,1289.19,0,22
2024-08-20,P002,cosmetics,513.6,0,22
2024-08-20,P003,food,777.63,0,52
2024-08-20,P004,cosmetics,976.12,0,4
2024-08-20,P005,food,1096.11,0,34
2024-08-20,P006,food,1336.45,0,22
2024-08-20,P007,household,1036.8,0,18
2024-08-20,P008,household,961.58,1,33
2024-08-20,P009,household,636.66,0,12
2024-08-20,P010,household,491.23,0,36
2024-08-20,P011,cosmetics,1450.43,0,27
2024-08-20,P012,household,547.22,0,27
2024-08-21,P001,food,1298.84,0,17
2024-08-21,P002,cosmetics,513.26,0,13
2024-08-21,P003,food,610.66,1,85
2024-08-21,P004,cosmetics,975.95,0,19
2024-08-21,P005,food,1098.49,0,40
2024-08-21,P006,food,1298.44,0,9
2024-08-21,P007,household,1024.89,0,24
2024-08-21,P008,household,958.27,1,40
2024-08-21,P009,household,556.87,1,18
2024-08-21,P010,household,495.05,0,40
2024-08-21,P011,cosmetics,1182.12,1,36
2024-08-21,P012,household,542.89,0,21
2024-08-22,P001,food,1312.16,0,29
2024-08-22,P002,cosmetics,510.59,0,9
2024-08-22,P003,food,610.85,1,84
2024-08-22,P004,cosmetics,1000.36,0,16
2024-08-22,P005,food,1085.29,0,45
2024-08-22,P006,food,1329.06,0,20
2024-08-22,P007,household,1048.8,0,23
2024-08-22,P008,household,954.15,1,36
2024-08-22,P009,household,564.79,1,13
2024-08-22,P010,household,505.06,0,27
2024-08-22,P011,cosmetics,1171.88,1,34
2024-08-22,P012,household,546.89,0,22
2024-08-23,P001,food,1307.7,0,20
2024-08-23,P002,cosmetics,511.24,0,12
2024-08-23,P003,food,625.67,1,83
2024-08-23,P004,cosmetics,975.88,0,21
2024-08-23,P005,food,1088.13,0,28
2024-08-23,P006,food,1316.73,0,18
2024-08-23,P007,household,901.78,1,42
2024-08-23,P008,household,971.54,1,37
2024-08-23,P009,household,566.57,1,20
2024-08-23,P010,household,492.6,0,35
2024-08-23,P011,cosmetics,1161.44,1,34
2024-08-23,P012,household,535.96,0,26
2024-08-24,P001,food,1297.14,0,28
2024-08-24,P002,cosmetics,521.15,0,11
2024-08-24,P003,food,604.19,1,68
2024-08-24,P004,cosmetics,996.14,0,19
2024-08-24,P005,food,1089.04,0,33
2024-08-24,P006,food,1331.55,0,17
2024-08-24,P007,household,892.6,1,40
2024-08-24,P008,household,963.69,1,28
2024-08-24,P009,household,569.11,1,14
2024-08-24,P010,household,487.18,0,39
2024-08-24,P011,cosmetics,1160.62,1,31
2024-08-24,P012,household,541.35,0,35
2024-08-25,P001,food,1300.29,0,22
2024-08-25,P002,cosmetics,512.99,0,13
2024-08-25,P003,food,615.9,1,83
2024-08-25,P004,cosmetics,981.21,0,26
2024-08-25,P005,food,1089.78,0,36
2024-08-25,P006,food,1308.54,0,19
2024-08-25,P007,household,888.33,1,48
2024-08-25,P008,household,959.81,1,38
2024-08-25,P009,household,561.94,1,10
2024-08-25,P010,household,488.83,0,43
2024-08-25,P011,cosmetics,1169.06,1,28
2024-08-25,P012,household,527.2,0,32
2024-08-26,P001,food,1284.14,0,22
2024-08-26,P002,cosmetics,509.51,0,10
2024-08-26,P003,food,607.45,1,91
2024-08-26,P004,cosmetics,985.26,0,16
2024-08-26,P005,food,1103.07,0,37
2024-08-26,P006,food,1319.67,0,14
2024-08-26,P007,household,896.07,1,30
2024-08-26,P008,household,1175.61,0,21
2024-08-26,P009,household,560.01,1,15
2024-08-26,P010,household,500.4,0,30
2024-08-26,P011,cosmetics,1152.41,1,26
2024-08-26,P012,household,538.61,0,25
2024-08-27,P001,food,1298.94,0,24
2024-08-27,P002,cosmetics,510.9,0,11
2024-08-27,P003,food,783.72,0,48
2024-08-27,P004,cosmetics,991.05,0,17
2024-08-27,P005,food,1064.74,0,31
2024-08-27,P006,food,1318.0,0,20
2024-08-27,P007,household,888.65,1,40
2024-08-27,P008,household,1159.29,0,24
2024-08-27,P009,household,556.48,1,22
2024-08-27,P010,household,489.06,0,33
2024-08-27,P011,cosmetics,1474.56,0,22
2024-08-27,P012,household,541.31,0,24
2024-08-28,P001,food,1298.57,0,17
2024-08-28,P002,cosmetics,519.2,0,10
2024-08-28,P003,food,778.99,0,45
2024-08-28,P004,cosmetics,979.61,0,21
2024-08-28,P005,food,981.05,1,50
2024-08-28,P006,food,1306.12,0,17
2024-08-28,P007,household,872.22,1,43
2024-08-28,P008,household,1192.92,0,26
2024-08-28,P009,household,550.98,1,10
2024-08-28,P010,household,501.67,0,32
2024-08-28,P011,cosmetics,1460.91,0,24
2024-08-28,P012,household,541.8,0,19
2024-08-29,P001,food,1305.06,0,21
2024-08-29,P002,cosmetics,517.02,0,9
2024-08-29,P003,food,779.62,0,43
2024-08-29,P004,cosmetics,991.11,0,9
2024-08-29,P005,food,979.97,1,56
2024-08-29,P006,food,1302.46,0,15
2024-08-29,P007,household,895.55,1,33
2024-08-29,P008,household,1154.83,0,25
2024-08-29,P009,household,557.58,1,11
2024-08-29,P010,household,496.12,0,37
2024-08-29,P011,cosmetics,1476.6,0,20
2024-08-29,P012,household,530.73,0,27
2024-08-30,P001,food,1294.81,0,34
2024-08-30,P002,cosmetics,516.42,0,16
2024-08-30,P003,food,769.33,0,46
2024-08-30,P004,cosmetics,965.34,0,24
2024-08-30,P005,food,967.3,1,53
2024-08-30,P006,food,1311.69,0,14
2024-08-30,P007,household,898.47,1,37
2024-08-30,P008,household,1168.85,0,22
2024-08-30,P009,household,629.92,0,8
2024-08-30,P010,household,495.62,0,47
2024-08-30,P011,cosmetics,1476.1,0,28
2024-08-30,P012,household,537.12,0,24
2024-08-31,P001,food,1308.18,0,19
2024-08-31,P002,cosmetics,512.22,0,18
2024-08-31,P003,food,770.72,0,54
2024-08-31,P004,cosmetics,989.85,0,28
2024-08-31,P005,food,987.34,1,34
2024-08-31,P006,food,1321.06,0,17
2024-08-31,P007,household,903.36,1,54
2024-08-31,P008,household,1164.18,0,40
2024-08-31,P009,household,628.52,0,10
2024-08-31,P010,household,497.25,0,41
2024-08-31,P011,cosmetics,1460.25,0,27
2024-08-31,P012,household,537.87,0,15
2024-09-01,P001,food,1315.22,0,34
2024-09-01,P002,cosmetics,516.49,0,15
2024-09-01,P003,food,783.87,0,46
2024-09-01,P004,cosmetics,961.18,0,19
2024-09-01,P005,food,973.65,1,41
2024-09-01,P006,food,1309.36,0,26
2024-09-01,P007,household,884.02,1,59
2024-09-01,P008,household,1163.74,0,32
2024-09-01,P009,household,632.97,0,10
2024-09-01,P010,household,491.81,0,28
2024-09-01,P011,cosmetics,1438.81,0,19
2024-09-01,P012,household,472.86,1,42
2024-09-02,P001,food,1304.06,0,22
2024-09-02,P002,cosmetics,510.24,0,8
2024-09-02,P003,food,790.42,0,49
2024-09-02,P004,cosmetics,983.28,0,17
2024-09-02,P005,food,977.25,1,52
2024-09-02,P006,food,1314.99,0,20
2024-09-02,P007,household,892.54,1,29
2024-09-02,P008,household,1162.22,0,19
2024-09-02,P009,household,620.06,0,7
2024-09-02,P010,household,496.46,0,28
2024-09-02,P011,cosmetics,1465.34,0,21
2024-09-02,P012,household,478.35,1,42
2024-09-03,P001,food,1306.62,0,20
2024-09-03,P002,cosmetics,512.21,0,14
2024-09-03,P003,food,780.4,0,39
2024-09-03,P004,cosmetics,993.93,0,7
2024-09-03,P005,food,998.89,1,56
2024-09-03,P006,food,1294.47,0,18
2024-09-03,P007,household,1039.4,0,27
2024-09-03,P008,household,1158.51,0,32
2024-09-03,P009,household,628.07,0,11
2024-09-03,P010,household,489.86,0,35
2024-09-03,P011,cosmetics,1447.67,0,33
2024-09-03,P012,household,473.87,1,32
2024-09-04,P001,food,1302.73,0,29
2024-09-04,P002,cosmetics,518.53,0,12
2024-09-04,P003,food,769.7,0,47
2024-09-04,P004,cosmetics,991.64,0,11
2024-09-04,P005,food,1101.35,0,34
2024-09-04,P006,food,1314.46,0,12
2024-09-04,P007,household,1037.72,0,23
2024-09-04,P008,household,1181.4,0,13
2024-09-04,P009,household,641.76,0,6
2024-09-04,P010,household,502.46,0,27
2024-09-04,P011,cosmetics,1470.12,0,16
2024-09-04,P012,household,475.37,1,30
2024-09-05,P001,food,1302.04,0,17
2024-09-05,P002,cosmetics,518.04,0,14
2024-09-05,P003,food,779.3,0,48
2024-09-05,P004,cosmetics,972.72,0,18
2024-09-05,P005,food,1096.6,0,30
2024-09-05,P006,food,1332.85,0,15
2024-09-05,P007,household,1038.03,0,28
2024-09-05,P008,household,1153.46,0,22
2024-09-05,P009,household,635.48,0,8
2024-09-05,P010,household,490.68,0,31
2024-09-05,P011,cosmetics,1465.2,0,27
2024-09-05,P012,household,472.58,1,36
2024-09-06,P001,food,1292.64,0,31
2024-09-06,P002,cosmetics,508.5,0,11
2024-09-06,P003,food,795.52,0,42
2024-09-06,P004,cosmetics,973.98,0,9
2024-09-06,P005,food,1094.49,0,30
2024-09-06,P006,food,1328.65,0,16
2024-09-06,P007,household,1037.22,0,32
2024-09-06,P008,household,1179.01,0,26
2024-09-06,P009,household,633.09,0,5
2024-09-06,P010,household,497.95,0,35
2024-09-06,P011,cosmetics,1460.33,0,28
2024-09-06,P012,household,479.96,1,41
2024-09-07,P001,food,1306.16,0,26
2024-09-07,P002,cosmetics,509.15,0,17
2024-09-07,P003,food,777.46,0,45
2024-09-07,P004,cosmetics,807.85,1,33
2024-09-07,P005,food,1088.54,0,36
2024-09-07,P006,food,1318.2,0,20
2024-09-07,P007,household,1039.03,0,20
2024-09-07,P008,household,1175.1,0,41
2024-09-07,P009,household,631.67,0,7
2024-09-07,P010,household,490.65,0,37
2024-09-07,P011,cosmetics,1449.93,0,25
2024-09-07,P012,household,545.37,0,22
2024-09-08,P001,food,1300.77,0,25
2024-09-08,P002,cosmetics,514.11,0,15
2024-09-08,P003,food,788.02,0,35
2024-09-08,P004,cosmetics,814.96,1,36
2024-09-08,P005,food,1112.14,0,29
2024-09-08,P006,food,1322.56,0,17
2024-09-08,P007,household,1044.52,0,32
2024-09-08,P008,household,1163.08,0,42
2024-09-08,P009,household,626.91,0,4
2024-09-08,P010,household,493.13,0,35
2024-09-08,P011,cosmetics,1486.4,0,22
2024-09-08,P012,household,537.56,0,21
2024-09-09,P001,food,1329.29,0,25
2024-09-09,P002,cosmetics,522.41,0,10
2024-09-09,P003,food,770.92,0,52
2024-09-09,P004,cosmetics,796.92,1,32
2024-09-09,P005,food,1099.08,0,35
2024-09-09,P006,food,1308.42,0,17
2024-09-09,P007,household,1049.49,0,19
2024-09-09,P008,household,1173.74,0,22
2024-09-09,P009,household,618.18,0,9
2024-09-09,P010,household,493.92,0,39
2024-09-09,P011,cosmetics,1462.3,0,29
2024-09-09,P012,household,554.59,0,23
2024-09-10,P001,food,1322.52,0,32
2024-09-10,P002,cosmetics,503.71,0,10
2024-09-10,P003,food,776.34,0,46
2024-09-10,P004,cosmetics,813.34,1,37
2024-09-10,P005,food,1082.16,0,26
2024-09-10,P006,food,1340.78,0,12
2024-09-10,P007,household,1028.99,0,22
2024-09-10,P008,household,1165.68,0,20
2024-09-10,P009,household,632.09,0,11
2024-09-10,P010,household,510.56,0,38
2024-09-10,P011,cosmetics,1503.54,0,23
2024-09-10,P012,household,535.09,0,19
2024-09-11,P001,food,1307.06,0,28
2024-09-11,P002,cosmetics,514.98,0,16
2024-09-11,P003,food,781.48,0,49
2024-09-11,P004,cosmetics,815.98,1,36
2024-09-11,P005,food,1075.07,0,28
2024-09-11,P006,food,1346.63,0,21
2024-09-11,P007,household,888.99,1,40
2024-09-11,P008,household,1154.67,0,29
2024-09-11,P009,household,613.81,0,6
2024-09-11,P010,household,495.7,0,52
2024-09-11,P011,cosmetics,1469.48,0,20
2024-09-11,P012,household,544.65,0,22
2024-09-12,P001,food,1292.1,0,24
2024-09-12,P002,cosmetics,506.48,0,16
2024-09-12,P003,food,779.75,0,45
2024-09-12,P004,cosmetics,811.15,1,32
2024-09-12,P005,food,1096.52,0,26
2024-09-12,P006,food,1321.52,0,14
2024-09-12,P007,household,886.77,1,33
2024-09-12,P008,household,1154.79,0,31
2024-09-12,P009,household,627.16,0,12
2024-09-12,P010,household,491.7,0,30
2024-09-12,P011,cosmetics,1474.13,0,25
2024-09-12,P012,household,534.09,0,37
2024-09-13,P001,food,1287.55,0,23
2024-09-13,P002,cosmetics,510.29,0,14
2024-09-13,P003,food,770.72,0,41
2024-09-13,P004,cosmetics,990.69,0,19
2024-09-13,P005,food,1089.73,0,33
2024-09-13,P006,food,1353.53,0,14
2024-09-13,P007,household,885.49,1,37
2024-09-13,P008,household,1175.18,0,27
2024-09-13,P009,household,629.19,0,9
2024-09-13,P010,household,493.57,0,28
2024-09-13,P011,cosmetics,1469.54,0,20
2024-09-13,P012,household,543.39,0,21
2024-09-14,P001,food,1317.55,0,26
2024-09-14,P002,cosmetics,511.68,0,22
2024-09-14,P003,food,770.38,0,33
2024-09-14,P004,cosmetics,987.72,0,24
2024-09-14,P005,food,1074.76,0,33
2024-09-14,P006,food,1310.38,0,24
2024-09-14,P007,household,876.14,1,57
2024-09-14,P008,household,1174.57,0,26
2024-09-14,P009,household,626.4,0,11
2024-09-14,P010,household,488.32,0,40
2024-09-14,P011,cosmetics,1473.98,0,30
2024-09-14,P012,household,542.97,0,22
2024-09-15,P001,food,1305.46,0,26
2024-09-15,P002,cosmetics,511.39,0,15
2024-09-15,P003,food,784.34,0,28
2024-09-15,P004,cosmetics,980.17,0,20
2024-09-15,P005,food,984.96,1,51
2024-09-15,P006,food,1302.84,0,12
2024-09-15,P007,household,890.74,1,42
2024-09-15,P008,household,1170.35,0,26
2024-09-15,P009,household,642.87,0,13
2024-09-15,P010,household,494.97,0,33
2024-09-15,P011,cosmetics,1485.02,0,17
2024-09-15,P012,household,533.77,0,18
2024-09-16,P001,food,1308.29,0,15
2024-09-16,P002,cosmetics,510.81,0,23
2024-09-16,P003,food,785.92,0,38
2024-09-16,P004,cosmetics,966.43,0,16
2024-09-16,P005,food,978.11,1,40
2024-09-16,P006,food,1309.99,0,15
2024-09-16,P007,household,894.8,1,29
2024-09-16,P008,household,1162.95,0,23
2024-09-16,P009,household,640.69,0,13
2024-09-16,P010,household,504.95,0,39
2024-09-16,P011,cosmetics,1485.19,0,28
2024-09-16,P012,household,538.52,0,29
2024-09-17,P001,food,1279.32,0,23
2024-09-17,P002,cosmetics,513.58,0,17
2024-09-17,P003,food,788.41,0,47
2024-09-17,P004,cosmetics,986.83,0,20
2024-09-17,P005,food,985.96,1,40
2024-09-17,P006,food,1316.45,0,15
2024-09-17,P007,household,1035.23,0,23
2024-09-17,P008,household,1165.3,0,25
2024-09-17,P009,household,635.71,0,12
2024-09-17,P010,household,497.44,0,33
2024-09-17,P011,cosmetics,1443.02,0,26
2024-09-17,P012,household,549.29,0,32
2024-09-18,P001,food,1314.11,0,24
2024-09-18,P002,cosmetics,510.8,0,21
2024-09-18,P003,food,790.68,0,46
2024-09-18,P004,cosmetics,976.12,0,20
2024-09-18,P005,food,985.09,1,43
2024-09-18,P006,food,1349.85,0,19
2024-09-18,P007,household,1036.74,0,24
2024-09-18,P008,household,1163.72,0,24
2024-09-18,P009,household,553.96,1,9
2024-09-18,P010,household,500.26,0,28
2024-09-18,P011,cosmetics,1481.53,0,20
2024-09-18,P012,household,534.83,0,28
2024-09-19,P001,food,1307.95,0,17
2024-09-19,P002,cosmetics,506.04,0,13
2024-09-19,P003,food,777.71,0,54
2024-09-19,P004,cosmetics,979.81,0,16
2024-09-19,P005,food,974.79,1,45
2024-09-19,P006,food,1315.64,0,16
2024-09-19,P007,household,1041.17,0,26
2024-09-19,P008,household,940.2,1,43
2024-09-19,P009,household,569.88,1,15
2024-09-19,P010,household,491.26,0,37
2024-09-19,P011,cosmetics,1476.27,0,31
2024-09-19,P012,household,541.39,0,19
2024-09-20,P001,food,1287.58,0,13
2024-09-20,P002,cosmetics,517.55,0,15
2024-09-20,P003,food,774.25,0,48
2024-09-20,P004,cosmetics,990.23,0,16
2024-09-20,P005,food,986.96,1,52
2024-09-20,P006,food,1308.01,0,11
2024-09-20,P007,household,1051.47,0,24
2024-09-20,P008,household,957.5,1,38
2024-09-20,P009,household,562.59,1,18
2024-09-20,P010,household,494.77,0,33
2024-09-20,P011,cosmetics,1469.49,0,17
2024-09-20,P012,household,541.03,0,18
2024-09-21,P001,food,1295.9,0,18
2024-09-21,P002,cosmetics,517.41,0,17
2024-09-21,P003,food,787.16,0,38
2024-09-21,P004,cosmetics,999.48,0,18
2024-09-21,P005,food,975.87,1,41
2024-09-21,P006,food,1307.5,0,19
2024-09-21,P007,household,1032.48,0,31
2024-09-21,P008,household,961.92,1,42
2024-09-21,P009,household,623.28,0,8
2024-09-21,P010,household,496.79,0,31
2024-09-21,P011,cosmetics,1494.12,0,20
2024-09-21,P012,household,538.99,0,28
2024-09-22,P001,food,1305.47,0,29
2024-09-22,P002,cosmetics,517.88,0,24
2024-09-22,P003,food,782.21,0,38
2024-09-22,P004,cosmetics,985.14,0,15
2024-09-22,P005,food,976.51,1,48
2024-09-22,P006,food,1334.39,0,18
2024-09-22,P007,household,1024.69,0,30
2024-09-22,P008,household,1168.31,0,37
2024-09-22,P009,household,629.42,0,10
2024-09-22,P010,household,492.18,0,37
2024-09-22,P011,cosmetics,1494.71,0,19
2024-09-22,P012,household,529.89,0,24
2024-09-23,P001,food,1024.31,1,43
2024-09-23,P002,cosmetics,505.63,0,19
2024-09-23,P003,food,769.04,0,35
2024-09-23,P004,cosmetics,990.97,0,23
2024-09-23,P005,food,1084.53,0,35
2024-09-23,P006,food,1332.51,0,14
2024-09-23,P007,household,1035.9,0,21
2024-09-23,P008,household,1188.18,0,26
2024-09-23,P009,household,635.24,0,8
2024-09-23,P010,household,497.76,0,29
2024-09-23,P011,cosmetics,1482.25,0,21
2024-09-23,P012,household,543.69,0,27
2024-09-24,P001,food,1020.78,1,36
2024-09-24,P002,cosmetics,515.08,0,18
2024-09-24,P003,food,768.64,0,44
2024-09-24,P004,cosmetics,971.28,0,17
2024-09-24,P005,food,1102.67,0,27
2024-09-24,P006,food,1312.94,0,15
2024-09-24,P007,household,1056.36,0,27
2024-09-24,P008,household,1155.8,0,33
2024-09-24,P009,household,625.44,0,11
2024-09-24,P010,household,498.83,0,34
2024-09-24,P011,cosmetics,1460.98,0,29
2024-09-24,P012,household,539.28,0,21
2024-09-25,P001,food,1022.72,1,44
2024-09-25,P002,cosmetics,517.02,0,22
2024-09-25,P003,food,780.49,0,38
2024-09-25,P004,cosmetics,987.93,0,19
2024-09-25,P005,food,1087.28,0,34
2024-09-25,P006,food,1294.6,0,21
2024-09-25,P007,household,1024.8,0,26
2024-09-25,P008,household,1159.81,0,25
2024-09-25,P009,household,630.1,0,8
2024-09-25,P010,household,498.47,0,28
2024-09-25,P011,cosmetics,1451.45,0,30
2024-09-25,P012,household,545.17,0,24
2024-09-26,P001,food,1021.19,1,56
2024-09-26,P002,cosmetics,508.25,0,12
2024-09-26,P003,food,775.29,0,40
2024-09-26,P004,cosmetics,984.92,0,15
2024-09-26,P005,food,1105.3,0,24
2024-09-26,P006,food,1304.46,0,13
2024-09-26,P007,household,1043.58,0,22
2024-09-26,P008,household,1169.08,0,31
2024-09-26,P009,household,631.2,0,7
2024-09-26,P010,household,495.03,0,42
2024-09-26,P011,cosmetics,1480.05,0,20
2024-09-26,P012,household,540.47,0,26
2024-09-27,P001,food,1304.02,0,15
2024-09-27,P002,cosmetics,513.59,0,12
2024-09-27,P003,food,776.46,0,43
2024-09-27,P004,cosmetics,997.63,0,20
2024-09-27,P005,food,1109.78,0,35
2024-09-27,P006,food,1342.06,0,20
2024-09-27,P007,household,1048.84,0,26
2024-09-27,P008,household,1170.37,0,27
2024-09-27,P009,household,622.29,0,9
2024-09-27,P010,household,501.18,0,25
2024-09-27,P011,cosmetics,1182.83,1,32
2024-09-27,P012,household,539.57,0,21
2024-09-28,P001,food,1321.2,0,26
2024-09-28,P002,cosmetics,512.95,0,21
2024-09-28,P003,food,785.0,0,56
2024-09-28,P004,cosmetics,980.19,0,22
2024-09-28,P005,food,1082.28,0,26
2024-09-28,P006,food,1328.44,0,14
2024-09-28,P007,household,1012.31,0,30
2024-09-28,P008,household,1145.33,0,49
2024-09-28,P009,household,627.51,0,8
2024-09-28,P010,household,494.5,0,34
2024-09-28,P011,cosmetics,1143.29,1,34
2024-09-28,P012,household,541.23,0,26
2024-09-29,P001,food,1268.62,0,27
2024-09-29,P002,cosmetics,523.01,0,18
2024-09-29,P003,food,782.56,0,46
2024-09-29,P004,cosmetics,983.13,0,24
2024-09-29,P005,food,1058.49,0,29
2024-09-29,P006,food,1320.21,0,27
2024-09-29,P007,household,1041.09,0,27
2024-09-29,P008,household,1174.56,0,28
2024-09-29,P009,household,622.76,0,8
2024-09-29,P010,household,494.05,0,38
2024-09-29,P011,cosmetics,1179.64,1,35
2024-09-29,P012,household,533.9,0,26
2024-09-30,P001,food,1298.95,0,24
2024-09-30,P002,cosmetics,523.43,0,19
2024-09-30,P003,food,787.0,0,45
2024-09-30,P004,cosmetics,995.95,0,21
2024-09-30,P005,food,1101.72,0,40
2024-09-30,P006,food,1344.01,0,19
2024-09-30,P007,household,1043.09,0,23
2024-09-30,P008,household,1170.42,0,33
2024-09-30,P009,household,634.68,0,1
2024-09-30,P010,household,502.92,0,43
2024-09-30,P011,cosmetics,1163.99,1,37
2024-09-30,P012,household,547.62,0,25
2024-10-01,P001,food,1304.34,0,20
2024-10-01,P002,cosmetics,505.0,0,24
2024-10-01,P003,food,761.67,0,57
2024-10-01,P004,cosmetics,984.6,0,22
2024-10-01,P005,food,1086.61,0,34
2024-10-01,P006,food,1345.19,0,20
2024-10-01,P007,household,1034.06,0,19
2024-10-01,P008,household,1142.78,0,29
2024-10-01,P009,household,623.5,0,9
2024-10-01,P010,household,490.29,0,35
2024-10-01,P011,cosmetics,1145.85,1,34
2024-10-01,P012,household,537.2,0,23
2024-10-02,P001,food,1305.89,0,26
2024-10-02,P002,cosmetics,526.35,0,17
2024-10-02,P003,food,778.64,0,46
2024-10-02,P004,cosmetics,804.43,1,29
2024-10-02,P005,food,1080.89,0,35
2024-10-02,P006,food,1318.88,0,6
2024-10-02,P007,household,1030.13,0,25
2024-10-02,P008,household,1166.16,0,29
2024-10-02,P009,household,631.05,0,9
2024-10-02,P010,household,487.33,0,34
2024-10-02,P011,cosmetics,1172.44,1,44
2024-10-02,P012,household,537.27,0,24
2024-10-03,P001,food,1297.19,0,19
2024-10-03,P002,cosmetics,508.85,0,16
2024-10-03,P003,food,782.06,0,48
2024-10-03,P004,cosmetics,834.2,1,27
2024-10-03,P005,food,1083.92,0,35
2024-10-03,P006,food,1319.12,0,18
2024-10-03,P007,household,1030.71,0,26
2024-10-03,P008,household,1158.08,0,26
2024-10-03,P009,household,620.46,0,8
2024-10-03,P010,household,491.47,0,38
2024-10-03,P011,cosmetics,1482.32,0,25
2024-10-03,P012,household,546.19,0,23
2024-10-04,P001,food,1279.16,0,19
2024-10-04,P002,cosmetics,518.58,0,19
2024-10-04,P003,food,764.81,0,49
2024-10-04,P004,cosmetics,804.67,1,30
2024-10-04,P005,food,1085.81,0,36
2024-10-04,P006,food,1311.67,0,8
2024-10-04,P007,household,1033.43,0,29
2024-10-04,P008,household,952.58,1,54
2024-10-04,P009,household,622.08,0,7
2024-10-04,P010,household,497.7,0,39
2024-10-04,P011,cosmetics,1463.81,0,23
2024-10-04,P012,household,540.56,0,21
2024-10-05,P001,food,1306.31,0,28
2024-10-05,P002,cosmetics,518.53,0,14
2024-10-05,P003,food,771.58,0,45
2024-10-05,P004,cosmetics,812.92,1,46
2024-10-05,P005,food,1104.48,0,29
2024-10-05,P006,food,1315.59,0,16
2024-10-05,P007,household,1033.7,0,38
2024-10-05,P008,household,944.11,1,59
2024-10-05,P009,household,621.78,0,10
2024-10-05,P010,household,502.14,0,30
2024-10-05,P011,cosmetics,1453.43,0,22
2024-10-05,P012,household,537.95,0,19
2024-10-06,P001,food,1324.53,0,27
2024-10-06,P002,cosmetics,508.43,0,22
2024-10-06,P003,food,770.14,0,36
2024-10-06,P004,cosmetics,816.27,1,40
2024-10-06,P005,food,1092.08,0,29
2024-10-06,P006,food,1299.74,0,24
2024-10-06,P007,household,1031.75,0,36
2024-10-06,P008,household,960.9,1,60
2024-10-06,P009,household,627.39,0,13
2024-10-06,P010,household,384.27,1,59
2024-10-06,P011,cosmetics,1494.12,0,14
2024-10-06,P012,household,541.45,0,24
2024-10-07,P001,food,1282.07,0,23
2024-10-07,P002,cosmetics,516.08,0,11
2024-10-07,P003,food,776.84,0,41
2024-10-07,P004,cosmetics,815.63,1,37
2024-10-07,P005,food,1104.33,0,35
2024-10-07,P006,food,1299.69,0,17
2024-10-07,P007,household,1033.26,0,31
2024-10-07,P008,household,973.77,1,44
2024-10-07,P009,household,630.35,0,10
2024-10-07,P010,household,393.84,1,53
2024-10-07,P011,cosmetics,1459.14,0,20
2024-10-07,P012,household,542.6,0,24
2024-10-08,P001,food,1313.28,0,14
2024-10-08,P002,cosmetics,512.99,0,14
2024-10-08,P003,food,789.31,0,45
2024-10-08,P004,cosmetics,811.91,1,28
2024-10-08,P005,food,1095.72,0,41
2024-10-08,P006,food,1296.62,0,14
2024-10-08,P007,household,1049.18,0,26
2024-10-08,P008,household,959.45,1,50
2024-10-08,P009,household,631.51,0,6
2024-10-08,P010,household,386.93,1,55
2024-10-08,P011,cosmetics,1486.0,0,27
2024-10-08,P012,household,538.58,0,22
2024-10-09,P001,food,1297.76,0,19
2024-10-09,P002,cosmetics,516.39,0,16
2024-10-09,P003,food,792.38,0,48
2024-10-09,P004,cosmetics,811.95,1,45
2024-10-09,P005,food,1086.96,0,36
2024-10-09,P006,food,1031.48,1,26
2024-10-09,P007,household,1024.24,0,27
2024-10-09,P008,household,936.25,1,40
2024-10-09,P009,household,618.06,0,12
2024-10-09,P010,household,386.38,1,51
2024-10-09,P011,cosmetics,1446.74,0,19
2024-10-09,P012,household,544.2,0,26
2024-10-10,P001,food,1301.24,0,23
2024-10-10,P002,cosmetics,514.73,0,15
2024-10-10,P003,food,770.34,0,43
2024-10-10,P004,cosmetics,811.54,1,33
2024-10-10,P005,food,1086.08,0,35
2024-10-10,P006,food,1004.49,1,31
2024-10-10,P007,household,1018.7,0,20
2024-10-10,P008,household,959.65,1,37
2024-10-10,P009,household,628.15,0,6
2024-10-10,P010,household,491.56,0,25
2024-10-10,P011,cosmetics,1475.08,0,25
2024-10-10,P012,household,532.37,0,16
2024-10-11,P001,food,1288.33,0,23
2024-10-11,P002,cosmetics,519.69,0,12
2024-10-11,P003,food,780.76,0,40
2024-10-11,P004,cosmetics,974.51,0,22
2024-10-11,P005,food,1096.46,0,38
2024-10-11,P006,food,1040.32,1,26
2024-10-11,P007,household,1049.35,0,29
2024-10-11,P008,household,1165.25,0,20
2024-10-11,P009,household,624.49,0,10
2024-10-11,P010,household,505.45,0,28
2024-10-11,P011,cosmetics,1474.66,0,20
2024-10-11,P012,household,540.63,0,28
2024-10-12,P001,food,1297.68,0,34
2024-10-12,P002,cosmetics,513.93,0,17
2024-10-12,P003,food,781.01,0,40
2024-10-12,P004,cosmetics,1006.7,0,28
2024-10-12,P005,food,1099.28,0,25
2024-10-12,P006,food,1012.97,1,23
2024-10-12,P007,household,1034.84,0,28
2024-10-12,P008,household,1154.67,0,34
2024-10-12,P009,household,632.57,0,15
2024-10-12,P010,household,495.03,0,26
2024-10-12,P011,cosmetics,1481.8,0,24
2024-10-12,P012,household,543.54,0,20
2024-10-13,P001,food,1318.96,0,32
2024-10-13,P002,cosmetics,512.69,0,27
2024-10-13,P003,food,779.68,0,33
2024-10-13,P004,cosmetics,983.34,0,27
2024-10-13,P005,food,1101.2,0,42
2024-10-13,P006,food,1342.27,0,27
2024-10-13,P007,household,1032.81,0,26
2024-10-13,P008,household,1171.65,0,38
2024-10-13,P009,household,627.53,0,14
2024-10-13,P010,household,489.17,0,22
2024-10-13,P011,cosmetics,1490.9,0,20
2024-10-13,P012,household,542.57,0,17
2024-10-14,P001,food,1309.62,0,25
2024-10-14,P002,cosmetics,519.18,0,16
2024-10-14,P003,food,779.77,0,37
2024-10-14,P004,cosmetics,991.39,0,23
2024-10-14,P005,food,1087.48,0,30
2024-10-14,P006,food,1314.53,0,16
2024-10-14,P007,household,1035.68,0,20
2024-10-14,P008,household,1177.8,0,25
2024-10-14,P009,household,628.7,0,7
2024-10-14,P010,household,507.96,0,36
2024-10-14,P011,cosmetics,1457.01,0,19
2024-10-14,P012,household,527.14,0,25
2024-10-15,P001,food,1324.59,0,25
2024-10-15,P002,cosmetics,516.53,0,11
2024-10-15,P003,food,779.03,0,39
2024-10-15,P004,cosmetics,982.21,0,22
2024-10-15,P005,food,982.47,1,44
2024-10-15,P006,food,1298.69,0,6
2024-10-15,P007,household,1039.01,0,20
2024-10-15,P008,household,1159.72,0,36
2024-10-15,P009,household,624.52,0,17
2024-10-15,P010,household,497.73,0,32
2024-10-15,P011,cosmetics,1476.62,0,17
2024-10-15,P012,household,538.54,0,29
2024-10-16,P001,food,1317.37,0,25
2024-10-16,P002,cosmetics,517.31,0,11
2024-10-16,P003,food,789.78,0,39
2024-10-16,P004,cosmetics,982.02,0,15
2024-10-16,P005,food,986.48,1,52
2024-10-16,P006,food,1336.29,0,18
2024-10-16,P007,household,1031.4,0,28
2024-10-16,P008,household,1148.33,0,28
2024-10-16,P009,household,640.06,0,8
2024-10-16,P010,household,499.74,0,34
2024-10-16,P011,cosmetics,1448.89,0,31
2024-10-16,P012,household,532.68,0,24
2024-10-17,P001,food,1307.75,0,35
2024-10-17,P002,cosmetics,510.13,0,13
2024-10-17,P003,food,785.23,0,36
2024-10-17,P004,cosmetics,981.02,0,30
2024-10-17,P005,food,976.99,1,40
2024-10-17,P006,food,1337.85,0,12
2024-10-17,P007,household,1042.08,0,19
2024-10-17,P008,household,1144.04,0,22
2024-10-17,P009,household,621.14,0,13
2024-10-17,P010,household,504.11,0,28
2024-10-17,P011,cosmetics,1448.73,0,20
2024-10-17,P012,household,546.16,0,23
2024-10-18,P001,food,1324.74,0,22
2024-10-18,P002,cosmetics,508.18,0,17
2024-10-18,P003,food,768.44,0,54
2024-10-18,P004,cosmetics,970.24,0,23
2024-10-18,P005,food,969.62,1,48
2024-10-18,P006,food,1307.4,0,15
2024-10-18,P007,household,1026.86,0,18
2024-10-18,P008,household,1159.75,0,20
2024-10-18,P009,household,626.7,0,9
2024-10-18,P010,household,498.82,0,31
2024-10-18,P011,cosmetics,1460.47,0,15
2024-10-18,P012,household,537.12,0,21
2024-10-19,P001,food,1307.75,0,28
2024-10-19,P002,cosmetics,510.63,0,27
2024-10-19,P003,food,782.85,0,37
2024-10-19,P004,cosmetics,983.93,0,30
2024-10-19,P005,food,972.85,1,47
2024-10-19,P006,food,1314.97,0,21
2024-10-19,P007,household,1033.71,0,33
2024-10-19,P008,household,1165.71,0,35
2024-10-19,P009,household,629.89,0,14
2024-10-19,P010,household,500.61,0,34
2024-10-19,P011,cosmetics,1474.98,0,16
2024-10-19,P012,household,545.56,0,23
2024-10-20,P001,food,1312.82,0,27
2024-10-20,P002,cosmetics,510.36,0,22
2024-10-20,P003,food,783.6,0,37
2024-10-20,P004,cosmetics,981.5,0,26
2024-10-20,P005,food,978.39,1,37
2024-10-20,P006,food,1307.4,0,21
2024-10-20,P007,household,1013.87,0,34
2024-10-20,P008,household,1161.5,0,38
2024-10-20,P009,household,627.63,0,8
2024-10-20,P010,household,496.05,0,32
2024-10-20,P011,cosmetics,1186.53,1,47
2024-10-20,P012,household,532.66,0,25
2024-10-21,P001,food,1298.18,0,27
2024-10-21,P002,cosmetics,517.58,0,13
2024-10-21,P003,food,779.12,0,43
2024-10-21,P004,cosmetics,997.06,0,14
2024-10-21,P005,food,987.25,1,52
2024-10-21,P006,food,1317.76,0,13
2024-10-21,P007,household,1048.99,0,19
2024-10-21,P008,household,1159.55,0,24
2024-10-21,P009,household,624.41,0,16
2024-10-21,P010,household,499.41,0,27
2024-10-21,P011,cosmetics,1188.65,1,40
2024-10-21,P012,household,541.33,0,12
2024-10-22,P001,food,1302.9,0,19
2024-10-22,P002,cosmetics,518.56,0,9
2024-10-22,P003,food,785.46,0,55
2024-10-22,P004,cosmetics,973.72,0,19
2024-10-22,P005,food,993.1,1,44
2024-10-22,P006,food,1320.77,0,14
2024-10-22,P007,household,1035.01,0,15
2024-10-22,P008,household,1174.15,0,39
2024-10-22,P009,household,617.81,0,6
2024-10-22,P010,household,495.61,0,29
2024-10-22,P011,cosmetics,1162.82,1,32
2024-10-22,P012,household,539.26,0,18
2024-10-23,P001,food,1292.96,0,20
2024-10-23,P002,cosmetics,512.75,0,16
2024-10-23,P003,food,778.13,0,46
2024-10-23,P004,cosmetics,979.82,0,29
2024-10-23,P005,food,967.45,1,51
2024-10-23,P006,food,1314.71,0,10
2024-10-23,P007,household,1043.78,0,29
2024-10-23,P008,household,1172.93,0,19
2024-10-23,P009,household,624.86,0,8
2024-10-23,P010,household,495.68,0,38
2024-10-23,P011,cosmetics,1170.53,1,41
2024-10-23,P012,household,554.13,0,23
2024-10-24,P001,food,1314.92,0,35
2024-10-24,P002,cosmetics,520.9,0,19
2024-10-24,P003,food,778.23,0,49
2024-10-24,P004,cosmetics,976.66,0,14
2024-10-24,P005,food,1083.82,0,37
2024-10-24,P006,food,1001.86,1,25
2024-10-24,P007,household,1041.78,0,21
2024-10-24,P008,household,1169.85,0,29
2024-10-24,P009,household,623.18,0,5
2024-10-24,P010,household,496.37,0,26
2024-10-24,P011,cosmetics,1177.96,1,36
2024-10-24,P012,household,545.57,0,23
2024-10-25,P001,food,1286.7,0,19
2024-10-25,P002,cosmetics,520.57,0,15
2024-10-25,P003,food,614.29,1,77
2024-10-25,P004,cosmetics,999.73,0,19
2024-10-25,P005,food,1086.43,0,31
2024-10-25,P006,food,1014.49,1,24
2024-10-25,P007,household,1042.54,0,13
2024-10-25,P008,household,1177.06,0,35
2024-10-25,P009,household,639.78,0,10
2024-10-25,P010,household,493.81,0,38
2024-10-25,P011,cosmetics,1175.89,1,36
2024-10-25,P012,household,545.23,0,22
2024-10-26,P001,food,1312.22,0,28
2024-10-26,P002,cosmetics,514.8,0,16
2024-10-26,P003,food,601.17,1,65
2024-10-26,P004,cosmetics,976.94,0,34
2024-10-26,P005,food,1099.0,0,28
2024-10-26,P006,food,1027.6,1,36
2024-10-26,P007,household,1036.75,0,39
2024-10-26,P008,household,1159.86,0,40
2024-10-26,P009,household,643.46,0,8
2024-10-26,P010,household,498.28,0,33
2024-10-26,P011,cosmetics,1164.98,1,28
2024-10-26,P012,household,550.16,0,19
2024-10-27,P001,food,1299.55,0,33
2024-10-27,P002,cosmetics,509.33,0,26
2024-10-27,P003,food,613.06,1,75
2024-10-27,P004,cosmetics,991.05,0,28
2024-10-27,P005,food,1084.58,0,20
2024-10-27,P006,food,1018.29,1,26
2024-10-27,P007,household,1040.86,0,27
2024-10-27,P008,household,1154.75,0,38
2024-10-27,P009,household,628.89,0,12
2024-10-27,P010,household,498.26,0,38
2024-10-27,P011,cosmetics,1167.85,1,26
2024-10-27,P012,household,540.75,0,20
2024-10-28,P001,food,1317.29,0,18
2024-10-28,P002,cosmetics,521.64,0,10
2024-10-28,P003,food,609.45,1,72
2024-10-28,P004,cosmetics,995.07,0,20
2024-10-28,P005,food,1085.65,0,34
2024-10-28,P006,food,1017.08,1,24
2024-10-28,P007,household,1026.87,0,26
2024-10-28,P008,household,1161.43,0,23
2024-10-28,P009,household,620.37,0,13
2024-10-28,P010,household,499.84,0,25
2024-10-28,P011,cosmetics,1467.35,0,15
2024-10-28,P012,household,538.69,0,26
2024-10-29,P001,food,1311.81,0,23
2024-10-29,P002,cosmetics,513.23,0,15
2024-10-29,P003,food,606.27,1,85
2024-10-29,P004,cosmetics,984.07,0,15
2024-10-29,P005,food,1074.94,0,19
2024-10-29,P006,food,1307.07,0,15
2024-10-29,P007,household,1024.69,0,26
2024-10-29,P008,household,1160.62,0,21
2024-10-29,P009,household,633.86,0,14
2024-10-29,P010,household,498.95,0,39
2024-10-29,P011,cosmetics,1465.91,0,26
2024-10-29,P012,household,538.07,0,24
2024-10-30,P001,food,1325.74,0,19
2024-10-30,P002,cosmetics,514.2,0,17
2024-10-30,P003,food,622.35,1,69
2024-10-30,P004,cosmetics,971.94,0,19
2024-10-30,P005,food,1095.61,0,28
2024-10-30,P006,food,1311.3,0,13
2024-10-30,P007,household,1035.79,0,20
2024-10-30,P008,household,1143.58,0,29
2024-10-30,P009,household,623.04,0,12
2024-10-30,P010,household,505.69,0,34
2024-10-30,P011,cosmetics,1463.95,0,24
2024-10-30,P012,household,540.99,0,28
2024-10-31,P001,food,1311.55,0,17
2024-10-31,P002,cosmetics,511.8,0,16
2024-10-31,P003,food,616.64,1,61
2024-10-31,P004,cosmetics,972.07,0,24
2024-10-31,P005,food,1088.58,0,38
2024-10-31,P006,food,1337.94,0,16
2024-10-31,P007,household,1029.79,0,19
2024-10-31,P008,household,1161.15,0,29
2024-10-31,P009,household,625.76,0,13
2024-10-31,P010,household,500.99,0,25
2024-10-31,P011,cosmetics,1467.21,0,23
2024-10-31,P012,household,524.28,0,17
2024-11-01,P001,food,1281.57,0,27
2024-11-01,P002,cosmetics,508.98,0,20
2024-11-01,P003,food,776.44,0,41
2024-11-01,P004,cosmetics,993.98,0,21
2024-11-01,P005,food,1083.2,0,35
2024-11-01,P006,food,1304.31,0,14
2024-11-01,P007,household,1051.62,0,24
2024-11-01,P008,household,1180.42,0,22
2024-11-01,P009,household,625.26,0,14
2024-11-01,P010,household,494.75,0,33
2024-11-01,P011,cosmetics,1463.0,0,24
2024-11-01,P012,household,539.23,0,27
2024-11-02,P001,food,1301.17,0,28
2024-11-02,P002,cosmetics,506.0,0,21
2024-11-02,P003,food,772.28,0,42
2024-11-02,P004,cosmetics,973.09,0,20
2024-11-02,P005,food,1087.51,0,29
2024-11-02,P006,food,1328.86,0,18
2024-11-02,P007,household,1040.73,0,28
2024-11-02,P008,household,1176.87,0,44
2024-11-02,P009,household,626.06,0,8
2024-11-02,P010,household,498.02,0,29
2024-11-02,P011,cosmetics,1452.29,0,15
2024-11-02,P012,household,540.44,0,27
2024-11-03,P001,food,1286.78,0,33
2024-11-03,P002,cosmetics,516.8,0,18
2024-11-03,P003,food,778.97,0,39
2024-11-03,P004,cosmetics,989.38,0,29
2024-11-03,P005,food,1102.62,0,25
2024-11-03,P006,food,1319.97,0,15
2024-11-03,P007,household,1029.41,0,22
2024-11-03,P008,household,1173.66,0,47
2024-11-03,P009,household,626.98,0,6
2024-11-03,P010,household,502.78,0,34
2024-11-03,P011,cosmetics,1481.64,0,19
2024-11-03,P012,household,538.38,0,33
2024-11-04,P001,food,1295.29,0,23
2024-11-04,P002,cosmetics,509.52,0,13
2024-11-04,P003,food,784.37,0,42
2024-11-04,P004,cosmetics,986.64,0,24
2024-11-04,P005,food,1079.38,0,19
2024-11-04,P006,food,1322.58,0,19
2024-11-04,P007,household,1034.02,0,21
2024-11-04,P008,household,1169.06,0,25
2024-11-04,P009,household,620.95,0,10
2024-11-04,P010,household,491.07,0,26
2024-11-04,P011,cosmetics,1476.55,0,21
2024-11-04,P012,household,530.97,0,21
2024-11-05,P001,food,1321.71,0,19
2024-11-05,P002,cosmetics,529.26,0,17
2024-11-05,P003,food,770.25,0,54
2024-11-05,P004,cosmetics,989.23,0,19
2024-11-05,P005,food,1081.16,0,34
2024-11-05,P006,food,1309.69,0,13
2024-11-05,P007,household,1038.21,0,32
2024-11-05,P008,household,1184.44,0,33
2024-11-05,P009,household,624.79,0,6
2024-11-05,P010,household,505.76,0,30
2024-11-05,P011,cosmetics,1496.53,0,14
2024-11-05,P012,household,538.41,0,27
2024-11-06,P001,food,1310.34,0,18
2024-11-06,P002,cosmetics,507.97,0,15
2024-11-06,P003,food,776.63,0,52
2024-11-06,P004,cosmetics,990.16,0,18
2024-11-06,P005,food,1103.99,0,28
2024-11-06,P006,food,1314.71,0,9
2024-11-06,P007,household,1036.13,0,17
2024-11-06,P008,household,1155.15,0,19
2024-11-06,P009,household,635.63,0,14
2024-11-06,P010,household,491.94,0,32
2024-11-06,P011,cosmetics,1474.39,0,23
2024-11-06,P012,household,530.95,0,29
2024-11-07,P001,food,1292.94,0,22
2024-11-07,P002,cosmetics,507.09,0,16
2024-11-07,P003,food,783.41,0,48
2024-11-07,P004,cosmetics,976.31,0,17
2024-11-07,P005,food,1091.16,0,23
2024-11-07,P006,food,1319.27,0,8
2024-11-07,P007,household,1039.65,0,23
2024-11-07,P008,household,1156.26,0,43
2024-11-07,P009,household,629.0,0,9
2024-11-07,P010,household,500.24,0,33
2024-11-07,P011,cosmetics,1462.84,0,22
2024-11-07,P012,household,548.79,0,14
2024-11-08,P001,food,1288.84,0,28
2024-11-08,P002,cosmetics,516.17,0,15
2024-11-08,P003,food,761.63,0,44
2024-11-08,P004,cosmetics,975.9,0,19
2024-11-08,P005,food,1097.64,0,36
2024-11-08,P006,food,1312.48,0,22
2024-11-08,P007,household,1037.55,0,19
2024-11-08,P008,household,1180.65,0,25
2024-11-08,P009,household,630.0,0,3
2024-11-08,P010,household,495.81,0,37
2024-11-08,P011,cosmetics,1459.76,0,20
2024-11-08,P012,household,537.83,0,19
2024-11-09,P001,food,1302.46,0,25
2024-11-09,P002,cosmetics,521.4,0,11
2024-11-09,P003,food,776.22,0,49
2024-11-09,P004,cosmetics,992.56,0,28
2024-11-09,P005,food,1094.72,0,31
2024-11-09,P006,food,1323.72,0,19
2024-11-09,P007,household,1022.42,0,27
2024-11-09,P008,household,1167.85,0,42
2024-11-09,P009,household,615.17,0,9
2024-11-09,P010,household,495.52,0,24
2024-11-09,P011,cosmetics,1469.66,0,21
2024-11-09,P012,household,528.1,0,25
2024-11-10,P001,food,1286.2,0,28
2024-11-10,P002,cosmetics,424.5,1,29
2024-11-10,P003,food,773.33,0,38
2024-11-10,P004,cosmetics,979.31,0,43
2024-11-10,P005,food,1089.95,0,24
2024-11-10,P006,food,1325.38,0,25
2024-11-10,P007,household,1014.53,0,28
2024-11-10,P008,household,1159.69,0,26
2024-11-10,P009,household,635.18,0,10
2024-11-10,P010,household,489.32,0,35
2024-11-10,P011,cosmetics,1477.09,0,19
2024-11-10,P012,household,538.11,0,29
2024-11-11,P001,food,1293.3,0,22
2024-11-11,P002,cosmetics,426.66,1,23
2024-11-11,P003,food,775.63,0,43
2024-11-11,P004,cosmetics,958.41,0,21
2024-11-11,P005,food,1086.54,0,38
2024-11-11,P006,food,1348.02,0,12
2024-11-11,P007,household,1032.96,0,22
2024-11-11,P008,household,1173.97,0,35
2024-11-11,P009,household,624.9,0,9
2024-11-11,P010,household,500.28,0,29
2024-11-11,P011,cosmetics,1465.37,0,20
2024-11-11,P012,household,544.05,0,15
2024-11-12,P001,food,1306.1,0,24
2024-11-12,P002,cosmetics,416.41,1,26
2024-11-12,P003,food,772.77,0,36
2024-11-12,P004,cosmetics,991.91,0,28
2024-11-12,P005,food,1099.4,0,23
2024-11-12,P006,food,1323.02,0,17
2024-11-12,P007,household,1042.65,0,22
2024-11-12,P008,household,1162.41,0,29
2024-11-12,P009,household,636.28,0,13
2024-11-12,P010,household,489.39,0,42
2024-11-12,P011,cosmetics,1447.37,0,17
2024-11-12,P012,household,540.17,0,27
2024-11-13,P001,food,1317.08,0,25
2024-11-13,P002,cosmetics,421.35,1,23
2024-11-13,P003,food,777.74,0,53
2024-11-13,P004,cosmetics,975.3,0,22
2024-11-13,P005,food,1103.01,0,22
2024-11-13,P006,food,1294.12,0,22
2024-11-13,P007,household,1033.08,0,27
2024-11-13,P008,household,1157.75,0,28
2024-11-13,P009,household,630.18,0,8
2024-11-13,P010,household,488.62,0,32
2024-11-13,P011,cosmetics,1458.11,0,20
2024-11-13,P012,household,534.29,0,24
2024-11-14,P001,food,1309.96,0,31
2024-11-14,P002,cosmetics,419.67,1,26
2024-11-14,P003,food,791.61,0,42
2024-11-14,P004,cosmetics,990.12,0,21
2024-11-14,P005,food,1102.16,0,31
2024-11-14,P006,food,1334.69,0,14
2024-11-14,P007,household,1049.66,0,19
2024-11-14,P008,household,1157.42,0,35
2024-11-14,P009,household,625.68,0,13
2024-11-14,P010,household,501.53,0,25
2024-11-14,P011,cosmetics,1469.23,0,11
2024-11-14,P012,household,535.56,0,24
2024-11-15,P001,food,1000.32,1,44
2024-11-15,P002,cosmetics,503.82,0,13
2024-11-15,P003,food,774.15,0,53
2024-11-15,P004,cosmetics,999.24,0,16
2024-11-15,P005,food,1077.41,0,27
2024-11-15,P006,food,1316.66,0,15
2024-11-15,P007,household,1036.35,0,18
2024-11-15,P008,household,1171.28,0,36
2024-11-15,P009,household,618.66,0,11
2024-11-15,P010,household,504.65,0,29
2024-11-15,P011,cosmetics,1479.84,0,18
2024-11-15,P012,household,537.68,0,18
2024-11-16,P001,food,1026.89,1,52
2024-11-16,P002,cosmetics,514.15,0,21
2024-11-16,P003,food,778.93,0,47
2024-11-16,P004,cosmetics,985.68,0,27
2024-11-16,P005,food,1104.56,0,28
2024-11-16,P006,food,1345.89,0,18
2024-11-16,P007,household,1050.91,0,33
2024-11-16,P008,household,1169.93,0,40
2024-11-16,P009,household,642.9,0,9
2024-11-16,P010,household,492.47,0,25
2024-11-16,P011,cosmetics,1447.14,0,12
2024-11-16,P012,household,536.85,0,22
2024-11-17,P001,food,1024.51,1,54
2024-11-17,P002,cosmetics,502.03,0,15
2024-11-17,P003,food,792.16,0,37
2024-11-17,P004,cosmetics,995.33,0,32
2024-11-17,P005,food,1086.43,0,27
2024-11-17,P006,food,1338.76,0,22
2024-11-17,P007,household,1048.78,0,42
2024-11-17,P008,household,1185.23,0,46
2024-11-17,P009,household,634.27,0,11
2024-11-17,P010,household,500.75,0,43
2024-11-17,P011,cosmetics,1472.86,0,17
2024-11-17,P012,household,532.43,0,22
2024-11-18,P001,food,1028.01,1,51
2024-11-18,P002,cosmetics,506.76,0,16
2024-11-18,P003,food,772.4,0,53
2024-11-18,P004,cosmetics,987.03,0,22
2024-11-18,P005,food,1082.1,0,19
2024-11-18,P006,food,1312.68,0,13
2024-11-18,P007,household,1047.74,0,17
2024-11-18,P008,household,1164.14,0,34
2024-11-18,P009,household,634.64,0,15
2024-11-18,P010,household,499.73,0,35
2024-11-18,P011,cosmetics,1472.21,0,23
2024-11-18,P012,household,538.86,0,22
2024-11-19,P001,food,1040.32,1,37
2024-11-19,P002,cosmetics,510.79,0,20
2024-11-19,P003,food,790.76,0,42
2024-11-19,P004,cosmetics,1001.16,0,28
2024-11-19,P005,food,1088.49,0,34
2024-11-19,P006,food,1328.87,0,11
2024-11-19,P007,household,1024.36,0,31
2024-11-19,P008,household,1163.94,0,29
2024-11-19,P009,household,640.66,0,16
2024-11-19,P010,household,495.32,0,29
2024-11-19,P011,cosmetics,1462.33,0,23
2024-11-19,P012,household,532.03,0,20
2024-11-20,P001,food,1002.65,1,41
2024-11-20,P002,cosmetics,509.28,0,11
2024-11-20,P003,food,776.71,0,50
2024-11-20,P004,cosmetics,975.04,0,32
2024-11-20,P005,food,1099.4,0,24
2024-11-20,P006,food,1311.51,0,23
2024-11-20,P007,household,1037.01,0,21
2024-11-20,P008,household,1184.33,0,35
2024-11-20,P009,household,630.62,0,12
2024-11-20,P010,household,502.4,0,30
2024-11-20,P011,cosmetics,1160.11,1,27
2024-11-20,P012,household,544.34,0,23
2024-11-21,P001,food,1017.72,1,39
2024-11-21,P002,cosmetics,515.58,0,15
2024-11-21,P003,food,790.51,0,38
2024-11-21,P004,cosmetics,985.43,0,21
2024-11-21,P005,food,1096.23,0,29
2024-11-21,P006,food,1319.39,0,10
2024-11-21,P007,household,1049.51,0,24
2024-11-21,P008,household,1179.03,0,19
2024-11-21,P009,household,637.72,0,10
2024-11-21,P010,household,494.96,0,36
2024-11-21,P011,cosmetics,1158.37,1,41
2024-11-21,P012,household,545.0,0,27
2024-11-22,P001,food,1029.82,1,57
2024-11-22,P002,cosmetics,515.12,0,18
2024-11-22,P003,food,782.5,0,34
2024-11-22,P004,cosmetics,992.15,0,26
2024-11-22,P005,food,1087.55,0,32
2024-11-22,P006,food,1328.27,0,7
2024-11-22,P007,household,1039.66,0,28
2024-11-22,P008,household,1169.22,0,29
2024-11-22,P009,household,626.2,0,3
2024-11-22,P010,household,498.34,0,36
2024-11-22,P011,cosmetics,1168.6,1,46
2024-11-22,P012,household,470.14,1,35
2024-11-23,P001,food,1007.58,1,55
2024-11-23,P002,cosmetics,518.14,0,25
2024-11-23,P003,food,615.43,1,69
2024-11-23,P004,cosmetics,983.64,0,45
2024-11-23,P005,food,1099.47,0,9
2024-11-23,P006,food,1334.03,0,9
2024-11-23,P007,household,1042.58,0,35
2024-11-23,P008,household,1149.3,0,40
2024-11-23,P009,household,633.85,0,15
2024-11-23,P010,household,489.56,0,44
2024-11-23,P011,cosmetics,1180.11,1,39
2024-11-23,P012,household,471.5,1,32
2024-11-24,P001,food,1038.89,1,44
2024-11-24,P002,cosmetics,517.41,0,20
2024-11-24,P003,food,613.15,1,56
2024-11-24,P004,cosmetics,996.87,0,30
2024-11-24,P005,food,1091.86,0,24
2024-11-24,P006,food,1331.16,0,16
2024-11-24,P007,household,1022.45,0,36
2024-11-24,P008,household,1158.05,0,41
2024-11-24,P009,household,625.25,0,9
2024-11-24,P010,household,489.77,0,23
2024-11-24,P011,cosmetics,1180.94,1,40
2024-11-24,P012,household,472.89,1,36
2024-11-25,P001,food,1027.55,1,42
2024-11-25,P002,cosmetics,519.41,0,21
2024-11-25,P003,food,609.72,1,72
2024-11-25,P004,cosmetics,981.25,0,20
2024-11-25,P005,food,1084.09,0,41
2024-11-25,P006,food,1320.34,0,11
2024-11-25,P007,household,1056.73,0,32
2024-11-25,P008,household,1155.22,0,27
2024-11-25,P009,household,626.04,0,12
2024-11-25,P010,household,501.57,0,33
2024-11-25,P011,cosmetics,1153.84,1,35
2024-11-25,P012,household,474.75,1,23
2024-11-26,P001,food,1313.06,0,27
2024-11-26,P002,cosmetics,513.54,0,10
2024-11-26,P003,food,777.26,0,44
2024-11-26,P004,cosmetics,1005.91,0,25
2024-11-26,P005,food,1082.62,0,29
2024-11-26,P006,food,1352.11,0,14
2024-11-26,P007,household,1028.63,0,32
2024-11-26,P008,household,1167.95,0,36
2024-11-26,P009,household,629.82,0,16
2024-11-26,P010,household,498.51,0,38
2024-11-26,P011,cosmetics,1164.78,1,33
2024-11-26,P012,household,476.12,1,40
2024-11-27,P001,food,1294.6,0,19
2024-11-27,P002,cosmetics,515.11,0,20
2024-11-27,P003,food,783.64,0,35
2024-11-27,P004,cosmetics,1006.43,0,22
2024-11-27,P005,food,1094.81,0,32
2024-11-27,P006,food,1314.53,0,12
2024-11-27,P007,household,1016.16,0,20
2024-11-27,P008,household,1161.59,0,25
2024-11-27,P009,household,621.24,0,8
2024-11-27,P010,household,495.07,0,38
2024-11-27,P011,cosmetics,1141.36,1,29
2024-11-27,P012,household,477.1,1,29
2024-11-28,P001,food,1312.63,0,18
2024-11-28,P002,cosmetics,426.4,1,29
2024-11-28,P003,food,776.57,0,51
2024-11-28,P004,cosmetics,988.29,0,30
2024-11-28,P005,food,1089.44,0,26
2024-11-28,P006,food,1298.15,0,11
2024-11-28,P007,household,1033.19,0,25
2024-11-28,P008,household,1186.24,0,28
2024-11-28,P009,household,631.28,0,8
2024-11-28,P010,household,505.23,0,45
2024-11-28,P011,cosmetics,1168.23,1,30
2024-11-28,P012,household,541.59,0,30
2024-11-29,P001,food,1315.95,0,29
2024-11-29,P002,cosmetics,424.83,1,31
2024-11-29,P003,food,774.21,0,46
2024-11-29,P004,cosmetics,990.96,0,22
2024-11-29,P005,food,1075.34,0,23
2024-11-29,P006,food,1300.68,0,14
2024-11-29,P007,household,1011.46,0,19
2024-11-29,P008,household,1149.18,0,45
2024-11-29,P009,household,627.25,0,21
2024-11-29,P010,household,505.18,0,34
2024-11-29,P011,cosmetics,1477.75,0,21
2024-11-29,P012,household,547.6,0,29
2024-11-30,P001,food,1305.07,0,25
2024-11-30,P002,cosmetics,422.54,1,23
2024-11-30,P003,food,774.72,0,47
2024-11-30,P004,cosmetics,997.26,0,25
2024-11-30,P005,food,1099.57,0,28
2024-11-30,P006,food,1338.8,0,24
2024-11-30,P007,household,1025.58,0,34
2024-11-30,P008,household,1153.97,0,38
2024-11-30,P009,household,616.71,0,10
2024-11-30,P010,household,497.95,0,33
2024-11-30,P011,cosmetics,1492.04,0,16
2024-11-30,P012,household,539.55,0,24
2024-12-01,P001,food,1305.09,0,28
2024-12-01,P002,cosmetics,422.82,1,29
2024-12-01,P003,food,784.38,0,47
2024-12-01,P004,cosmetics,973.81,0,40
2024-12-01,P005,food,1085.1,0,21
2024-12-01,P006,food,1318.34,0,11
2024-12-01,P007,household,1063.36,0,37
2024-12-01,P008,household,1170.38,0,44
2024-12-01,P009,household,626.33,0,11
2024-12-01,P010,household,488.56,0,20
2024-12-01,P011,cosmetics,1442.72,0,19
2024-12-01,P012,household,532.2,0,17
2024-12-02,P001,food,1305.56,0,22
2024-12-02,P002,cosmetics,420.76,1,25
2024-12-02,P003,food,786.18,0,41
2024-12-02,P004,cosmetics,972.58,0,18
2024-12-02,P005,food,1107.7,0,32
2024-12-02,P006,food,1321.45,0,9
2024-12-02,P007,household,1032.9,0,21
2024-12-02,P008,household,1173.61,0,33
2024-12-02,P009,household,627.04,0,11
2024-12-02,P010,household,495.22,0,32
2024-12-02,P011,cosmetics,1452.98,0,22
2024-12-02,P012,household,530.54,0,25
2024-12-03,P001,food,1290.8,0,20
2024-12-03,P002,cosmetics,426.02,1,20
2024-12-03,P003,food,771.49,0,41
2024-12-03,P004,cosmetics,997.89,0,30
2024-12-03,P005,food,1075.04,0,26
2024-12-03,P006,food,1312.19,0,10
2024-12-03,P007,household,1022.03,0,26
2024-12-03,P008,household,1137.32,0,33
2024-12-03,P009,household,634.58,0,11
2024-12-03,P010,household,491.65,0,34
2024-12-03,P011,cosmetics,1471.08,0,20
2024-12-03,P012,household,548.04,0,32
2024-12-04,P001,food,1300.12,0,12
2024-12-04,P002,cosmetics,423.83,1,22
2024-12-04,P003,food,771.48,0,34
2024-12-04,P004,cosmetics,988.21,0,28
2024-12-04,P005,food,1088.37,0,25
2024-12-04,P006,food,1313.38,0,14
2024-12-04,P007,household,1037.1,0,22
2024-12-04,P008,household,1147.26,0,36
2024-12-04,P009,household,631.01,0,13
2024-12-04,P010,household,496.22,0,18
2024-12-04,P011,cosmetics,1445.19,0,23
2024-12-04,P012,household,541.97,0,15
2024-12-05,P001,food,1300.05,0,25
2024-12-05,P002,cosmetics,510.14,0,18
2024-12-05,P003,food,779.62,0,40
2024-12-05,P004,cosmetics,983.28,0,31
2024-12-05,P005,food,1082.7,0,27
2024-12-05,P006,food,1308.97,0,19
2024-12-05,P007,household,1027.53,0,31
2024-12-05,P008,household,1164.45,0,27
2024-12-05,P009,household,638.32,0,11
2024-12-05,P010,household,491.13,0,37
2024-12-05,P011,cosmetics,1471.5,0,27
2024-12-05,P012,household,540.34,0,12
2024-12-06,P001,food,1307.03,0,16
2024-12-06,P002,cosmetics,510.15,0,11
2024-12-06,P003,food,788.53,0,37
2024-12-06,P004,cosmetics,985.62,0,27
2024-12-06,P005,food,1079.7,0,33
2024-12-06,P006,food,1325.57,0,9
2024-12-06,P007,household,1045.8,0,29
2024-12-06,P008,household,1183.36,0,31
2024-12-06,P009,household,632.48,0,17
2024-12-06,P010,household,489.85,0,36
2024-12-06,P011,cosmetics,1478.12,0,18
2024-12-06,P012,household,541.64,0,24
2024-12-07,P001,food,1315.06,0,33
2024-12-07,P002,cosmetics,507.33,0,26
2024-12-07,P003,food,785.57,0,41
2024-12-07,P004,cosmetics,962.0,0,19
2024-12-07,P005,food,1085.03,0,29
2024-12-07,P006,food,1318.06,0,13
2024-12-07,P007,household,1027.61,0,23
2024-12-07,P008,household,1189.56,0,42
2024-12-07,P009,household,625.73,0,14
2024-12-07,P010,household,484.56,0,36
2024-12-07,P011,cosmetics,1450.14,0,18
2024-12-07,P012,household,540.09,0,28
2024-12-08,P001,food,1288.25,0,24
2024-12-08,P002,cosmetics,518.57,0,15
2024-12-08,P003,food,766.95,0,41
2024-12-08,P004,cosmetics,983.63,0,26
2024-12-08,P005,food,1109.64,0,26
2024-12-08,P006,food,1325.09,0,23
2024-12-08,P007,household,1039.64,0,31
2024-12-08,P008,household,1162.68,0,40
2024-12-08,P009,household,628.84,0,15
2024-12-08,P010,household,496.61,0,32
2024-12-08,P011,cosmetics,1470.91,0,14
2024-12-08,P012,household,541.56,0,27
2024-12-09,P001,food,1300.41,0,23
2024-12-09,P002,cosmetics,513.95,0,19
2024-12-09,P003,food,774.62,0,49
2024-12-09,P004,cosmetics,978.09,0,18
2024-12-09,P005,food,1091.9,0,28
2024-12-09,P006,food,1323.83,0,13
2024-12-09,P007,household,1024.94,0,17
2024-12-09,P008,household,1165.53,0,38
2024-12-09,P009,household,627.02,0,12
2024-12-09,P010,household,484.38,0,42
2024-12-09,P011,cosmetics,1451.16,0,22
2024-12-09,P012,household,537.21,0,16
2024-12-10,P001,food,1321.33,0,30
2024-12-10,P002,cosmetics,509.12,0,11
2024-12-10,P003,food,769.44,0,67
2024-12-10,P004,cosmetics,994.56,0,26
2024-12-10,P005,food,1081.7,0,32
2024-12-10,P006,food,1313.73,0,15
2024-12-10,P007,household,1063.78,0,24
2024-12-10,P008,household,1157.75,0,31
2024-12-10,P009,household,632.28,0,9
2024-12-10,P010,household,494.19,0,35
2024-12-10,P011,cosmetics,1489.17,0,13
2024-12-10,P012,household,544.91,0,28
2024-12-11,P001,food,1292.36,0,24
2024-12-11,P002,cosmetics,517.7,0,21
2024-12-11,P003,food,774.59,0,44
2024-12-11,P004,cosmetics,995.32,0,16
2024-12-11,P005,food,1070.4,0,24
2024-12-11,P006,food,1300.1,0,13
2024-12-11,P007,household,1042.06,0,23
2024-12-11,P008,household,1174.92,0,21
2024-12-11,P009,household,629.59,0,11
2024-12-11,P010,household,499.22,0,34
2024-12-11,P011,cosmetics,1472.0,0,19
2024-12-11,P012,household,536.39,0,17
2024-12-12,P001,food,1291.33,0,34
2024-12-12,P002,cosmetics,510.67,0,18
2024-12-12,P003,food,789.13,0,38
2024-12-12,P004,cosmetics,991.2,0,32
2024-12-12,P005,food,1071.57,0,28
2024-12-12,P006,food,1298.96,0,11
2024-12-12,P007,household,1035.33,0,27
2024-12-12,P008,household,1185.37,0,19
2024-12-12,P009,household,625.26,0,12
2024-12-12,P010,household,492.2,0,33
2024-12-12,P011,cosmetics,1459.56,0,19
2024-12-12,P012,household,534.35,0,20
2024-12-13,P001,food,1304.67,0,28
2024-12-13,P002,cosmetics,506.32,0,20
2024-12-13,P003,food,765.62,0,40
2024-12-13,P004,cosmetics,989.41,0,17
2024-12-13,P005,food,1084.49,0,25
2024-12-13,P006,food,1359.28,0,14
2024-12-13,P007,household,1033.8,0,21
2024-12-13,P008,household,1182.19,0,24
2024-12-13,P009,household,629.27,0,12
2024-12-13,P010,household,490.4,0,32
2024-12-13,P011,cosmetics,1450.78,0,24
2024-12-13,P012,household,530.1,0,18
2024-12-14,P001,food,1313.03,0,21
2024-12-14,P002,cosmetics,518.79,0,20
2024-12-14,P003,food,764.1,0,30
2024-12-14,P004,cosmetics,970.76,0,31
2024-12-14,P005,food,1083.43,0,29
2024-12-14,P006,food,1338.85,0,15
2024-12-14,P007,household,1031.1,0,25
2024-12-14,P008,household,1167.19,0,34
2024-12-14,P009,household,632.11,0,8
2024-12-14,P010,household,495.44,0,38
2024-12-14,P011,cosmetics,1474.68,0,21
2024-12-14,P012,household,537.94,0,22
2024-12-15,P001,food,1302.19,0,25
2024-12-15,P002,cosmetics,510.79,0,17
2024-12-15,P003,food,770.23,0,40
2024-12-15,P004,cosmetics,991.33,0,43
2024-12-15,P005,food,1087.89,0,23
2024-12-15,P006,food,1337.03,0,19
2024-12-15,P007,household,1028.95,0,32
2024-12-15,P008,household,1157.73,0,49
2024-12-15,P009,household,622.88,0,13
2024-12-15,P010,household,491.67,0,31
2024-12-15,P011,cosmetics,1488.91,0,15
2024-12-15,P012,household,546.06,0,17
2024-12-16,P001,food,1319.34,0,24
2024-12-16,P002,cosmetics,511.45,0,20
2024-12-16,P003,food,778.9,0,46
2024-12-16,P004,cosmetics,991.71,0,23
2024-12-16,P005,food,1065.56,0,23
2024-12-16,P006,food,1310.45,0,14
2024-12-16,P007,household,1028.66,0,25
2024-12-16,P008,household,1167.62,0,14
2024-12-16,P009,household,631.21,0,11
2024-12-16,P010,household,496.7,0,27
2024-12-16,P011,cosmetics,1457.63,0,16
2024-12-16,P012,household,536.76,0,18
2024-12-17,P001,food,1313.19,0,30
2024-12-17,P002,cosmetics,513.76,0,11
2024-12-17,P003,food,781.49,0,37
2024-12-17,P004,cosmetics,997.78,0,26
2024-12-17,P005,food,1089.34,0,19
2024-12-17,P006,food,1319.48,0,9
2024-12-17,P007,household,1054.24,0,29
2024-12-17,P008,household,1183.65,0,36
2024-12-17,P009,household,619.28,0,12
2024-12-17,P010,household,490.66,0,27
2024-12-17,P011,cosmetics,1462.51,0,20
2024-12-17,P012,household,531.79,0,28
2024-12-18,P001,food,1313.0,0,21
2024-12-18,P002,cosmetics,519.41,0,16
2024-12-18,P003,food,780.07,0,52
2024-12-18,P004,cosmetics,1006.39,0,25
2024-12-18,P005,food,1101.54,0,23
2024-12-18,P006,food,1308.59,0,8
2024-12-18,P007,household,1031.11,0,27
2024-12-18,P008,household,1162.85,0,31
2024-12-18,P009,household,636.17,0,16
2024-12-18,P010,household,495.26,0,21
2024-12-18,P011,cosmetics,1457.92,0,27
2024-12-18,P012,household,540.76,0,17
2024-12-19,P001,food,1309.25,0,23
2024-12-19,P002,cosmetics,424.31,1,18
2024-12-19,P003,food,785.8,0,51
2024-12-19,P004,cosmetics,968.83,0,36
2024-12-19,P005,food,1108.03,0,27
2024-12-19,P006,food,1302.04,0,18
2024-12-19,P007,household,1014.76,0,15
2024-12-19,P008,household,1146.33,0,33
2024-12-19,P009,household,632.53,0,11
2024-12-19,P010,household,494.06,0,46
2024-12-19,P011,cosmetics,1491.82,0,14
2024-12-19,P012,household,535.71,0,18
2024-12-20,P001,food,1332.34,0,30
2024-12-20,P002,cosmetics,419.14,1,27
2024-12-20,P003,food,762.98,0,37
2024-12-20,P004,cosmetics,981.68,0,28
2024-12-20,P005,food,1069.68,0,35
2024-12-20,P006,food,1311.58,0,10
2024-12-20,P007,household,1024.75,0,31
2024-12-20,P008,household,1163.32,0,23
2024-12-20,P009,household,639.46,0,11
2024-12-20,P010,household,495.72,0,39
2024-12-20,P011,cosmetics,1440.93,0,19
2024-12-20,P012,household,547.57,0,22
2024-12-21,P001,food,1299.37,0,15
2024-12-21,P002,cosmetics,426.54,1,31
2024-12-21,P003,food,785.9,0,40
2024-12-21,P004,cosmetics,978.2,0,34
2024-12-21,P005,food,1081.6,0,35
2024-12-21,P006,food,1336.85,0,14
2024-12-21,P007,household,1046.45,0,35
2024-12-21,P008,household,1164.27,0,43
2024-12-21,P009,household,622.19,0,13
2024-12-21,P010,household,503.88,0,23
2024-12-21,P011,cosmetics,1487.85,0,17
2024-12-21,P012,household,545.02,0,21
2024-12-22,P001,food,1275.95,0,33
2024-12-22,P002,cosmetics,511.06,0,27
2024-12-22,P003,food,774.25,0,43
2024-12-22,P004,cosmetics,987.21,0,34
2024-12-22,P005,food,1081.02,0,32
2024-12-22,P006,food,1330.44,0,14
2024-12-22,P007,household,1034.22,0,33
2024-12-22,P008,household,1146.26,0,37
2024-12-22,P009,household,636.34,0,13
2024-12-22,P010,household,496.77,0,30
2024-12-22,P011,cosmetics,1463.43,0,21
2024-12-22,P012,household,532.37,0,25
2024-12-23,P001,food,1322.93,0,20
2024-12-23,P002,cosmetics,523.24,0,19
2024-12-23,P003,food,782.35,0,44
2024-12-23,P004,cosmetics,985.64,0,36
2024-12-23,P005,food,1091.92,0,28
2024-12-23,P006,food,1306.55,0,7
2024-12-23,P007,household,1035.45,0,27
2024-12-23,P008,household,1170.23,0,30
2024-12-23,P009,household,635.1,0,6
2024-12-23,P010,household,498.28,0,32
2024-12-23,P011,cosmetics,1467.91,0,24
2024-12-23,P012,household,538.28,0,22
2024-12-24,P001,food,1296.08,0,32
2024-12-24,P002,cosmetics,513.54,0,16
2024-12-24,P003,food,766.39,0,42
2024-12-24,P004,cosmetics,983.2,0,24
2024-12-24,P005,food,1077.04,0,28
2024-12-24,P006,food,1315.2,0,11
2024-12-24,P007,household,1048.96,0,18
2024-12-24,P008,household,1173.43,0,27
2024-12-24,P009,household,628.07,0,11
2024-12-24,P010,household,492.68,0,24
2024-12-24,P011,cosmetics,1463.96,0,12
2024-12-24,P012,household,535.15,0,19
2024-12-25,P001,food,1303.44,0,27
2024-12-25,P002,cosmetics,502.07,0,20
2024-12-25,P003,food,776.71,0,40
2024-12-25,P004,cosmetics,995.64,0,18
2024-12-25,P005,food,1108.68,0,28
2024-12-25,P006,food,1329.23,0,18
2024-12-25,P007,household,1028.78,0,34
2024-12-25,P008,household,1189.24,0,33
2024-12-25,P009,household,626.84,0,13
2024-12-25,P010,household,496.88,0,32
2024-12-25,P011,cosmetics,1472.49,0,10
2024-12-25,P012,household,532.96,0,32
2024-12-26,P001,food,1319.09,0,18
2024-12-26,P002,cosmetics,515.38,0,15
2024-12-26,P003,food,778.5,0,43
2024-12-26,P004,cosmetics,974.66,0,23
2024-12-26,P005,food,1090.81,0,17
2024-12-26,P006,food,1311.82,0,9
2024-12-26,P007,household,1043.39,0,26
2024-12-26,P008,household,1151.97,0,27
2024-12-26,P009,household,622.38,0,14
2024-12-26,P010,household,494.41,0,32
2024-12-26,P011,cosmetics,1458.25,0,25
2024-12-26,P012,household,538.92,0,22
2024-12-27,P001,food,1281.18,0,36
2024-12-27,P002,cosmetics,523.53,0,20
2024-12-27,P003,food,785.65,0,39
2024-12-27,P004,cosmetics,975.25,0,29
2024-12-27,P005,food,1088.99,0,24
2024-12-27,P006,food,1320.4,0,7
2024-12-27,P007,household,1029.91,0,29
2024-12-27,P008,household,1176.05,0,30
2024-12-27,P009,household,620.74,0,14
2024-12-27,P010,household,495.92,0,38
2024-12-27,P011,cosmetics,1484.51,0,27
2024-12-27,P012,household,543.63,0,30
2024-12-28,P001,food,1285.74,0,30
2024-12-28,P002,cosmetics,521.64,0,9
2024-12-28,P003,food,764.36,0,41
2024-12-28,P004,cosmetics,975.42,0,34
2024-12-28,P005,food,1107.7,0,33
2024-12-28,P006,food,1324.65,0,14
2024-12-28,P007,household,1042.81,0,32
2024-12-28,P008,household,1178.81,0,36
2024-12-28,P009,household,624.49,0,11
2024-12-28,P010,household,498.99,0,28
2024-12-28,P011,cosmetics,1485.11,0,13
2024-12-28,P012,household,538.78,0,25
2024-12-29,P001,food,1281.19,0,32
2024-12-29,P002,cosmetics,522.95,0,25
2024-12-29,P003,food,776.91,0,43
2024-12-29,P004,cosmetics,981.96,0,22
2024-12-29,P005,food,1090.16,0,23
2024-12-29,P006,food,1324.51,0,14
2024-12-29,P007,household,1032.78,0,29
2024-12-29,P008,household,1173.59,0,48
2024-12-29,P009,household,621.31,0,13
2024-12-29,P010,household,493.3,0,33
2024-12-29,P011,cosmetics,1454.52,0,17
2024-12-29,P012,household,536.44,0,19
2024-12-30,P001,food,1291.7,0,31
2024-12-30,P002,cosmetics,508.31,0,18
2024-12-30,P003,food,768.24,0,40
2024-12-30,P004,cosmetics,973.4,0,28
2024-12-30,P005,food,1094.7,0,29
2024-12-30,P006,food,1322.7,0,8
2024-12-30,P007,household,1034.33,0,39
2024-12-30,P008,household,1155.77,0,28
2024-12-30,P009,household,639.25,0,17
2024-12-30,P010,household,493.8,0,33
2024-12-30,P011,cosmetics,1478.77,0,22
2024-12-30,P012,household,527.33,0,19
2024-12-31,P001,food,1307.76,0,22
2024-12-31,P002,cosmetics,518.23,0,14
2024-12-31,P003,food,780.6,0,29
2024-12-31,P004,cosmetics,985.03,0,15
2024-12-31,P005,food,1082.15,0,33
2024-12-31,P006,food,1310.73,0,11
2024-12-31,P007,household,1045.34,0,19
2024-12-31,P008,household,1155.09,0,32
2024-12-31,P009,household,619.76,0,12
2024-12-31,P010,household,493.36,0,23
2024-12-31,P011,cosmetics,1463.73,0,16
2024-12-31,P012,household,535.63,0,21
2025-01-01,P001,food,1308.86,0,21
2025-01-01,P002,cosmetics,509.84,0,17
2025-01-01,P003,food,782.71,0,41
2025-01-01,P004,cosmetics,983.88,0,28
2025-01-01,P005,food,1075.39,0,29
2025-01-01,P006,food,1312.08,0,9
2025-01-01,P007,household,1044.59,0,25
2025-01-01,P008,household,1168.66,0,33
2025-01-01,P009,household,630.15,0,15
2025-01-01,P010,household,493.27,0,33
2025-01-01,P011,cosmetics,1469.72,0,16
2025-01-01,P012,household,542.2,0,18
2025-01-02,P001,food,1305.63,0,26
2025-01-02,P002,cosmetics,514.7,0,8
2025-01-02,P003,food,786.67,0,45
2025-01-02,P004,cosmetics,977.76,0,32
2025-01-02,P005,food,1083.68,0,33
2025-01-02,P006,food,1304.39,0,8
2025-01-02,P007,household,1035.12,0,19
2025-01-02,P008,household,1168.58,0,42
2025-01-02,P009,household,631.95,0,11
2025-01-02,P010,household,496.64,0,40
2025-01-02,P011,cosmetics,1491.37,0,18
2025-01-02,P012,household,531.99,0,27
2025-01-03,P001,food,1283.64,0,24
2025-01-03,P002,cosmetics,507.01,0,17
2025-01-03,P003,food,772.51,0,50
2025-01-03,P004,cosmetics,994.12,0,27
2025-01-03,P005,food,1114.18,0,23
2025-01-03,P006,food,1298.75,0,14
2025-01-03,P007,household,1031.95,0,24
2025-01-03,P008,household,1160.99,0,26
2025-01-03,P009,household,631.46,0,15
2025-01-03,P010,household,493.97,0,40
2025-01-03,P011,cosmetics,1459.06,0,21
2025-01-03,P012,household,546.14,0,20
2025-01-04,P001,food,1271.96,0,41
2025-01-04,P002,cosmetics,510.24,0,19
2025-01-04,P003,food,783.87,0,35
2025-01-04,P004,cosmetics,984.93,0,31
2025-01-04,P005,food,1097.24,0,27
2025-01-04,P006,food,1317.84,0,18
2025-01-04,P007,household,1053.42,0,31
2025-01-04,P008,household,1182.6,0,47
2025-01-04,P009,household,632.01,0,18
2025-01-04,P010,household,503.2,0,36
2025-01-04,P011,cosmetics,1482.58,0,19
2025-01-04,P012,household,536.07,0,25
2025-01-05,P001,food,1302.74,0,35
2025-01-05,P002,cosmetics,510.07,0,21
2025-01-05,P003,food,787.24,0,40
2025-01-05,P004,cosmetics,995.98,0,28
2025-01-05,P005,food,1093.33,0,24
2025-01-05,P006,food,1330.12,0,17
2025-01-05,P007,household,1042.95,0,35
2025-01-05,P008,household,1162.85,0,38
2025-01-05,P009,household,635.17,0,11
2025-01-05,P010,household,509.06,0,32
2025-01-05,P011,cosmetics,1475.68,0,18
2025-01-05,P012,household,540.27,0,28
2025-01-06,P001,food,1295.89,0,26
2025-01-06,P002,cosmetics,518.16,0,18
2025-01-06,P003,food,763.91,0,43
2025-01-06,P004,cosmetics,983.59,0,28
2025-01-06,P005,food,1079.69,0,14
2025-01-06,P006,food,1301.14,0,6
2025-01-06,P007,household,1032.78,0,26
2025-01-06,P008,household,1145.41,0,29
2025-01-06,P009,household,626.41,0,18
2025-01-06,P010,household,492.96,0,34
2025-01-06,P011,cosmetics,1466.12,0,18
2025-01-06,P012,household,537.07,0,15
2025-01-07,P001,food,1308.02,0,28
2025-01-07,P002,cosmetics,517.66,0,14
2025-01-07,P003,food,781.42,0,35
2025-01-07,P004,cosmetics,985.27,0,33
2025-01-07,P005,food,1100.27,0,30
2025-01-07,P006,food,1322.95,0,15
2025-01-07,P007,household,1030.06,0,25
2025-01-07,P008,household,1164.91,0,31
2025-01-07,P009,household,629.76,0,13
2025-01-07,P010,household,497.23,0,35
2025-01-07,P011,cosmetics,1474.36,0,29
2025-01-07,P012,household,532.88,0,31
2025-01-08,P001,food,1311.18,0,24
2025-01-08,P002,cosmetics,514.97,0,10
2025-01-08,P003,food,784.11,0,34
2025-01-08,P004,cosmetics,808.87,1,43
2025-01-08,P005,food,1075.53,0,34
2025-01-08,P006,food,1329.7,0,9
2025-01-08,P007,household,1047.46,0,31
2025-01-08,P008,household,1173.13,0,36
2025-01-08,P009,household,627.36,0,15
2025-01-08,P010,household,500.92,0,34
2025-01-08,P011,cosmetics,1472.62,0,21
2025-01-08,P012,household,541.6,0,17
2025-01-09,P001,food,1303.84,0,22
2025-01-09,P002,cosmetics,506.61,0,14
2025-01-09,P003,food,774.66,0,45
2025-01-09,P004,cosmetics,813.39,1,47
2025-01-09,P005,food,1073.25,0,40
2025-01-09,P006,food,1295.12,0,13
2025-01-09,P007,household,1038.03,0,34
2025-01-09,P008,household,1171.52,0,36
2025-01-09,P009,household,637.41,0,13
2025-01-09,P010,household,494.46,0,42
2025-01-09,P011,cosmetics,1451.95,0,18
2025-01-09,P012,household,536.0,0,23
2025-01-10,P001,food,1311.93,0,33
2025-01-10,P002,cosmetics,511.95,0,17
2025-01-10,P003,food,767.27,0,40
2025-01-10,P004,cosmetics,819.24,1,45
2025-01-10,P005,food,1084.24,0,27
2025-01-10,P006,food,1315.78,0,14
2025-01-10,P007,household,1035.14,0,23
2025-01-10,P008,household,1171.43,0,24
2025-01-10,P009,household,642.42,0,12
2025-01-10,P010,household,490.85,0,38
2025-01-10,P011,cosmetics,1460.05,0,19
2025-01-10,P012,household,470.95,1,34
2025-01-11,P001,food,1305.02,0,36
2025-01-11,P002,cosmetics,421.06,1,41
2025-01-11,P003,food,783.99,0,44
2025-01-11,P004,cosmetics,810.1,1,40
2025-01-11,P005,food,1111.65,0,20
2025-01-11,P006,food,1341.07,0,17
2025-01-11,P007,household,1038.03,0,31
2025-01-11,P008,household,1184.97,0,54
2025-01-11,P009,household,621.7,0,13
2025-01-11,P010,household,504.39,0,31
2025-01-11,P011,cosmetics,1453.61,0,25
2025-01-11,P012,household,463.62,1,28
2025-01-12,P001,food,1308.94,0,33
2025-01-12,P002,cosmetics,427.92,1,40
2025-01-12,P003,food,767.35,0,53
2025-01-12,P004,cosmetics,817.67,1,53
2025-01-12,P005,food,1111.03,0,31
2025-01-12,P006,food,1326.63,0,19
2025-01-12,P007,household,1040.34,0,22
2025-01-12,P008,household,1154.51,0,48
2025-01-12,P009,household,616.43,0,15
2025-01-12,P010,household,499.18,0,44
2025-01-12,P011,cosmetics,1464.9,0,25
2025-01-12,P012,household,481.09,1,35
2025-01-13,P001,food,1292.86,0,32
2025-01-13,P002,cosmetics,429.23,1,28
2025-01-13,P003,food,775.28,0,48
2025-01-13,P004,cosmetics,806.84,1,43
2025-01-13,P005,food,1085.42,0,22
2025-01-13,P006,food,1294.67,0,8
2025-01-13,P007,household,1036.25,0,33
2025-01-13,P008,household,1162.58,0,26
2025-01-13,P009,household,632.79,0,22
2025-01-13,P010,household,497.36,0,46
2025-01-13,P011,cosmetics,1488.72,0,17
2025-01-13,P012,household,474.93,1,27
2025-01-14,P001,food,1299.7,0,21
2025-01-14,P002,cosmetics,428.71,1,31
2025-01-14,P003,food,776.36,0,37
2025-01-14,P004,cosmetics,819.62,1,37
2025-01-14,P005,food,974.14,1,35
2025-01-14,P006,food,1328.04,0,10
2025-01-14,P007,household,1049.32,0,32
2025-01-14,P008,household,1185.56,0,38
2025-01-14,P009,household,635.95,0,15
2025-01-14,P010,household,502.97,0,42
2025-01-14,P011,cosmetics,1477.5,0,18
2025-01-14,P012,household,545.19,0,20
2025-01-15,P001,food,1304.6,0,27
2025-01-15,P002,cosmetics,421.02,1,26
2025-01-15,P003,food,782.23,0,32
2025-01-15,P004,cosmetics,808.73,1,32
2025-01-15,P005,food,964.67,1,54
2025-01-15,P006,food,1309.48,0,8
2025-01-15,P007,household,1049.89,0,26
2025-01-15,P008,household,1144.56,0,41
2025-01-15,P009,household,641.53,0,7
2025-01-15,P010,household,499.59,0,37
2025-01-15,P011,cosmetics,1447.92,0,30
2025-01-15,P012,household,542.57,0,21
2025-01-16,P001,food,1312.72,0,15
2025-01-16,P002,cosmetics,412.61,1,29
2025-01-16,P003,food,771.8,0,35
2025-01-16,P004,cosmetics,820.38,1,35
2025-01-16,P005,food,981.52,1,38
2025-01-16,P006,food,1328.47,0,11
2025-01-16,P007,household,1042.35,0,35
2025-01-16,P008,household,1166.9,0,36
2025-01-16,P009,household,633.85,0,16
2025-01-16,P010,household,495.54,0,34
2025-01-16,P011,cosmetics,1464.95,0,20
2025-01-16,P012,household,480.16,1,35
2025-01-17,P001,food,1296.91,0,33
2025-01-17,P002,cosmetics,504.47,0,8
2025-01-17,P003,food,771.35,0,35
2025-01-17,P004,cosmetics,813.94,1,35
2025-01-17,P005,food,982.34,1,35
2025-01-17,P006,food,1310.25,0,12
2025-01-17,P007,household,1051.09,0,27
2025-01-17,P008,household,1181.87,0,31
2025-01-17,P009,household,637.99,0,11
2025-01-17,P010,household,490.93,0,37
2025-01-17,P011,cosmetics,1472.4,0,13
2025-01-17,P012,household,472.22,1,28
2025-01-18,P001,food,1308.82,0,30
2025-01-18,P002,cosmetics,520.85,0,20
2025-01-18,P003,food,777.44,0,51
2025-01-18,P004,cosmetics,825.82,1,52
2025-01-18,P005,food,988.5,1,40
2025-01-18,P006,food,1318.65,0,19
2025-01-18,P007,household,1036.92,0,34
2025-01-18,P008,household,1181.7,0,34
2025-01-18,P009,household,639.66,0,9
2025-01-18,P010,household,493.33,0,39
2025-01-18,P011,cosmetics,1479.9,0,15
2025-01-18,P012,household,468.38,1,27
2025-01-19,P001,food,1298.58,0,27
2025-01-19,P002,cosmetics,511.49,0,28
2025-01-19,P003,food,784.49,0,39
2025-01-19,P004,cosmetics,804.06,1,69
2025-01-19,P005,food,989.68,1,43
2025-01-19,P006,food,1312.26,0,20
2025-01-19,P007,household,1043.99,0,37
2025-01-19,P008,household,1175.23,0,45
2025-01-19,P009,household,638.43,0,13
2025-01-19,P010,household,501.75,0,31
2025-01-19,P011,cosmetics,1459.41,0,17
2025-01-19,P012,household,478.52,1,27
2025-01-20,P001,food,1300.51,0,31
2025-01-20,P002,cosmetics,509.69,0,24
2025-01-20,P003,food,794.43,0,49
2025-01-20,P004,cosmetics,801.44,1,44
2025-01-20,P005,food,978.82,1,42
2025-01-20,P006,food,1319.39,0,12
2025-01-20,P007,household,1047.25,0,34
2025-01-20,P008,household,1175.53,0,29
2025-01-20,P009,household,634.76,0,18
2025-01-20,P010,household,499.16,0,29
2025-01-20,P011,cosmetics,1450.79,0,25
2025-01-20,P012,household,475.52,1,20
2025-01-21,P001,food,1312.84,0,22
2025-01-21,P002,cosmetics,521.98,0,15
2025-01-21,P003,food,764.96,0,47
2025-01-21,P004,cosmetics,979.44,0,33
2025-01-21,P005,food,986.21,1,46
2025-01-21,P006,food,1311.87,0,10
2025-01-21,P007,household,1047.4,0,24
2025-01-21,P008,household,1155.37,0,29
2025-01-21,P009,household,621.14,0,16
2025-01-21,P010,household,494.85,0,31
2025-01-21,P011,cosmetics,1468.14,0,25
2025-01-21,P012,household,472.69,1,25
2025-01-22,P001,food,1276.09,0,29
2025-01-22,P002,cosmetics,520.04,0,8
2025-01-22,P003,food,779.12,0,44
2025-01-22,P004,cosmetics,971.87,0,34
2025-01-22,P005,food,973.88,1,39
2025-01-22,P006,food,1316.4,0,15
2025-01-22,P007,household,1046.33,0,24
2025-01-22,P008,household,1183.56,0,42
2025-01-22,P009,household,629.16,0,16
2025-01-22,P010,household,504.53,0,30
2025-01-22,P011,cosmetics,1477.33,0,31
2025-01-22,P012,household,543.23,0,24
2025-01-23,P001,food,1285.16,0,27
2025-01-23,P002,cosmetics,513.67,0,19
2025-01-23,P003,food,768.23,0,35
2025-01-23,P004,cosmetics,971.88,0,23
2025-01-23,P005,food,1096.19,0,32
2025-01-23,P006,food,1303.84,0,10
2025-01-23,P007,household,1043.38,0,18
2025-01-23,P008,household,1153.51,0,36
2025-01-23,P009,household,631.1,0,14
2025-01-23,P010,household,495.0,0,29
2025-01-23,P011,cosmetics,1472.42,0,22
2025-01-23,P012,household,476.37,1,28
2025-01-24,P001,food,1282.74,0,26
2025-01-24,P002,cosmetics,512.04,0,10
2025-01-24,P003,food,784.58,0,51
2025-01-24,P004,cosmetics,991.64,0,30
2025-01-24,P005,food,1084.81,0,33
2025-01-24,P006,food,1325.82,0,12
2025-01-24,P007,household,1057.13,0,34
2025-01-24,P008,household,1154.21,0,26
2025-01-24,P009,household,628.58,0,13
2025-01-24,P010,household,500.67,0,37
2025-01-24,P011,cosmetics,1455.97,0,31
2025-01-24,P012,household,477.94,1,38
2025-01-25,P001,food,1271.65,0,39
2025-01-25,P002,cosmetics,512.87,0,16
2025-01-25,P003,food,769.38,0,36
2025-01-25,P004,cosmetics,985.47,0,42
2025-01-25,P005,food,1095.35,0,24
2025-01-25,P006,food,1321.66,0,15
2025-01-25,P007,household,1031.24,0,34
2025-01-25,P008,household,1172.05,0,33
2025-01-25,P009,household,628.97,0,12
2025-01-25,P010,household,496.87,0,49
2025-01-25,P011,cosmetics,1494.74,0,24
2025-01-25,P012,household,470.05,1,34
2025-01-26,P001,food,1293.21,0,34
2025-01-26,P002,cosmetics,514.71,0,29
2025-01-26,P003,food,771.43,0,28
2025-01-26,P004,cosmetics,980.78,0,38
2025-01-26,P005,food,1094.46,0,31
2025-01-26,P006,food,1298.02,0,17
2025-01-26,P007,household,1035.23,0,35
2025-01-26,P008,household,1161.77,0,52
2025-01-26,P009,household,639.07,0,12
2025-01-26,P010,household,505.36,0,30
2025-01-26,P011,cosmetics,1467.51,0,25
2025-01-26,P012,household,479.54,1,35
2025-01-27,P001,food,1311.79,0,35
2025-01-27,P002,cosmetics,521.76,0,20
2025-01-27,P003,food,772.09,0,40
2025-01-27,P004,cosmetics,981.7,0,30
2025-01-27,P005,food,1091.09,0,30
2025-01-27,P006,food,1332.45,0,15
2025-01-27,P007,household,1034.61,0,25
2025-01-27,P008,household,1169.94,0,32
2025-01-27,P009,household,624.45,0,18
2025-01-27,P010,household,499.51,0,36
2025-01-27,P011,cosmetics,1471.81,0,27
2025-01-27,P012,household,474.88,1,30
2025-01-28,P001,food,1298.33,0,21
2025-01-28,P002,cosmetics,515.72,0,20
2025-01-28,P003,food,776.08,0,39
2025-01-28,P004,cosmetics,979.63,0,27
2025-01-28,P005,food,1099.0,0,31
2025-01-28,P006,food,1317.02,0,14
2025-01-28,P007,household,1033.02,0,27
2025-01-28,P008,household,1172.55,0,30
2025-01-28,P009,household,634.24,0,13
2025-01-28,P010,household,496.01,0,28
2025-01-28,P011,cosmetics,1459.24,0,32
2025-01-28,P012,household,480.05,1,35
2025-01-29,P001,food,1304.61,0,18
2025-01-29,P002,cosmetics,517.28,0,8
2025-01-29,P003,food,779.18,0,40
2025-01-29,P004,cosmetics,1001.78,0,28
2025-01-29,P005,food,1073.21,0,31
2025-01-29,P006,food,1321.48,0,13
2025-01-29,P007,household,1016.22,0,27
2025-01-29,P008,household,1188.28,0,29
2025-01-29,P009,household,631.2,0,16
2025-01-29,P010,household,494.89,0,32
2025-01-29,P011,cosmetics,1485.22,0,25
2025-01-29,P012,household,479.5,1,30
2025-01-30,P001,food,1316.22,0,17
2025-01-30,P002,cosmetics,519.55,0,13
2025-01-30,P003,food,780.43,0,38
2025-01-30,P004,cosmetics,978.26,0,20
2025-01-30,P005,food,1078.72,0,33
2025-01-30,P006,food,1329.44,0,13
2025-01-30,P007,household,1051.09,0,25
2025-01-30,P008,household,1172.59,0,19
2025-01-30,P009,household,623.82,0,15
2025-01-30,P010,household,495.7,0,37
2025-01-30,P011,cosmetics,1477.37,0,20
2025-01-30,P012,household,478.16,1,32
2025-01-31,P001,food,1319.32,0,32
2025-01-31,P002,cosmetics,507.54,0,19
2025-01-31,P003,food,776.62,0,38
2025-01-31,P004,cosmetics,972.48,0,30
2025-01-31,P005,food,1087.39,0,28
2025-01-31,P006,food,1323.68,0,10
2025-01-31,P007,household,1026.2,0,26
2025-01-31,P008,household,1160.3,0,30
2025-01-31,P009,household,622.44,0,18
2025-01-31,P010,household,492.18,0,32
2025-01-31,P011,cosmetics,1473.59,0,19
2025-01-31,P012,household,538.62,0,13
2025-02-01,P001,food,1301.14,0,37
2025-02-01,P002,cosmetics,517.42,0,20
2025-02-01,P003,food,766.34,0,30
2025-02-01,P004,cosmetics,993.36,0,32
2025-02-01,P005,food,1074.6,0,23
2025-02-01,P006,food,1334.72,0,12
2025-02-01,P007,household,1038.6,0,33
2025-02-01,P008,household,1175.42,0,37
2025-02-01,P009,household,618.51,0,18
2025-02-01,P010,household,489.0,0,36
2025-02-01,P011,cosmetics,1452.05,0,29
2025-02-01,P012,household,543.05,0,15
2025-02-02,P001,food,1319.66,0,40
2025-02-02,P002,cosmetics,512.03,0,13
2025-02-02,P003,food,782.32,0,48
2025-02-02,P004,cosmetics,983.39,0,36
2025-02-02,P005,food,1085.9,0,29
2025-02-02,P006,food,1315.48,0,12
2025-02-02,P007,household,1022.09,0,48
2025-02-02,P008,household,1157.81,0,36
2025-02-02,P009,household,632.27,0,13
2025-02-02,P010,household,497.31,0,29
2025-02-02,P011,cosmetics,1485.04,0,28
2025-02-02,P012,household,545.21,0,21
2025-02-03,P001,food,1024.72,1,49
2025-02-03,P002,cosmetics,500.63,0,17
2025-02-03,P003,food,776.26,0,38
2025-02-03,P004,cosmetics,1005.6,0,30
2025-02-03,P005,food,1086.25,0,28
2025-02-03,P006,food,1333.0,0,13
2025-02-03,P007,household,1043.27,0,40
2025-02-03,P008,household,1178.19,0,35
2025-02-03,P009,household,628.81,0,23
2025-02-03,P010,household,493.13,0,38
2025-02-03,P011,cosmetics,1480.08,0,22
2025-02-03,P012,household,542.49,0,22
2025-02-04,P001,food,1015.2,1,48
2025-02-04,P002,cosmetics,502.62,0,15
2025-02-04,P003,food,785.69,0,38
2025-02-04,P004,cosmetics,980.33,0,46
2025-02-04,P005,food,1104.62,0,28
2025-02-04,P006,food,1320.97,0,18
2025-02-04,P007,household,1028.69,0,26
2025-02-04,P008,household,1168.28,0,30
2025-02-04,P009,household,624.02,0,11
2025-02-04,P010,household,493.12,0,27
2025-02-04,P011,cosmetics,1483.88,0,22
2025-02-04,P012,household,540.31,0,23
2025-02-05,P001,food,1017.69,1,49
2025-02-05,P002,cosmetics,508.32,0,10
2025-02-05,P003,food,771.17,0,43
2025-02-05,P004,cosmetics,993.85,0,22
2025-02-05,P005,food,1091.89,0,28
2025-02-05,P006,food,1326.05,0,13
2025-02-05,P007,household,1025.06,0,32
2025-02-05,P008,household,960.75,1,61
2025-02-05,P009,household,617.41,0,15
2025-02-05,P010,household,495.34,0,39
2025-02-05,P011,cosmetics,1469.51,0,25
2025-02-05,P012,household,543.06,0,23
2025-02-06,P001,food,1008.62,1,57
2025-02-06,P002,cosmetics,516.28,0,11
2025-02-06,P003,food,764.22,0,44
2025-02-06,P004,cosmetics,996.18,0,32
2025-02-06,P005,food,1101.56,0,32
2025-02-06,P006,food,1324.67,0,12
2025-02-06,P007,household,1038.85,0,31
2025-02-06,P008,household,939.88,1,46
2025-02-06,P009,household,631.93,0,12
2025-02-06,P010,household,496.04,0,45
2025-02-06,P011,cosmetics,1467.87,0,30
2025-02-06,P012,household,536.39,0,21
2025-02-07,P001,food,1014.68,1,41
2025-02-07,P002,cosmetics,514.13,0,11
2025-02-07,P003,food,776.4,0,39
2025-02-07,P004,cosmetics,809.21,1,42
2025-02-07,P005,food,1093.62,0,22
2025-02-07,P006,food,1335.72,0,6
2025-02-07,P007,household,1029.57,0,37
2025-02-07,P008,household,935.38,1,39
2025-02-07,P009,household,628.12,0,9
2025-02-07,P010,household,495.81,0,37
2025-02-07,P011,cosmetics,1466.29,0,14
2025-02-07,P012,household,547.39,0,22
2025-02-08,P001,food,1020.11,1,68
2025-02-08,P002,cosmetics,514.49,0,17
2025-02-08,P003,food,786.73,0,39
2025-02-08,P004,cosmetics,807.41,1,63
2025-02-08,P005,food,1084.5,0,23
2025-02-08,P006,food,1328.87,0,13
2025-02-08,P007,household,1030.88,0,37
2025-02-08,P008,household,942.55,1,65
2025-02-08,P009,household,624.72,0,16
2025-02-08,P010,household,504.39,0,34
2025-02-08,P011,cosmetics,1502.44,0,24
2025-02-08,P012,household,530.15,0,21
2025-02-09,P001,food,1032.0,1,63
2025-02-09,P002,cosmetics,523.57,0,19
2025-02-09,P003,food,777.92,0,36
2025-02-09,P004,cosmetics,819.48,1,47
2025-02-09,P005,food,1091.79,0,22
2025-02-09,P006,food,1313.51,0,15
2025-02-09,P007,household,1038.62,0,43
2025-02-09,P008,household,1187.91,0,42
2025-02-09,P009,household,623.15,0,13
2025-02-09,P010,household,499.06,0,28
2025-02-09,P011,cosmetics,1461.0,0,23
2025-02-09,P012,household,539.41,0,24
2025-02-10,P001,food,1041.39,1,36
2025-02-10,P002,cosmetics,507.03,0,22
2025-02-10,P003,food,775.12,0,33
2025-02-10,P004,cosmetics,818.12,1,42
2025-02-10,P005,food,1098.29,0,25
2025-02-10,P006,food,1310.89,0,13
2025-02-10,P007,household,1045.13,0,25
2025-02-10,P008,household,1154.12,0,45
2025-02-10,P009,household,627.71,0,9
2025-02-10,P010,household,506.23,0,27
2025-02-10,P011,cosmetics,1451.54,0,18
2025-02-10,P012,household,537.03,0,21
2025-02-11,P001,food,1009.62,1,46
2025-02-11,P002,cosmetics,513.41,0,11
2025-02-11,P003,food,769.91,0,45
2025-02-11,P004,cosmetics,801.97,1,44
2025-02-11,P005,food,1103.35,0,22
2025-02-11,P006,food,1318.69,0,8
2025-02-11,P007,household,1028.35,0,38
2025-02-11,P008,household,1176.07,0,34
2025-02-11,P009,household,632.17,0,15
2025-02-11,P010,household,493.6,0,35
2025-02-11,P011,cosmetics,1463.48,0,26
2025-02-11,P012,household,535.77,0,15
2025-02-12,P001,food,1307.15,0,24
2025-02-12,P002,cosmetics,515.11,0,16
2025-02-12,P003,food,790.32,0,57
2025-02-12,P004,cosmetics,804.27,1,48
2025-02-12,P005,food,1088.89,0,26
2025-02-12,P006,food,1309.32,0,15
2025-02-12,P007,household,1026.56,0,33
2025-02-12,P008,household,1160.03,0,30
2025-02-12,P009,household,627.14,0,11
2025-02-12,P010,household,499.66,0,21
2025-02-12,P011,cosmetics,1461.13,0,17
2025-02-12,P012,household,540.87,0,24
2025-02-13,P001,food,1288.49,0,24
2025-02-13,P002,cosmetics,509.77,0,19
2025-02-13,P003,food,768.67,0,38
2025-02-13,P004,cosmetics,792.82,1,37
2025-02-13,P005,food,1072.37,0,27
2025-02-13,P006,food,1305.47,0,14
2025-02-13,P007,household,1037.08,0,31
2025-02-13,P008,household,1164.72,0,36
2025-02-13,P009,household,621.73,0,19
2025-02-13,P010,household,493.88,0,19
2025-02-13,P011,cosmetics,1487.47,0,30
2025-02-13,P012,household,533.15,0,22
2025-02-14,P001,food,1308.22,0,29
2025-02-14,P002,cosmetics,513.69,0,17
2025-02-14,P003,food,771.04,0,45
2025-02-14,P004,cosmetics,818.29,1,57
2025-02-14,P005,food,1071.61,0,26
2025-02-14,P006,food,1291.27,0,9
2025-02-14,P007,household,1042.43,0,35
2025-02-14,P008,household,1167.0,0,37
2025-02-14,P009,household,628.85,0,16
2025-02-14,P010,household,492.99,0,29
2025-02-14,P011,cosmetics,1449.05,0,18
2025-02-14,P012,household,550.83,0,19
2025-02-15,P001,food,1300.33,0,35
2025-02-15,P002,cosmetics,505.33,0,19
2025-02-15,P003,food,781.1,0,36
2025-02-15,P004,cosmetics,811.32,1,50
2025-02-15,P005,food,1086.78,0,25
2025-02-15,P006,food,1298.91,0,15
2025-02-15,P007,household,1052.0,0,35
2025-02-15,P008,household,1186.72,0,30
2025-02-15,P009,household,635.79,0,13
2025-02-15,P010,household,506.41,0,35
2025-02-15,P011,cosmetics,1460.72,0,32
2025-02-15,P012,household,531.93,0,31
2025-02-16,P001,food,1278.2,0,37
2025-02-16,P002,cosmetics,520.79,0,23
2025-02-16,P003,food,762.25,0,34
2025-02-16,P004,cosmetics,983.91,0,31
2025-02-16,P005,food,1064.84,0,24
2025-02-16,P006,food,1345.54,0,17
2025-02-16,P007,household,1025.73,0,42
2025-02-16,P008,household,1174.35,0,46
2025-02-16,P009,household,629.47,0,13
2025-02-16,P010,household,491.97,0,31
2025-02-16,P011,cosmetics,1471.76,0,18
2025-02-16,P012,household,534.09,0,19
2025-02-17,P001,food,1314.12,0,30
2025-02-17,P002,cosmetics,510.05,0,18
2025-02-17,P003,food,786.57,0,56
2025-02-17,P004,cosmetics,968.84,0,28
2025-02-17,P005,food,1109.91,0,29
2025-02-17,P006,food,1310.69,0,7
2025-02-17,P007,household,1033.54,0,23
2025-02-17,P008,household,1172.02,0,40
2025-02-17,P009,household,629.64,0,13
2025-02-17,P010,household,484.71,0,20
2025-02-17,P011,cosmetics,1487.6,0,22
2025-02-17,P012,household,469.94,1,35
2025-02-18,P001,food,1294.16,0,27
2025-02-18,P002,cosmetics,523.98,0,12
2025-02-18,P003,food,781.52,0,42
2025-02-18,P004,cosmetics,974.69,0,25
2025-02-18,P005,food,1096.84,0,38
2025-02-18,P006,food,1344.46,0,15
2025-02-18,P007,household,1049.03,0,34
2025-02-18,P008,household,1182.66,0,40
2025-02-18,P009,household,557.31,1,31
2025-02-18,P010,household,492.27,0,42
2025-02-18,P011,cosmetics,1479.44,0,27
2025-02-18,P012,household,475.84,1,27
2025-02-19,P001,food,1295.09,0,19
2025-02-19,P002,cosmetics,513.38,0,16
2025-02-19,P003,food,783.65,0,38
2025-02-19,P004,cosmetics,980.8,0,23
2025-02-19,P005,food,1083.4,0,26
2025-02-19,P006,food,1324.67,0,12
2025-02-19,P007,household,1057.29,0,33
2025-02-19,P008,household,1160.13,0,29
2025-02-19,P009,household,554.16,1,18
2025-02-19,P010,household,485.82,0,44
2025-02-19,P011,cosmetics,1492.75,0,31
2025-02-19,P012,household,479.72,1,33
2025-02-20,P001,food,1288.11,0,27
2025-02-20,P002,cosmetics,518.83,0,13
2025-02-20,P003,food,781.0,0,49
2025-02-20,P004,cosmetics,978.89,0,30
2025-02-20,P005,food,1078.24,0,25
2025-02-20,P006,food,1318.69,0,16
2025-02-20,P007,household,1026.54,0,29
2025-02-20,P008,household,1180.0,0,29
2025-02-20,P009,household,553.97,1,19
2025-02-20,P010,household,491.06,0,27
2025-02-20,P011,cosmetics,1474.05,0,24
2025-02-20,P012,household,477.4,1,25
2025-02-21,P001,food,1293.52,0,23
2025-02-21,P002,cosmetics,513.27,0,11
2025-02-21,P003,food,775.42,0,40
2025-02-21,P004,cosmetics,986.67,0,20
2025-02-21,P005,food,1101.55,0,27
2025-02-21,P006,food,1299.55,0,15
2025-02-21,P007,household,1029.18,0,29
2025-02-21,P008,household,1178.05,0,30
2025-02-21,P009,household,549.84,1,25
2025-02-21,P010,household,491.52,0,45
2025-02-21,P011,cosmetics,1465.98,0,34
2025-02-21,P012,household,481.89,1,28
2025-02-22,P001,food,1307.61,0,34
2025-02-22,P002,cosmetics,513.39,0,14
2025-02-22,P003,food,768.41,0,42
2025-02-22,P004,cosmetics,991.26,0,28
2025-02-22,P005,food,1078.19,0,25
2025-02-22,P006,food,1319.41,0,17
2025-02-22,P007,household,1040.79,0,40
2025-02-22,P008,household,1177.91,0,50
2025-02-22,P009,household,565.74,1,20
2025-02-22,P010,household,495.95,0,34
2025-02-22,P011,cosmetics,1481.53,0,10
2025-02-22,P012,household,534.76,0,22
2025-02-23,P001,food,1299.57,0,33
2025-02-23,P002,cosmetics,510.55,0,23
2025-02-23,P003,food,775.58,0,44
2025-02-23,P004,cosmetics,1007.88,0,29
2025-02-23,P005,food,1079.23,0,27
2025-02-23,P006,food,1344.31,0,22
2025-02-23,P007,household,1030.85,0,46
2025-02-23,P008,household,1165.71,0,41
2025-02-23,P009,household,561.72,1,26
2025-02-23,P010,household,485.61,0,36
2025-02-23,P011,cosmetics,1448.88,0,27
2025-02-23,P012,household,542.77,0,17
2025-02-24,P001,food,1306.32,0,29
2025-02-24,P002,cosmetics,514.16,0,15
2025-02-24,P003,food,769.09,0,52
2025-02-24,P004,cosmetics,985.31,0,29
2025-02-24,P005,food,1081.98,0,37
2025-02-24,P006,food,1339.9,0,8
2025-02-24,P007,household,1028.96,0,36
2025-02-24,P008,household,1162.42,0,35
2025-02-24,P009,household,559.6,1,24
2025-02-24,P010,household,501.71,0,32
2025-02-24,P011,cosmetics,1443.85,0,18
2025-02-24,P012,household,537.59,0,19
2025-02-25,P001,food,1306.75,0,27
2025-02-25,P002,cosmetics,515.18,0,11
2025-02-25,P003,food,780.44,0,45
2025-02-25,P004,cosmetics,996.5,0,22
2025-02-25,P005,food,1091.58,0,29
2025-02-25,P006,food,1322.97,0,9
2025-02-25,P007,household,1039.37,0,38
2025-02-25,P008,household,1157.37,0,31
2025-02-25,P009,household,560.79,1,27
2025-02-25,P010,household,486.48,0,32
2025-02-25,P011,cosmetics,1483.31,0,26
2025-02-25,P012,household,540.45,0,19
2025-02-26,P001,food,1319.23,0,29
2025-02-26,P002,cosmetics,509.52,0,12
2025-02-26,P003,food,782.94,0,44
2025-02-26,P004,cosmetics,977.33,0,19
2025-02-26,P005,food,1097.1,0,33
2025-02-26,P006,food,1304.19,0,13
2025-02-26,P007,household,1052.9,0,32
2025-02-26,P008,household,1158.1,0,38
2025-02-26,P009,household,561.03,1,24
2025-02-26,P010,household,495.14,0,28
2025-02-26,P011,cosmetics,1472.06,0,19
2025-02-26,P012,household,545.2,0,13
2025-02-27,P001,food,1297.57,0,18
2025-02-27,P002,cosmetics,512.9,0,14
2025-02-27,P003,food,788.14,0,48
2025-02-27,P004,cosmetics,969.01,0,18
2025-02-27,P005,food,1103.34,0,29
2025-02-27,P006,food,1306.72,0,17
2025-02-27,P007,household,1023.26,0,24
2025-02-27,P008,household,1156.82,0,29
2025-02-27,P009,household,624.59,0,14
2025-02-27,P010,household,494.17,0,40
2025-02-27,P011,cosmetics,1483.13,0,26
2025-02-27,P012,household,530.1,0,15
2025-02-28,P001,food,1282.81,0,28
2025-02-28,P002,cosmetics,510.41,0,10
2025-02-28,P003,food,615.83,1,72
2025-02-28,P004,cosmetics,982.04,0,31
2025-02-28,P005,food,1101.73,0,27
2025-02-28,P006,food,1308.1,0,9
2025-02-28,P007,household,1052.37,0,34
2025-02-28,P008,household,1171.81,0,48
2025-02-28,P009,household,627.17,0,6
2025-02-28,P010,household,499.87,0,36
2025-02-28,P011,cosmetics,1456.45,0,32
2025-02-28,P012,household,549.96,0,29
2025-03-01,P001,food,1315.93,0,33
2025-03-01,P002,cosmetics,525.36,0,25
2025-03-01,P003,food,619.22,1,57
2025-03-01,P004,cosmetics,969.77,0,37
2025-03-01,P005,food,1090.34,0,38
2025-03-01,P006,food,1336.21,0,14
2025-03-01,P007,household,1030.88,0,35
2025-03-01,P008,household,1164.86,0,46
2025-03-01,P009,household,626.23,0,16
2025-03-01,P010,household,497.52,0,37
2025-03-01,P011,cosmetics,1487.84,0,30
2025-03-01,P012,household,538.44,0,17
2025-03-02,P001,food,1297.72,0,49
2025-03-02,P002,cosmetics,513.09,0,18
2025-03-02,P003,food,611.73,1,81
2025-03-02,P004,cosmetics,985.66,0,29
2025-03-02,P005,food,1101.46,0,29
2025-03-02,P006,food,1340.88,0,20
2025-03-02,P007,household,1040.42,0,32
2025-03-02,P008,household,1172.56,0,59
2025-03-02,P009,household,645.01,0,14
2025-03-02,P010,household,501.66,0,30
2025-03-02,P011,cosmetics,1478.81,0,26
2025-03-02,P012,household,530.56,0,24
2025-03-03,P001,food,1316.55,0,22
2025-03-03,P002,cosmetics,521.48,0,15
2025-03-03,P003,food,610.62,1,78
2025-03-03,P004,cosmetics,977.82,0,35
2025-03-03,P005,food,1083.02,0,21
2025-03-03,P006,food,1321.93,0,11
2025-03-03,P007,household,1053.33,0,33
2025-03-03,P008,household,1173.22,0,30
2025-03-03,P009,household,635.63,0,16
2025-03-03,P010,household,493.98,0,24
2025-03-03,P011,cosmetics,1468.51,0,19
2025-03-03,P012,household,535.49,0,23
2025-03-04,P001,food,1307.03,0,19
2025-03-04,P002,cosmetics,512.54,0,12
2025-03-04,P003,food,616.46,1,77
2025-03-04,P004,cosmetics,966.25,0,28
2025-03-04,P005,food,1070.48,0,42
2025-03-04,P006,food,1315.35,0,11
2025-03-04,P007,household,1040.21,0,30
2025-03-04,P008,household,1155.15,0,40
2025-03-04,P009,household,630.27,0,20
2025-03-04,P010,household,493.47,0,40
2025-03-04,P011,cosmetics,1472.01,0,24
2025-03-04,P012,household,539.77,0,20
2025-03-05,P001,food,1300.33,0,27
2025-03-05,P002,cosmetics,514.88,0,13
2025-03-05,P003,food,773.67,0,47
2025-03-05,P004,cosmetics,1002.62,0,20
2025-03-05,P005,food,1083.02,0,27
2025-03-05,P006,food,1339.78,0,13
2025-03-05,P007,household,1033.75,0,41
2025-03-05,P008,household,1154.8,0,29
2025-03-05,P009,household,637.81,0,21
2025-03-05,P010,household,497.82,0,33
2025-03-05,P011,cosmetics,1474.06,0,40
2025-03-05,P012,household,535.48,0,17
2025-03-06,P001,food,1306.58,0,32
2025-03-06,P002,cosmetics,506.76,0,13
2025-03-06,P003,food,778.76,0,44
2025-03-06,P004,cosmetics,980.21,0,22
2025-03-06,P005,food,1081.54,0,31
2025-03-06,P006,food,1306.44,0,16
2025-03-06,P007,household,1044.28,0,35
2025-03-06,P008,household,1164.85,0,36
2025-03-06,P009,household,637.01,0,17
2025-03-06,P010,household,500.88,0,32
2025-03-06,P011,cosmetics,1456.38,0,28
2025-03-06,P012,household,528.18,0,16
2025-03-07,P001,food,1327.44,0,28
2025-03-07,P002,cosmetics,511.25,0,22
2025-03-07,P003,food,768.43,0,39
2025-03-07,P004,cosmetics,969.37,0,29
2025-03-07,P005,food,1083.44,0,34
2025-03-07,P006,food,1320.03,0,15
2025-03-07,P007,household,1035.04,0,41
2025-03-07,P008,household,1158.47,0,32
2025-03-07,P009,household,620.53,0,12
2025-03-07,P010,household,499.87,0,43
2025-03-07,P011,cosmetics,1463.31,0,26
2025-03-07,P012,household,539.74,0,17
2025-03-08,P001,food,1329.08,0,44
2025-03-08,P002,cosmetics,514.63,0,19
2025-03-08,P003,food,769.82,0,41
2025-03-08,P004,cosmetics,994.36,0,28
2025-03-08,P005,food,1079.88,0,30
2025-03-08,P006,food,1325.46,0,12
2025-03-08,P007,household,1042.24,0,48
2025-03-08,P008,household,1157.25,0,49
2025-03-08,P009,household,627.81,0,22
2025-03-08,P010,household,497.37,0,41
2025-03-08,P011,cosmetics,1473.83,0,24
2025-03-08,P012,household,535.33,0,20
2025-03-09,P001,food,1302.94,0,36
2025-03-09,P002,cosmetics,521.69,0,19
2025-03-09,P003,food,781.6,0,42
2025-03-09,P004,cosmetics,978.33,0,36
2025-03-09,P005,food,1085.31,0,30
2025-03-09,P006,food,1307.97,0,11
2025-03-09,P007,household,1034.71,0,46
2025-03-09,P008,household,1187.32,0,48
2025-03-09,P009,household,629.11,0,7
2025-03-09,P010,household,496.93,0,30
2025-03-09,P011,cosmetics,1462.72,0,21
2025-03-09,P012,household,542.73,0,22
2025-03-10,P001,food,1304.12,0,30
2025-03-10,P002,cosmetics,514.69,0,17
2025-03-10,P003,food,783.56,0,49
2025-03-10,P004,cosmetics,996.26,0,21
2025-03-10,P005,food,1097.1,0,35
2025-03-10,P006,food,1310.96,0,15
2025-03-10,P007,household,1045.76,0,33
2025-03-10,P008,household,1149.62,0,44
2025-03-10,P009,household,633.06,0,11
2025-03-10,P010,household,495.6,0,39
2025-03-10,P011,cosmetics,1447.38,0,28
2025-03-10,P012,household,533.46,0,22
2025-03-11,P001,food,1316.05,0,32
2025-03-11,P002,cosmetics,520.65,0,13
2025-03-11,P003,food,769.01,0,48
2025-03-11,P004,cosmetics,978.28,0,17
2025-03-11,P005,food,1109.04,0,26
2025-03-11,P006,food,1309.93,0,11
2025-03-11,P007,household,1022.38,0,28
2025-03-11,P008,household,1191.14,0,36
2025-03-11,P009,household,627.8,0,17
2025-03-11,P010,household,497.81,0,41
2025-03-11,P011,cosmetics,1473.3,0,25
2025-03-11,P012,household,551.42,0,23
2025-03-12,P001,food,1291.03,0,37
2025-03-12,P002,cosmetics,516.84,0,16
2025-03-12,P003,food,781.88,0,53
2025-03-12,P004,cosmetics,980.18,0,25
2025-03-12,P005,food,1071.52,0,41
2025-03-12,P006,food,1338.04,0,14
2025-03-12,P007,household,1026.33,0,30
2025-03-12,P008,household,1170.9,0,29
2025-03-12,P009,household,628.59,0,16
2025-03-12,P010,household,505.86,0,37
2025-03-12,P011,cosmetics,1481.25,0,25
2025-03-12,P012,household,541.99,0,19
2025-03-13,P001,food,1306.37,0,24
2025-03-13,P002,cosmetics,521.9,0,19
2025-03-13,P003,food,772.53,0,63
2025-03-13,P004,cosmetics,988.91,0,31
2025-03-13,P005,food,1076.3,0,34
2025-03-13,P006,food,1344.61,0,14
2025-03-13,P007,household,1022.23,0,24
2025-03-13,P008,household,1179.04,0,35
2025-03-13,P009,household,626.31,0,16
2025-03-13,P010,household,494.57,0,31
2025-03-13,P011,cosmetics,1484.66,0,23
2025-03-13,P012,household,540.28,0,19
2025-03-14,P001,food,1301.7,0,24
2025-03-14,P002,cosmetics,513.24,0,14
2025-03-14,P003,food,776.8,0,46
2025-03-14,P004,cosmetics,991.36,0,35
2025-03-14,P005,food,1081.71,0,35
2025-03-14,P006,food,1320.86,0,10
2025-03-14,P007,household,1036.25,0,38
2025-03-14,P008,household,1177.66,0,35
2025-03-14,P009,household,635.81,0,15
2025-03-14,P010,household,493.97,0,23
2025-03-14,P011,cosmetics,1476.79,0,36
2025-03-14,P012,household,542.58,0,25
2025-03-15,P001,food,1306.12,0,34
2025-03-15,P002,cosmetics,525.82,0,31
2025-03-15,P003,food,787.67,0,40
2025-03-15,P004,cosmetics,993.09,0,30
2025-03-15,P005,food,1098.68,0,19
2025-03-15,P006,food,1315.81,0,22
2025-03-15,P007,household,1020.98,0,36
2025-03-15,P008,household,1174.73,0,52
2025-03-15,P009,household,620.13,0,18
2025-03-15,P010,household,493.59,0,37
2025-03-15,P011,cosmetics,1480.99,0,20
2025-03-15,P012,household,529.4,0,24
2025-03-16,P001,food,1291.19,0,29
2025-03-16,P002,cosmetics,511.05,0,14
2025-03-16,P003,food,782.94,0,42
2025-03-16,P004,cosmetics,984.63,0,26
2025-03-16,P005,food,1088.1,0,34
2025-03-16,P006,food,1311.44,0,17
2025-03-16,P007,household,1029.66,0,46
2025-03-16,P008,household,1186.93,0,53
2025-03-16,P009,household,626.52,0,15
2025-03-16,P010,household,497.71,0,40
2025-03-16,P011,cosmetics,1483.47,0,16
2025-03-16,P012,household,536.54,0,19
2025-03-17,P001,food,1281.34,0,35
2025-03-17,P002,cosmetics,509.61,0,12
2025-03-17,P003,food,782.85,0,54
2025-03-17,P004,cosmetics,990.72,0,28
2025-03-17,P005,food,1082.44,0,32
2025-03-17,P006,food,1319.37,0,12
2025-03-17,P007,household,1025.35,0,32
2025-03-17,P008,household,946.56,1,49
2025-03-17,P009,household,617.61,0,19
2025-03-17,P010,household,485.26,0,26
2025-03-17,P011,cosmetics,1470.14,0,24
2025-03-17,P012,household,548.84,0,24
2025-03-18,P001,food,1275.05,0,34
2025-03-18,P002,cosmetics,507.33,0,12
2025-03-18,P003,food,791.49,0,36
2025-03-18,P004,cosmetics,992.86,0,26
2025-03-18,P005,food,1098.15,0,37
2025-03-18,P006,food,1312.09,0,7
2025-03-18,P007,household,1052.18,0,40
2025-03-18,P008,household,955.42,1,39
2025-03-18,P009,household,622.73,0,23
2025-03-18,P010,household,495.11,0,31
2025-03-18,P011,cosmetics,1437.84,0,27
2025-03-18,P012,household,537.5,0,18
2025-03-19,P001,food,1287.49,0,26
2025-03-19,P002,cosmetics,525.52,0,16
2025-03-19,P003,food,771.2,0,42
2025-03-19,P004,cosmetics,987.49,0,27
2025-03-19,P005,food,1100.76,0,26
2025-03-19,P006,food,1318.07,0,11
2025-03-19,P007,household,1026.56,0,34
2025-03-19,P008,household,948.76,1,55
2025-03-19,P009,household,631.21,0,12
2025-03-19,P010,household,500.14,0,33
2025-03-19,P011,cosmetics,1486.0,0,25
2025-03-19,P012,household,538.88,0,15
2025-03-20,P001,food,1296.06,0,29
2025-03-20,P002,cosmetics,517.76,0,26
2025-03-20,P003,food,769.01,0,46
2025-03-20,P004,cosmetics,984.11,0,17
2025-03-20,P005,food,1090.13,0,33
2025-03-20,P006,food,1324.8,0,14
2025-03-20,P007,household,1023.5,0,38
2025-03-20,P008,household,940.69,1,44
2025-03-20,P009,household,631.33,0,14
2025-03-20,P010,household,493.17,0,36
2025-03-20,P011,cosmetics,1455.84,0,28
2025-03-20,P012,household,536.71,0,22
2025-03-21,P001,food,1298.22,0,31
2025-03-21,P002,cosmetics,511.83,0,17
2025-03-21,P003,food,771.06,0,37
2025-03-21,P004,cosmetics,971.27,0,22
2025-03-21,P005,food,1081.44,0,35
2025-03-21,P006,food,1314.0,0,16
2025-03-21,P007,household,1039.41,0,30
2025-03-21,P008,household,950.59,1,48
2025-03-21,P009,household,627.24,0,13
2025-03-21,P010,household,496.7,0,32
2025-03-21,P011,cosmetics,1452.35,0,20
2025-03-21,P012,household,547.12,0,24
2025-03-22,P001,food,1327.26,0,38
2025-03-22,P002,cosmetics,519.96,0,15
2025-03-22,P003,food,774.69,0,43
2025-03-22,P004,cosmetics,991.42,0,32
2025-03-22,P005,food,1093.28,0,41
2025-03-22,P006,food,1316.85,0,11
2025-03-22,P007,household,1054.32,0,35
2025-03-22,P008,household,974.83,1,57
2025-03-22,P009,household,636.28,0,15
2025-03-22,P010,household,506.23,0,31
2025-03-22,P011,cosmetics,1452.76,0,30
2025-03-22,P012,household,537.9,0,14
2025-03-23,P001,food,1316.44,0,31
2025-03-23,P002,cosmetics,517.08,0,16
2025-03-23,P003,food,758.38,0,40
2025-03-23,P004,cosmetics,985.93,0,30
2025-03-23,P005,food,1087.79,0,32
2025-03-23,P006,food,1316.9,0,16
2025-03-23,P007,household,1035.63,0,33
2025-03-23,P008,household,955.26,1,72
2025-03-23,P009,household,637.73,0,21
2025-03-23,P010,household,497.42,0,32
2025-03-23,P011,cosmetics,1505.46,0,28
2025-03-23,P012,household,532.47,0,23
2025-03-24,P001,food,1289.51,0,28
2025-03-24,P002,cosmetics,523.64,0,9
2025-03-24,P003,food,775.06,0,60
2025-03-24,P004,cosmetics,981.44,0,21
2025-03-24,P005,food,1087.71,0,39
2025-03-24,P006,food,1315.16,0,13
2025-03-24,P007,household,1036.43,0,40
2025-03-24,P008,household,975.9,1,46
2025-03-24,P009,household,628.78,0,11
2025-03-24,P010,household,484.67,0,44
2025-03-24,P011,cosmetics,1475.44,0,27
2025-03-24,P012,household,553.13,0,16
2025-03-25,P001,food,1306.56,0,33
2025-03-25,P002,cosmetics,505.6,0,16
2025-03-25,P003,food,772.44,0,38
2025-03-25,P004,cosmetics,998.1,0,36
2025-03-25,P005,food,1084.75,0,40
2025-03-25,P006,food,1313.53,0,21
2025-03-25,P007,household,1050.22,0,24
2025-03-25,P008,household,976.88,1,48
2025-03-25,P009,household,630.79,0,15
2025-03-25,P010,household,488.79,0,30
2025-03-25,P011,cosmetics,1453.67,0,29
2025-03-25,P012,household,531.81,0,23
2025-03-26,P001,food,1296.74,0,23
2025-03-26,P002,cosmetics,512.18,0,9
2025-03-26,P003,food,782.76,0,63
2025-03-26,P004,cosmetics,971.44,0,26
2025-03-26,P005,food,1100.42,0,33
2025-03-26,P006,food,1329.41,0,14
2025-03-26,P007,household,1045.94,0,32
2025-03-26,P008,household,985.58,1,62
2025-03-26,P009,household,626.36,0,24
2025-03-26,P010,household,494.53,0,44
2025-03-26,P011,cosmetics,1458.93,0,33
2025-03-26,P012,household,538.7,0,30
2025-03-27,P001,food,1298.33,0,25
2025-03-27,P002,cosmetics,511.17,0,13
2025-03-27,P003,food,779.41,0,50
2025-03-27,P004,cosmetics,1001.71,0,21
2025-03-27,P005,food,1093.06,0,51
2025-03-27,P006,food,1002.35,1,14
2025-03-27,P007,household,1041.25,0,37
2025-03-27,P008,household,975.15,1,51
2025-03-27,P009,household,633.16,0,19
2025-03-27,P010,household,491.79,0,29
2025-03-27,P011,cosmetics,1468.96,0,26
2025-03-27,P012,household,534.68,0,20
2025-03-28,P001,food,1304.45,0,17
2025-03-28,P002,cosmetics,503.41,0,15
2025-03-28,P003,food,772.0,0,48
2025-03-28,P004,cosmetics,985.29,0,28
2025-03-28,P005,food,1101.63,0,37
2025-03-28,P006,food,1036.48,1,29
2025-03-28,P007,household,1030.8,0,38
2025-03-28,P008,household,979.48,1,43
2025-03-28,P009,household,621.7,0,17
2025-03-28,P010,household,496.29,0,28
2025-03-28,P011,cosmetics,1476.93,0,31
2025-03-28,P012,household,535.44,0,22
2025-03-29,P001,food,1310.1,0,27
2025-03-29,P002,cosmetics,518.99,0,22
2025-03-29,P003,food,781.25,0,28
2025-03-29,P004,cosmetics,988.64,0,24
2025-03-29,P005,food,1104.91,0,26
2025-03-29,P006,food,1021.8,1,24
2025-03-29,P007,household,1041.56,0,42
2025-03-29,P008,household,1171.32,0,36
2025-03-29,P009,household,640.51,0,17
2025-03-29,P010,household,494.32,0,47
2025-03-29,P011,cosmetics,1473.07,0,20
2025-03-29,P012,household,533.51,0,18
2025-03-30,P001,food,1297.62,0,33
2025-03-30,P002,cosmetics,512.16,0,19
2025-03-30,P003,food,782.29,0,28
2025-03-30,P004,cosmetics,981.62,0,23
2025-03-30,P005,food,1095.34,0,31
2025-03-30,P006,food,1026.64,1,21
2025-03-30,P007,household,1022.73,0,40
2025-03-30,P008,household,1170.19,0,38
2025-03-30,P009,household,636.38,0,13
2025-03-30,P010,household,501.56,0,44
2025-03-30,P011,cosmetics,1455.33,0,24
2025-03-30,P012,household,536.31,0,25
2025-03-31,P001,food,1315.89,0,36
2025-03-31,P002,cosmetics,517.35,0,14
2025-03-31,P003,food,770.7,0,46
2025-03-31,P004,cosmetics,969.08,0,27
2025-03-31,P005,food,1084.81,0,43
2025-03-31,P006,food,1027.82,1,28
2025-03-31,P007,household,1030.37,0,37
2025-03-31,P008,household,1170.97,0,35
2025-03-31,P009,household,621.67,0,16
2025-03-31,P010,household,490.37,0,37
2025-03-31,P011,cosmetics,1473.62,0,33
2025-03-31,P012,household,544.53,0,29
2025-04-01,P001,food,1287.17,0,30
2025-04-01,P002,cosmetics,525.67,0,13
2025-04-01,P003,food,772.84,0,53
2025-04-01,P004,cosmetics,984.14,0,27
2025-04-01,P005,food,1101.68,0,38
2025-04-01,P006,food,1013.19,1,24
2025-04-01,P007,household,1051.68,0,26
2025-04-01,P008,household,1167.53,0,37
2025-04-01,P009,household,624.25,0,18
2025-04-01,P010,household,494.75,0,36
2025-04-01,P011,cosmetics,1459.99,0,24
2025-04-01,P012,household,528.97,0,26
2025-04-02,P001,food,1302.12,0,23
2025-04-02,P002,cosmetics,511.73,0,11
2025-04-02,P003,food,759.39,0,44
2025-04-02,P004,cosmetics,988.81,0,18
2025-04-02,P005,food,1095.41,0,40
2025-04-02,P006,food,1011.09,1,25
2025-04-02,P007,household,1050.33,0,39
2025-04-02,P008,household,1169.27,0,37
2025-04-02,P009,household,631.86,0,14
2025-04-02,P010,household,496.85,0,28
2025-04-02,P011,cosmetics,1179.18,1,53
2025-04-02,P012,household,546.02,0,15
2025-04-03,P001,food,1335.86,0,31
2025-04-03,P002,cosmetics,511.38,0,13
2025-04-03,P003,food,768.2,0,51
2025-04-03,P004,cosmetics,992.18,0,26
2025-04-03,P005,food,1118.72,0,28
2025-04-03,P006,food,1305.73,0,13
2025-04-03,P007,household,1041.37,0,40
2025-04-03,P008,household,1176.31,0,36
2025-04-03,P009,household,627.08,0,20
2025-04-03,P010,household,497.47,0,44
2025-04-03,P011,cosmetics,1167.62,1,43
2025-04-03,P012,household,545.09,0,25
2025-04-04,P001,food,1304.94,0,41
2025-04-04,P002,cosmetics,514.16,0,15
2025-04-04,P003,food,770.9,0,56
2025-04-04,P004,cosmetics,983.56,0,25
2025-04-04,P005,food,1093.72,0,38
2025-04-04,P006,food,1316.09,0,14
2025-04-04,P007,household,1016.83,0,35
2025-04-04,P008,household,1162.09,0,33
2025-04-04,P009,household,632.64,0,21
2025-04-04,P010,household,496.5,0,41
2025-04-04,P011,cosmetics,1158.1,1,28
2025-04-04,P012,household,541.97,0,21
2025-04-05,P001,food,1320.7,0,30
2025-04-05,P002,cosmetics,518.62,0,13
2025-04-05,P003,food,777.25,0,43
2025-04-05,P004,cosmetics,963.9,0,37
2025-04-05,P005,food,1097.94,0,28
2025-04-05,P006,food,1328.57,0,13
2025-04-05,P007,household,1024.31,0,35
2025-04-05,P008,household,1151.44,0,33
2025-04-05,P009,household,626.95,0,12
2025-04-05,P010,household,483.82,0,36
2025-04-05,P011,cosmetics,1175.0,1,50
2025-04-05,P012,household,539.9,0,23
2025-04-06,P001,food,1303.23,0,32
2025-04-06,P002,cosmetics,510.64,0,16
2025-04-06,P003,food,769.33,0,42
2025-04-06,P004,cosmetics,970.32,0,34
2025-04-06,P005,food,1093.5,0,32
2025-04-06,P006,food,1311.65,0,15
2025-04-06,P007,household,1029.79,0,58
2025-04-06,P008,household,1171.77,0,36
2025-04-06,P009,household,638.81,0,18
2025-04-06,P010,household,496.19,0,36
2025-04-06,P011,cosmetics,1171.43,1,46
2025-04-06,P012,household,540.71,0,19
2025-04-07,P001,food,1309.6,0,16
2025-04-07,P002,cosmetics,510.31,0,13
2025-04-07,P003,food,772.68,0,32
2025-04-07,P004,cosmetics,1005.73,0,26
2025-04-07,P005,food,1089.26,0,34
2025-04-07,P006,food,1026.62,1,21
2025-04-07,P007,household,1035.06,0,32
2025-04-07,P008,household,1159.44,0,32
2025-04-07,P009,household,629.26,0,16
2025-04-07,P010,household,495.03,0,36
2025-04-07,P011,cosmetics,1161.42,1,48
2025-04-07,P012,household,546.9,0,28
2025-04-08,P001,food,1023.19,1,57
2025-04-08,P002,cosmetics,518.98,0,11
2025-04-08,P003,food,767.15,0,47
2025-04-08,P004,cosmetics,974.74,0,28
2025-04-08,P005,food,1087.51,0,28
2025-04-08,P006,food,996.26,1,16
2025-04-08,P007,household,1023.87,0,57
2025-04-08,P008,household,1160.64,0,27
2025-04-08,P009,household,644.44,0,16
2025-04-08,P010,household,500.06,0,31
2025-04-08,P011,cosmetics,1175.48,1,45
2025-04-08,P012,household,529.81,0,18
2025-04-09,P001,food,1022.03,1,51
2025-04-09,P002,cosmetics,515.49,0,14
2025-04-09,P003,food,778.0,0,70
2025-04-09,P004,cosmetics,999.58,0,24
2025-04-09,P005,food,1093.54,0,38
2025-04-09,P006,food,1016.49,1,29
2025-04-09,P007,household,1034.28,0,45
2025-04-09,P008,household,1165.86,0,40
2025-04-09,P009,household,633.0,0,21
2025-04-09,P010,household,499.36,0,39
2025-04-09,P011,cosmetics,1478.21,0,16
2025-04-09,P012,household,543.14,0,18
2025-04-10,P001,food,1015.79,1,55
2025-04-10,P002,cosmetics,503.05,0,20
2025-04-10,P003,food,779.98,0,50
2025-04-10,P004,cosmetics,976.31,0,27
2025-04-10,P005,food,1096.02,0,35
2025-04-10,P006,food,1032.33,1,23
2025-04-10,P007,household,1055.16,0,36
2025-04-10,P008,household,1163.18,0,27
2025-04-10,P009,household,620.72,0,24
2025-04-10,P010,household,496.97,0,31
2025-04-10,P011,cosmetics,1486.62,0,34
2025-04-10,P012,household,535.2,0,21
2025-04-11,P001,food,1028.18,1,59
2025-04-11,P002,cosmetics,507.25,0,16
2025-04-11,P003,food,779.79,0,24
2025-04-11,P004,cosmetics,983.71,0,15
2025-04-11,P005,food,1102.92,0,38
2025-04-11,P006,food,1018.68,1,21
2025-04-11,P007,household,1040.99,0,33
2025-04-11,P008,household,1180.48,0,40
2025-04-11,P009,household,642.34,0,15
2025-04-11,P010,household,497.33,0,42
2025-04-11,P011,cosmetics,1479.4,0,38
2025-04-11,P012,household,543.67,0,12
2025-04-12,P001,food,1015.06,1,51
2025-04-12,P002,cosmetics,521.26,0,21
2025-04-12,P003,food,776.77,0,43
2025-04-12,P004,cosmetics,991.67,0,19
2025-04-12,P005,food,1093.7,0,37
2025-04-12,P006,food,1011.96,1,34
2025-04-12,P007,household,1039.1,0,46
2025-04-12,P008,household,1165.58,0,56
2025-04-12,P009,household,636.13,0,15
2025-04-12,P010,household,502.48,0,39
2025-04-12,P011,cosmetics,1465.82,0,21
2025-04-12,P012,household,535.91,0,25
2025-04-13,P001,food,1310.7,0,36
2025-04-13,P002,cosmetics,515.61,0,20
2025-04-13,P003,food,764.7,0,45
2025-04-13,P004,cosmetics,977.43,0,36
2025-04-13,P005,food,1085.29,0,26
2025-04-13,P006,food,1013.72,1,31
2025-04-13,P007,household,1026.29,0,43
2025-04-13,P008,household,1181.07,0,38
2025-04-13,P009,household,631.6,0,21
2025-04-13,P010,household,501.48,0,44
2025-04-13,P011,cosmetics,1444.13,0,25
2025-04-13,P012,household,543.03,0,26
2025-04-14,P001,food,1316.17,0,15
2025-04-14,P002,cosmetics,509.63,0,13
2025-04-14,P003,food,771.85,0,42
2025-04-14,P004,cosmetics,1001.2,0,29
2025-04-14,P005,food,1086.77,0,36
2025-04-14,P006,food,989.52,1,16
2025-04-14,P007,household,1019.84,0,32
2025-04-14,P008,household,1169.93,0,33
2025-04-14,P009,household,633.28,0,18
2025-04-14,P010,household,497.14,0,42
2025-04-14,P011,cosmetics,1471.71,0,39
2025-04-14,P012,household,530.87,0,12
2025-04-15,P001,food,1306.81,0,28
2025-04-15,P002,cosmetics,512.67,0,15
2025-04-15,P003,food,773.51,0,57
2025-04-15,P004,cosmetics,986.26,0,24
2025-04-15,P005,food,1075.91,0,31
2025-04-15,P006,food,1010.1,1,22
2025-04-15,P007,household,1024.1,0,32
2025-04-15,P008,household,1166.49,0,30
2025-04-15,P009,household,621.73,0,16
2025-04-15,P010,household,506.41,0,44
2025-04-15,P011,cosmetics,1473.99,0,21
2025-04-15,P012,household,530.1,0,24
2025-04-16,P001,food,1298.31,0,23
2025-04-16,P002,cosmetics,513.62,0,9
2025-04-16,P003,food,773.54,0,41
2025-04-16,P004,cosmetics,990.05,0,17
2025-04-16,P005,food,1108.45,0,33
2025-04-16,P006,food,1333.3,0,22
2025-04-16,P007,household,1019.42,0,37
2025-04-16,P008,household,1169.37,0,31
2025-04-16,P009,household,617.86,0,22
2025-04-16,P010,household,492.66,0,36
2025-04-16,P011,cosmetics,1469.72,0,27
2025-04-16,P012,household,538.61,0,20
2025-04-17,P001,food,1307.95,0,38
2025-04-17,P002,cosmetics,517.33,0,20
2025-04-17,P003,food,777.25,0,38
2025-04-17,P004,cosmetics,982.87,0,25
2025-04-17,P005,food,1084.44,0,42
2025-04-17,P006,food,1311.66,0,17
2025-04-17,P007,household,1037.61,0,33
2025-04-17,P008,household,1152.44,0,36
2025-04-17,P009,household,628.95,0,18
2025-04-17,P010,household,489.9,0,37
2025-04-17,P011,cosmetics,1424.74,0,20
2025-04-17,P012,household,546.96,0,19
2025-04-18,P001,food,1298.02,0,39
2025-04-18,P002,cosmetics,506.57,0,14
2025-04-18,P003,food,787.74,0,49
2025-04-18,P004,cosmetics,992.0,0,23
2025-04-18,P005,food,1100.88,0,35
2025-04-18,P006,food,1313.22,0,9
2025-04-18,P007,household,1040.82,0,40
2025-04-18,P008,household,1171.47,0,37
2025-04-18,P009,household,637.89,0,20
2025-04-18,P010,household,495.72,0,38
2025-04-18,P011,cosmetics,1478.94,0,26
2025-04-18,P012,household,542.11,0,19
2025-04-19,P001,food,1314.22,0,24
2025-04-19,P002,cosmetics,509.23,0,19
2025-04-19,P003,food,782.98,0,56
2025-04-19,P004,cosmetics,1001.07,0,27
2025-04-19,P005,food,1093.35,0,39
2025-04-19,P006,food,1288.58,0,20
2025-04-19,P007,household,1026.83,0,45
2025-04-19,P008,household,1177.44,0,50
2025-04-19,P009,household,631.7,0,18
2025-04-19,P010,household,493.92,0,38
2025-04-19,P011,cosmetics,1455.57,0,26
2025-04-19,P012,household,542.08,0,21
2025-04-20,P001,food,1278.19,0,37
2025-04-20,P002,cosmetics,514.95,0,16
2025-04-20,P003,food,769.0,0,38
2025-04-20,P004,cosmetics,812.38,1,47
2025-04-20,P005,food,1093.65,0,42
2025-04-20,P006,food,1297.83,0,21
2025-04-20,P007,household,1038.37,0,49
2025-04-20,P008,household,1179.09,0,50
2025-04-20,P009,household,639.97,0,13
2025-04-20,P010,household,483.55,0,40
2025-04-20,P011,cosmetics,1479.04,0,30
2025-04-20,P012,household,543.86,0,18
2025-04-21,P001,food,1297.67,0,28
2025-04-21,P002,cosmetics,513.03,0,12
2025-04-21,P003,food,781.94,0,65
2025-04-21,P004,cosmetics,827.52,1,30
2025-04-21,P005,food,1089.06,0,41
2025-04-21,P006,food,1032.56,1,19
2025-04-21,P007,household,1052.07,0,31
2025-04-21,P008,household,1151.74,0,28
2025-04-21,P009,household,637.53,0,18
2025-04-21,P010,household,492.54,0,34
2025-04-21,P011,cosmetics,1493.95,0,35
2025-04-21,P012,household,537.08,0,22
2025-04-22,P001,food,1276.12,0,23
2025-04-22,P002,cosmetics,516.48,0,17
2025-04-22,P003,food,781.64,0,44
2025-04-22,P004,cosmetics,808.47,1,34
2025-04-22,P005,food,1081.75,0,47
2025-04-22,P006,food,1026.72,1,23
2025-04-22,P007,household,1057.13,0,42
2025-04-22,P008,household,1149.79,0,29
2025-04-22,P009,household,629.34,0,25
2025-04-22,P010,household,497.48,0,34
2025-04-22,P011,cosmetics,1465.25,0,23
2025-04-22,P012,household,542.52,0,23
2025-04-23,P001,food,1282.57,0,20
2025-04-23,P002,cosmetics,507.23,0,17
2025-04-23,P003,food,770.41,0,42
2025-04-23,P004,cosmetics,819.66,1,48
2025-04-23,P005,food,1079.78,0,32
2025-04-23,P006,food,1007.18,1,26
2025-04-23,P007,household,1044.82,0,24
2025-04-23,P008,household,1161.26,0,33
2025-04-23,P009,household,636.66,0,15
2025-04-23,P010,household,495.49,0,42
2025-04-23,P011,cosmetics,1475.41,0,24
2025-04-23,P012,household,536.1,0,18
2025-04-24,P001,food,1319.8,0,35
2025-04-24,P002,cosmetics,515.38,0,18
2025-04-24,P003,food,783.26,0,46
2025-04-24,P004,cosmetics,817.43,1,33
2025-04-24,P005,food,1109.18,0,38
2025-04-24,P006,food,1013.99,1,31
2025-04-24,P007,household,1035.02,0,34
2025-04-24,P008,household,1183.69,0,32
2025-04-24,P009,household,638.79,0,26
2025-04-24,P010,household,491.93,0,32
2025-04-24,P011,cosmetics,1469.45,0,24
2025-04-24,P012,household,537.53,0,15
2025-04-25,P001,food,1313.69,0,29
2025-04-25,P002,cosmetics,519.15,0,11
2025-04-25,P003,food,775.42,0,45
2025-04-25,P004,cosmetics,804.76,1,40
2025-04-25,P005,food,1091.58,0,44
2025-04-25,P006,food,1020.12,1,20
2025-04-25,P007,household,1044.49,0,31
2025-04-25,P008,household,1170.1,0,34
2025-04-25,P009,household,628.71,0,13
2025-04-25,P010,household,495.99,0,42
2025-04-25,P011,cosmetics,1476.69,0,34
2025-04-25,P012,household,538.2,0,19
2025-04-26,P001,food,1292.67,0,33
2025-04-26,P002,cosmetics,516.05,0,23
2025-04-26,P003,food,765.72,0,37
2025-04-26,P004,cosmetics,815.19,1,39
2025-04-26,P005,food,1102.6,0,38
2025-04-26,P006,food,1303.57,0,14
2025-04-26,P007,household,1050.85,0,55
2025-04-26,P008,household,1158.48,0,44
2025-04-26,P009,household,627.87,0,15
2025-04-26,P010,household,496.39,0,36
2025-04-26,P011,cosmetics,1470.49,0,30
2025-04-26,P012,household,536.28,0,21
2025-04-27,P001,food,1282.47,0,30
2025-04-27,P002,cosmetics,514.26,0,21
2025-04-27,P003,food,780.2,0,43
2025-04-27,P004,cosmetics,985.58,0,28
2025-04-27,P005,food,1105.44,0,29
2025-04-27,P006,food,1292.91,0,16
2025-04-27,P007,household,1016.02,0,48
2025-04-27,P008,household,1150.56,0,37
2025-04-27,P009,household,630.1,0,9
2025-04-27,P010,household,499.32,0,42
2025-04-27,P011,cosmetics,1461.37,0,25
2025-04-27,P012,household,538.87,0,22
2025-04-28,P001,food,1263.44,0,41
2025-04-28,P002,cosmetics,513.05,0,16
2025-04-28,P003,food,778.35,0,34
2025-04-28,P004,cosmetics,977.1,0,14
2025-04-28,P005,food,1085.86,0,26
2025-04-28,P006,food,1317.25,0,13
2025-04-28,P007,household,1052.2,0,37
2025-04-28,P008,household,1159.54,0,35
2025-04-28,P009,household,614.04,0,16
2025-04-28,P010,household,384.34,1,70
2025-04-28,P011,cosmetics,1455.67,0,23
2025-04-28,P012,household,537.85,0,20
2025-04-29,P001,food,1294.96,0,24
2025-04-29,P002,cosmetics,509.26,0,20
2025-04-29,P003,food,774.9,0,55
2025-04-29,P004,cosmetics,989.04,0,25
2025-04-29,P005,food,1094.95,0,44
2025-04-29,P006,food,1326.9,0,15
2025-04-29,P007,household,1031.19,0,31
2025-04-29,P008,household,1158.75,0,35
2025-04-29,P009,household,630.98,0,19
2025-04-29,P010,household,390.2,1,61
2025-04-29,P011,cosmetics,1492.33,0,29
2025-04-29,P012,household,535.41,0,15
2025-04-30,P001,food,1333.55,0,26
2025-04-30,P002,cosmetics,513.18,0,13
2025-04-30,P003,food,776.38,0,63
2025-04-30,P004,cosmetics,986.95,0,25
2025-04-30,P005,food,1090.83,0,40
2025-04-30,P006,food,1327.16,0,7
2025-04-30,P007,household,1031.29,0,40
2025-04-30,P008,household,1178.45,0,29
2025-04-30,P009,household,633.75,0,13
2025-04-30,P010,household,382.6,1,68
2025-04-30,P011,cosmetics,1475.41,0,22
2025-04-30,P012,household,538.46,0,19
2025-05-01,P001,food,1307.7,0,24
2025-05-01,P002,cosmetics,520.02,0,11
2025-05-01,P003,food,771.08,0,53
2025-05-01,P004,cosmetics,984.8,0,20
2025-05-01,P005,food,1077.72,0,49
2025-05-01,P006,food,1330.9,0,10
2025-05-01,P007,household,1033.16,0,29
2025-05-01,P008,household,1179.35,0,32
2025-05-01,P009,household,630.12,0,15
2025-05-01,P010,household,384.88,1,63
2025-05-01,P011,cosmetics,1481.17,0,28
2025-05-01,P012,household,540.06,0,27
2025-05-02,P001,food,1294.75,0,39
2025-05-02,P002,cosmetics,512.94,0,8
2025-05-02,P003,food,781.41,0,42
2025-05-02,P004,cosmetics,984.84,0,24
2025-05-02,P005,food,1088.31,0,40
2025-05-02,P006,food,1298.85,0,12
2025-05-02,P007,household,1040.15,0,32
2025-05-02,P008,household,1155.27,0,24
2025-05-02,P009,household,631.38,0,15
2025-05-02,P010,household,393.4,1,82
2025-05-02,P011,cosmetics,1474.83,0,35
2025-05-02,P012,household,533.29,0,25
2025-05-03,P001,food,1308.09,0,27
2025-05-03,P002,cosmetics,508.98,0,12
2025-05-03,P003,food,776.33,0,46
2025-05-03,P004,cosmetics,984.62,0,43
2025-05-03,P005,food,1096.74,0,28
2025-05-03,P006,food,1320.11,0,18
2025-05-03,P007,household,1025.31,0,46
2025-05-03,P008,household,1176.32,0,44
2025-05-03,P009,household,628.94,0,14
2025-05-03,P010,household,382.86,1,63
2025-05-03,P011,cosmetics,1483.3,0,16
2025-05-03,P012,household,541.47,0,30
2025-05-04,P001,food,1281.71,0,39
2025-05-04,P002,cosmetics,511.02,0,23
2025-05-04,P003,food,777.96,0,45
2025-05-04,P004,cosmetics,981.89,0,25
2025-05-04,P005,food,1084.89,0,41
2025-05-04,P006,food,1315.81,0,23
2025-05-04,P007,household,1033.88,0,47
2025-05-04,P008,household,1175.12,0,33
2025-05-04,P009,household,616.65,0,15
2025-05-04,P010,household,384.27,1,68
2025-05-04,P011,cosmetics,1455.8,0,25
2025-05-04,P012,household,536.56,0,17
2025-05-05,P001,food,1298.17,0,19
2025-05-05,P002,cosmetics,514.58,0,21
2025-05-05,P003,food,779.44,0,42
2025-05-05,P004,cosmetics,986.89,0,26
2025-05-05,P005,food,1086.79,0,66
2025-05-05,P006,food,1318.2,0,18
2025-05-05,P007,household,1042.28,0,39
2025-05-05,P008,household,1153.75,0,32
2025-05-05,P009,household,639.67,0,18
2025-05-05,P010,household,381.98,1,59
2025-05-05,P011,cosmetics,1470.19,0,28
2025-05-05,P012,household,540.29,0,28
2025-05-06,P001,food,1303.33,0,33
2025-05-06,P002,cosmetics,511.63,0,21
2025-05-06,P003,food,767.7,0,55
2025-05-06,P004,cosmetics,979.17,0,19
2025-05-06,P005,food,1088.45,0,43
2025-05-06,P006,food,1316.56,0,21
2025-05-06,P007,household,1039.1,0,49
2025-05-06,P008,household,1166.55,0,38
2025-05-06,P009,household,626.9,0,20
2025-05-06,P010,household,383.62,1,61
2025-05-06,P011,cosmetics,1476.39,0,27
2025-05-06,P012,household,535.63,0,24
2025-05-07,P001,food,1300.92,0,26
2025-05-07,P002,cosmetics,516.04,0,15
2025-05-07,P003,food,769.72,0,45
2025-05-07,P004,cosmetics,1011.7,0,21
2025-05-07,P005,food,1113.36,0,44
2025-05-07,P006,food,1310.64,0,15
2025-05-07,P007,household,1040.78,0,31
2025-05-07,P008,household,1171.5,0,32
2025-05-07,P009,household,625.32,0,17
2025-05-07,P010,household,496.46,0,34
2025-05-07,P011,cosmetics,1487.96,0,34
2025-05-07,P012,household,544.89,0,22
2025-05-08,P001,food,1312.33,0,29
2025-05-08,P002,cosmetics,516.23,0,11
2025-05-08,P003,food,759.51,0,47
2025-05-08,P004,cosmetics,971.62,0,22
2025-05-08,P005,food,1070.34,0,30
2025-05-08,P006,food,1279.53,0,16
2025-05-08,P007,household,1033.48,0,42
2025-05-08,P008,household,1169.43,0,28
2025-05-08,P009,household,637.76,0,10
2025-05-08,P010,household,499.28,0,43
2025-05-08,P011,cosmetics,1508.23,0,25
2025-05-08,P012,household,544.38,0,25
2025-05-09,P001,food,1306.52,0,28
2025-05-09,P002,cosmetics,518.11,0,11
2025-05-09,P003,food,781.06,0,51
2025-05-09,P004,cosmetics,979.75,0,21
2025-05-09,P005,food,1095.81,0,42
2025-05-09,P006,food,1334.68,0,9
2025-05-09,P007,household,1044.03,0,46
2025-05-09,P008,household,1147.55,0,31
2025-05-09,P009,household,635.37,0,8
2025-05-09,P010,household,495.68,0,34
2025-05-09,P011,cosmetics,1474.95,0,31
2025-05-09,P012,household,533.56,0,20
2025-05-10,P001,food,1310.74,0,37
2025-05-10,P002,cosmetics,520.86,0,17
2025-05-10,P003,food,767.25,0,53
2025-05-10,P004,cosmetics,980.53,0,32
2025-05-10,P005,food,1087.57,0,45
2025-05-10,P006,food,1323.7,0,18
2025-05-10,P007,household,1047.79,0,46
2025-05-10,P008,household,1169.06,0,35
2025-05-10,P009,household,630.93,0,14
2025-05-10,P010,household,494.17,0,45
2025-05-10,P011,cosmetics,1459.25,0,28
2025-05-10,P012,household,542.05,0,27
2025-05-11,P001,food,1293.07,0,43
2025-05-11,P002,cosmetics,518.66,0,21
2025-05-11,P003,food,777.7,0,41
2025-05-11,P004,cosmetics,1005.62,0,29
2025-05-11,P005,food,1083.35,0,39
2025-05-11,P006,food,1299.77,0,22
2025-05-11,P007,household,1047.17,0,44
2025-05-11,P008,household,1174.95,0,38
2025-05-11,P009,household,634.05,0,14
2025-05-11,P010,household,489.61,0,42
2025-05-11,P011,cosmetics,1451.4,0,24
2025-05-11,P012,household,547.02,0,30
2025-05-12,P001,food,1313.73,0,22
2025-05-12,P002,cosmetics,508.75,0,13
2025-05-12,P003,food,779.55,0,46
2025-05-12,P004,cosmetics,972.5,0,26
2025-05-12,P005,food,1087.31,0,38
2025-05-12,P006,food,1325.59,0,14
2025-05-12,P007,household,1041.27,0,41
2025-05-12,P008,household,1185.97,0,30
2025-05-12,P009,household,621.94,0,25
2025-05-12,P010,household,492.17,0,41
2025-05-12,P011,cosmetics,1455.67,0,26
2025-05-12,P012,household,534.11,0,20
2025-05-13,P001,food,1323.25,0,31
2025-05-13,P002,cosmetics,508.91,0,12
2025-05-13,P003,food,781.35,0,44
2025-05-13,P004,cosmetics,989.71,0,19
2025-05-13,P005,food,1097.61,0,50
2025-05-13,P006,food,1313.45,0,15
2025-05-13,P007,household,1046.57,0,35
2025-05-13,P008,household,1159.72,0,38
2025-05-13,P009,household,628.7,0,11
2025-05-13,P010,household,488.11,0,27
2025-05-13,P011,cosmetics,1457.59,0,36
2025-05-13,P012,household,534.54,0,22
2025-05-14,P001,food,1289.41,0,26
2025-05-14,P002,cosmetics,513.16,0,13
2025-05-14,P003,food,767.32,0,37
2025-05-14,P004,cosmetics,987.96,0,25
2025-05-14,P005,food,1098.24,0,39
2025-05-14,P006,food,1313.82,0,19
2025-05-14,P007,household,1045.87,0,47
2025-05-14,P008,household,1161.16,0,38
2025-05-14,P009,household,637.36,0,14
2025-05-14,P010,household,499.43,0,31
2025-05-14,P011,cosmetics,1426.35,0,27
2025-05-14,P012,household,543.19,0,31
2025-05-15,P001,food,1290.48,0,28
2025-05-15,P002,cosmetics,511.23,0,15
2025-05-15,P003,food,776.16,0,51
2025-05-15,P004,cosmetics,816.16,1,39
2025-05-15,P005,food,1092.36,0,44
2025-05-15,P006,food,1309.21,0,12
2025-05-15,P007,household,1064.59,0,40
2025-05-15,P008,household,1165.09,0,42
2025-05-15,P009,household,624.95,0,19
2025-05-15,P010,household,499.77,0,28
2025-05-15,P011,cosmetics,1459.04,0,32
2025-05-15,P012,household,532.17,0,25
2025-05-16,P001,food,1319.43,0,28
2025-05-16,P002,cosmetics,507.7,0,13
2025-05-16,P003,food,789.64,0,51
2025-05-16,P004,cosmetics,823.51,1,40
2025-05-16,P005,food,1102.25,0,39
2025-05-16,P006,food,1326.43,0,16
2025-05-16,P007,household,1049.46,0,46
2025-05-16,P008,household,1170.92,0,43
2025-05-16,P009,household,622.93,0,13
2025-05-16,P010,household,495.58,0,41
2025-05-16,P011,cosmetics,1479.49,0,22
2025-05-16,P012,household,535.03,0,21
2025-05-17,P001,food,1299.55,0,32
2025-05-17,P002,cosmetics,511.28,0,20
2025-05-17,P003,food,789.98,0,47
2025-05-17,P004,cosmetics,823.34,1,42
2025-05-17,P005,food,1104.17,0,31
2025-05-17,P006,food,1308.8,0,19
2025-05-17,P007,household,1035.92,0,37
2025-05-17,P008,household,1168.66,0,42
2025-05-17,P009,household,629.71,0,15
2025-05-17,P010,household,497.96,0,31
2025-05-17,P011,cosmetics,1470.07,0,30
2025-05-17,P012,household,533.75,0,26
2025-05-18,P001,food,1320.32,0,25
2025-05-18,P002,cosmetics,511.11,0,20
2025-05-18,P003,food,784.34,0,57
2025-05-18,P004,cosmetics,809.78,1,32
2025-05-18,P005,food,1099.24,0,30
2025-05-18,P006,food,1304.88,0,20
2025-05-18,P007,household,1027.38,0,51
2025-05-18,P008,household,1174.58,0,42
2025-05-18,P009,household,629.85,0,13
2025-05-18,P010,household,500.12,0,38
2025-05-18,P011,cosmetics,1465.17,0,32
2025-05-18,P012,household,543.25,0,23
2025-05-19,P001,food,1296.28,0,25
2025-05-19,P002,cosmetics,510.1,0,23
2025-05-19,P003,food,779.29,0,54
2025-05-19,P004,cosmetics,815.03,1,36
2025-05-19,P005,food,1084.38,0,33
2025-05-19,P006,food,1334.28,0,22
2025-05-19,P007,household,1034.13,0,38
2025-05-19,P008,household,1154.39,0,33
2025-05-19,P009,household,633.29,0,19
2025-05-19,P010,household,496.28,0,41
2025-05-19,P011,cosmetics,1445.14,0,20
2025-05-19,P012,household,535.49,0,22
2025-05-20,P001,food,1320.98,0,26
2025-05-20,P002,cosmetics,511.93,0,21
2025-05-20,P003,food,768.86,0,54
2025-05-20,P004,cosmetics,798.29,1,31
2025-05-20,P005,food,1095.73,0,39
2025-05-20,P006,food,1316.99,0,20
2025-05-20,P007,household,1033.4,0,38
2025-05-20,P008,household,1172.16,0,31
2025-05-20,P009,household,620.54,0,19
2025-05-20,P010,household,502.69,0,42
2025-05-20,P011,cosmetics,1484.4,0,36
2025-05-20,P012,household,537.69,0,18
2025-05-21,P001,food,1303.75,0,27
2025-05-21,P002,cosmetics,519.6,0,16
2025-05-21,P003,food,782.25,0,60
2025-05-21,P004,cosmetics,814.25,1,28
2025-05-21,P005,food,1095.78,0,34
2025-05-21,P006,food,1317.4,0,9
2025-05-21,P007,household,1042.14,0,38
2025-05-21,P008,household,1158.86,0,24
2025-05-21,P009,household,613.17,0,15
2025-05-21,P010,household,490.7,0,39
2025-05-21,P011,cosmetics,1476.48,0,39
2025-05-21,P012,household,535.19,0,24
2025-05-22,P001,food,1305.4,0,30
2025-05-22,P002,cosmetics,514.57,0,13
2025-05-22,P003,food,775.44,0,50
2025-05-22,P004,cosmetics,806.99,1,39
2025-05-22,P005,food,1081.44,0,37
2025-05-22,P006,food,1328.49,0,15
2025-05-22,P007,household,1029.57,0,43
2025-05-22,P008,household,1165.85,0,22
2025-05-22,P009,household,635.01,0,10
2025-05-22,P010,household,494.05,0,26
2025-05-22,P011,cosmetics,1468.78,0,24
2025-05-22,P012,household,545.42,0,24
2025-05-23,P001,food,1322.41,0,28
2025-05-23,P002,cosmetics,434.71,1,22
2025-05-23,P003,food,781.02,0,46
2025-05-23,P004,cosmetics,983.68,0,15
2025-05-23,P005,food,1073.22,0,48
2025-05-23,P006,food,1310.54,0,14
2025-05-23,P007,household,1049.2,0,43
2025-05-23,P008,household,1187.47,0,34
2025-05-23,P009,household,622.4,0,11
2025-05-23,P010,household,493.46,0,37
2025-05-23,P011,cosmetics,1436.61,0,26
2025-05-23,P012,household,534.59,0,27
2025-05-24,P001,food,1297.33,0,33
2025-05-24,P002,cosmetics,424.95,1,33
2025-05-24,P003,food,771.75,0,52
2025-05-24,P004,cosmetics,968.9,0,21
2025-05-24,P005,food,1068.28,0,50
2025-05-24,P006,food,1313.17,0,19
2025-05-24,P007,household,1022.43,0,46
2025-05-24,P008,household,1151.2,0,37
2025-05-24,P009,household,625.37,0,17
2025-05-24,P010,household,498.99,0,44
2025-05-24,P011,cosmetics,1461.76,0,46
2025-05-24,P012,household,531.63,0,31
2025-05-25,P001,food,1289.78,0,40
2025-05-25,P002,cosmetics,423.0,1,30
2025-05-25,P003,food,775.33,0,46
2025-05-25,P004,cosmetics,989.5,0,15
2025-05-25,P005,food,1091.1,0,42
2025-05-25,P006,food,1323.38,0,25
2025-05-25,P007,household,1019.91,0,41
2025-05-25,P008,household,1164.26,0,43
2025-05-25,P009,household,615.47,0,16
2025-05-25,P010,household,488.67,0,43
2025-05-25,P011,cosmetics,1475.34,0,33
2025-05-25,P012,household,531.42,0,16
2025-05-26,P001,food,1296.2,0,34
2025-05-26,P002,cosmetics,424.25,1,15
2025-05-26,P003,food,777.94,0,55
2025-05-26,P004,cosmetics,968.79,0,19
2025-05-26,P005,food,1093.59,0,39
2025-05-26,P006,food,1299.01,0,15
2025-05-26,P007,household,1035.43,0,32
2025-05-26,P008,household,1152.64,0,20
2025-05-26,P009,household,635.65,0,10
2025-05-26,P010,household,502.95,0,25
2025-05-26,P011,cosmetics,1468.55,0,31
2025-05-26,P012,household,542.96,0,24
2025-05-27,P001,food,1307.93,0,29
2025-05-27,P002,cosmetics,425.32,1,30
2025-05-27,P003,food,778.58,0,45
2025-05-27,P004,cosmetics,986.97,0,19
2025-05-27,P005,food,1077.45,0,35
2025-05-27,P006,food,1322.27,0,14
2025-05-27,P007,household,1028.1,0,49
2025-05-27,P008,household,1169.31,0,39
2025-05-27,P009,household,631.42,0,19
2025-05-27,P010,household,498.56,0,45
2025-05-27,P011,cosmetics,1471.79,0,19
2025-05-27,P012,household,543.35,0,24
2025-05-28,P001,food,1281.65,0,35
2025-05-28,P002,cosmetics,426.07,1,22
2025-05-28,P003,food,780.5,0,43
2025-05-28,P004,cosmetics,973.42,0,16
2025-05-28,P005,food,1101.74,0,51
2025-05-28,P006,food,1309.38,0,21
2025-05-28,P007,household,1023.79,0,40
2025-05-28,P008,household,1179.76,0,32
2025-05-28,P009,household,631.16,0,15
2025-05-28,P010,household,504.45,0,35
2025-05-28,P011,cosmetics,1479.04,0,40
2025-05-28,P012,household,545.95,0,18
2025-05-29,P001,food,1310.34,0,28
2025-05-29,P002,cosmetics,433.04,1,13
2025-05-29,P003,food,772.17,0,57
2025-05-29,P004,cosmetics,977.14,0,17
2025-05-29,P005,food,1092.0,0,30
2025-05-29,P006,food,1330.64,0,21
2025-05-29,P007,household,1030.23,0,28
2025-05-29,P008,household,1169.51,0,43
2025-05-29,P009,household,631.12,0,24
2025-05-29,P010,household,495.58,0,27
2025-05-29,P011,cosmetics,1471.24,0,33
2025-05-29,P012,household,532.42,0,12
2025-05-30,P001,food,1295.02,0,25
2025-05-30,P002,cosmetics,420.64,1,22
2025-05-30,P003,food,766.24,0,41
2025-05-30,P004,cosmetics,996.89,0,27
2025-05-30,P005,food,1105.05,0,46
2025-05-30,P006,food,1326.56,0,16
2025-05-30,P007,household,1028.94,0,38
2025-05-30,P008,household,1166.16,0,25
2025-05-30,P009,household,616.25,0,22
2025-05-30,P010,household,493.05,0,35
2025-05-30,P011,cosmetics,1478.51,0,34
2025-05-30,P012,household,537.98,0,16
2025-05-31,P001,food,1316.98,0,24
2025-05-31,P002,cosmetics,517.96,0,19
2025-05-31,P003,food,789.29,0,52
2025-05-31,P004,cosmetics,991.31,0,26
2025-05-31,P005,food,984.39,1,56
2025-05-31,P006,food,1324.82,0,20
2025-05-31,P007,household,1036.94,0,41
2025-05-31,P008,household,1183.03,0,47
2025-05-31,P009,household,623.01,0,16
2025-05-31,P010,household,499.03,0,47
2025-05-31,P011,cosmetics,1456.57,0,29
2025-05-31,P012,household,552.31,0,24
2025-06-01,P001,food,1270.86,0,47
2025-06-01,P002,cosmetics,514.61,0,24
2025-06-01,P003,food,796.0,0,53
2025-06-01,P004,cosmetics,996.84,0,23
2025-06-01,P005,food,970.3,1,61
2025-06-01,P006,food,1298.15,0,11
2025-06-01,P007,household,1030.4,0,45
2025-06-01,P008,household,1171.38,0,54
2025-06-01,P009,household,626.37,0,13
2025-06-01,P010,household,500.89,0,36
2025-06-01,P011,cosmetics,1451.0,0,24
2025-06-01,P012,household,537.59,0,20
2025-06-02,P001,food,1291.8,0,45
2025-06-02,P002,cosmetics,505.48,0,10
2025-06-02,P003,food,780.14,0,54
2025-06-02,P004,cosmetics,1000.88,0,23
2025-06-02,P005,food,985.25,1,53
2025-06-02,P006,food,1317.99,0,13
2025-06-02,P007,household,1031.25,0,38
2025-06-02,P008,household,1177.09,0,33
2025-06-02,P009,household,624.5,0,15
2025-06-02,P010,household,492.23,0,31
2025-06-02,P011,cosmetics,1475.98,0,28
2025-06-02,P012,household,536.18,0,20
2025-06-03,P001,food,1280.08,0,29
2025-06-03,P002,cosmetics,517.51,0,9
2025-06-03,P003,food,766.39,0,55
2025-06-03,P004,cosmetics,977.9,0,19
2025-06-03,P005,food,1097.64,0,43
2025-06-03,P006,food,1303.82,0,12
2025-06-03,P007,household,1036.78,0,30
2025-06-03,P008,household,1175.88,0,35
2025-06-03,P009,household,627.5,0,17
2025-06-03,P010,household,485.87,0,35
2025-06-03,P011,cosmetics,1478.99,0,31
2025-06-03,P012,household,539.11,0,25
2025-06-04,P001,food,1291.28,0,28
2025-06-04,P002,cosmetics,520.06,0,10
2025-06-04,P003,food,770.66,0,58
2025-06-04,P004,cosmetics,1000.28,0,12
2025-06-04,P005,food,1084.36,0,45
2025-06-04,P006,food,1318.86,0,12
2025-06-04,P007,household,1047.35,0,30
2025-06-04,P008,household,1133.94,0,29
2025-06-04,P009,household,630.76,0,13
2025-06-04,P010,household,486.72,0,44
2025-06-04,P011,cosmetics,1476.59,0,48
2025-06-04,P012,household,542.08,0,22
2025-06-05,P001,food,1305.26,0,35
2025-06-05,P002,cosmetics,509.15,0,22
2025-06-05,P003,food,780.62,0,69
2025-06-05,P004,cosmetics,971.07,0,18
2025-06-05,P005,food,1074.61,0,55
2025-06-05,P006,food,1288.8,0,17
2025-06-05,P007,household,1052.08,0,32
2025-06-05,P008,household,1166.63,0,27
2025-06-05,P009,household,635.54,0,18
2025-06-05,P010,household,497.07,0,48
2025-06-05,P011,cosmetics,1470.9,0,31
2025-06-05,P012,household,541.99,0,24
2025-06-06,P001,food,1299.7,0,23
2025-06-06,P002,cosmetics,513.5,0,9
2025-06-06,P003,food,787.09,0,44
2025-06-06,P004,cosmetics,992.86,0,23
2025-06-06,P005,food,1091.43,0,53
2025-06-06,P006,food,1299.02,0,18
2025-06-06,P007,household,1038.37,0,36
2025-06-06,P008,household,1154.94,0,28
2025-06-06,P009,household,619.9,0,19
2025-06-06,P010,household,503.41,0,21
2025-06-06,P011,cosmetics,1464.21,0,37
2025-06-06,P012,household,535.91,0,21
2025-06-07,P001,food,1298.74,0,29
2025-06-07,P002,cosmetics,504.69,0,19
2025-06-07,P003,food,767.25,0,49
2025-06-07,P004,cosmetics,980.65,0,20
2025-06-07,P005,food,1079.42,0,46
2025-06-07,P006,food,1335.04,0,25
2025-06-07,P007,household,1039.17,0,30
2025-06-07,P008,household,1157.84,0,39
2025-06-07,P009,household,629.16,0,16
2025-06-07,P010,household,489.33,0,32
2025-06-07,P011,cosmetics,1472.07,0,30
2025-06-07,P012,household,536.07,0,26
2025-06-08,P001,food,1299.96,0,28
2025-06-08,P002,cosmetics,507.08,0,18
2025-06-08,P003,food,775.7,0,48
2025-06-08,P004,cosmetics,976.34,0,34
2025-06-08,P005,food,1102.56,0,34
2025-06-08,P006,food,1324.22,0,21
2025-06-08,P007,household,1034.94,0,47
2025-06-08,P008,household,1184.74,0,38
2025-06-08,P009,household,633.69,0,15
2025-06-08,P010,household,494.43,0,31
2025-06-08,P011,cosmetics,1474.54,0,28
2025-06-08,P012,household,537.62,0,18
2025-06-09,P001,food,1304.69,0,24
2025-06-09,P002,cosmetics,518.93,0,12
2025-06-09,P003,food,778.19,0,45
2025-06-09,P004,cosmetics,991.57,0,14
2025-06-09,P005,food,1085.9,0,45
2025-06-09,P006,food,1314.68,0,12
2025-06-09,P007,household,1041.83,0,42
2025-06-09,P008,household,1163.15,0,29
2025-06-09,P009,household,623.4,0,23
2025-06-09,P010,household,494.05,0,32
2025-06-09,P011,cosmetics,1475.42,0,20
2025-06-09,P012,household,535.29,0,21
2025-06-10,P001,food,1288.91,0,26
2025-06-10,P002,cosmetics,511.15,0,13
2025-06-10,P003,food,783.38,0,53
2025-06-10,P004,cosmetics,994.82,0,20
2025-06-10,P005,food,1109.14,0,47
2025-06-10,P006,food,1307.36,0,12
2025-06-10,P007,household,1040.88,0,33
2025-06-10,P008,household,1189.62,0,32
2025-06-10,P009,household,628.0,0,14
2025-06-10,P010,household,505.3,0,41
2025-06-10,P011,cosmetics,1507.26,0,32
2025-06-10,P012,household,532.56,0,24
2025-06-11,P001,food,1311.24,0,28
2025-06-11,P002,cosmetics,507.85,0,13
2025-06-11,P003,food,774.0,0,56
2025-06-11,P004,cosmetics,994.53,0,14
2025-06-11,P005,food,1067.18,0,43
2025-06-11,P006,food,1305.04,0,13
2025-06-11,P007,household,1050.58,0,37
2025-06-11,P008,household,1151.09,0,29
2025-06-11,P009,household,632.15,0,20
2025-06-11,P010,household,506.97,0,24
2025-06-11,P011,cosmetics,1455.44,0,37
2025-06-11,P012,household,548.97,0,20
2025-06-12,P001,food,1310.67,0,35
2025-06-12,P002,cosmetics,514.73,0,10
2025-06-12,P003,food,764.52,0,50
2025-06-12,P004,cosmetics,987.63,0,21
2025-06-12,P005,food,1091.81,0,35
2025-06-12,P006,food,1022.46,1,19
2025-06-12,P007,household,1017.25,0,34
2025-06-12,P008,household,1154.87,0,25
2025-06-12,P009,household,629.28,0,12
2025-06-12,P010,household,497.88,0,39
2025-06-12,P011,cosmetics,1516.35,0,33
2025-06-12,P012,household,537.03,0,20
2025-06-13,P001,food,1307.05,0,26
2025-06-13,P002,cosmetics,510.86,0,10
2025-06-13,P003,food,781.49,0,51
2025-06-13,P004,cosmetics,986.81,0,17
2025-06-13,P005,food,1105.92,0,54
2025-06-13,P006,food,1016.91,1,24
2025-06-13,P007,household,1034.4,0,50
2025-06-13,P008,household,1176.42,0,35
2025-06-13,P009,household,562.9,1,29
2025-06-13,P010,household,500.23,0,31
2025-06-13,P011,cosmetics,1450.5,0,21
2025-06-13,P012,household,537.33,0,24
2025-06-14,P001,food,1309.28,0,34
2025-06-14,P002,cosmetics,511.13,0,18
2025-06-14,P003,food,785.4,0,46
2025-06-14,P004,cosmetics,990.7,0,26
2025-06-14,P005,food,1080.63,0,46
2025-06-14,P006,food,1036.2,1,32
2025-06-14,P007,household,1040.35,0,40
2025-06-14,P008,household,1163.54,0,46
2025-06-14,P009,household,559.66,1,19
2025-06-14,P010,household,500.09,0,46
2025-06-14,P011,cosmetics,1474.63,0,30
2025-06-14,P012,household,537.5,0,23
2025-06-15,P001,food,1305.9,0,29
2025-06-15,P002,cosmetics,517.34,0,19
2025-06-15,P003,food,776.03,0,48
2025-06-15,P004,cosmetics,988.51,0,28
2025-06-15,P005,food,1088.6,0,40
2025-06-15,P006,food,1018.53,1,32
2025-06-15,P007,household,890.3,1,75
2025-06-15,P008,household,1171.11,0,30
2025-06-15,P009,household,557.39,1,27
2025-06-15,P010,household,489.43,0,39
2025-06-15,P011,cosmetics,1451.41,0,27
2025-06-15,P012,household,538.79,0,18
2025-06-16,P001,food,1328.53,0,21
2025-06-16,P002,cosmetics,507.58,0,19
2025-06-16,P003,food,779.82,0,49
2025-06-16,P004,cosmetics,990.85,0,25
2025-06-16,P005,food,1085.94,0,38
2025-06-16,P006,food,1021.02,1,31
2025-06-16,P007,household,882.17,1,60
2025-06-16,P008,household,1166.21,0,25
2025-06-16,P009,household,552.58,1,36
2025-06-16,P010,household,499.24,0,38
2025-06-16,P011,cosmetics,1473.46,0,27
2025-06-16,P012,household,541.57,0,28
2025-06-17,P001,food,1300.9,0,39
2025-06-17,P002,cosmetics,508.9,0,13
2025-06-17,P003,food,772.98,0,57
2025-06-17,P004,cosmetics,987.52,0,17
2025-06-17,P005,food,1082.88,0,34
2025-06-17,P006,food,1006.25,1,24
2025-06-17,P007,household,878.96,1,65
2025-06-17,P008,household,1165.86,0,28
2025-06-17,P009,household,560.52,1,20
2025-06-17,P010,household,490.72,0,41
2025-06-17,P011,cosmetics,1483.39,0,35
2025-06-17,P012,household,536.71,0,17
2025-06-18,P001,food,1298.04,0,32
2025-06-18,P002,cosmetics,514.34,0,20
2025-06-18,P003,food,770.1,0,49
2025-06-18,P004,cosmetics,993.82,0,18
2025-06-18,P005,food,1093.0,0,37
2025-06-18,P006,food,1016.74,1,34
2025-06-18,P007,household,897.71,1,74
2025-06-18,P008,household,1163.97,0,31
2025-06-18,P009,household,559.69,1,22
2025-06-18,P010,household,494.93,0,40
2025-06-18,P011,cosmetics,1469.44,0,31
2025-06-18,P012,household,545.37,0,22
2025-06-19,P001,food,1292.23,0,22
2025-06-19,P002,cosmetics,518.53,0,17
2025-06-19,P003,food,784.64,0,53
2025-06-19,P004,cosmetics,969.48,0,15
2025-06-19,P005,food,1076.21,0,37
2025-06-19,P006,food,1022.23,1,17
2025-06-19,P007,household,1028.99,0,39
2025-06-19,P008,household,1169.62,0,19
2025-06-19,P009,household,553.58,1,14
2025-06-19,P010,household,501.43,0,33
2025-06-19,P011,cosmetics,1483.26,0,38
2025-06-19,P012,household,542.45,0,20
2025-06-20,P001,food,1288.6,0,29
2025-06-20,P002,cosmetics,519.91,0,15
2025-06-20,P003,food,779.68,0,71
2025-06-20,P004,cosmetics,984.22,0,15
2025-06-20,P005,food,1089.13,0,36
2025-06-20,P006,food,1314.43,0,9
2025-06-20,P007,household,1018.64,0,29
2025-06-20,P008,household,1175.02,0,36
2025-06-20,P009,household,562.39,1,18
2025-06-20,P010,household,496.18,0,38
2025-06-20,P011,cosmetics,1462.74,0,31
2025-06-20,P012,household,538.19,0,16
2025-06-21,P001,food,1285.83,0,36
2025-06-21,P002,cosmetics,510.13,0,19
2025-06-21,P003,food,780.48,0,60
2025-06-21,P004,cosmetics,971.87,0,24
2025-06-21,P005,food,1095.96,0,40
2025-06-21,P006,food,1312.94,0,25
2025-06-21,P007,household,1045.72,0,50
2025-06-21,P008,household,1186.37,0,37
2025-06-21,P009,household,637.19,0,11
2025-06-21,P010,household,501.24,0,44
2025-06-21,P011,cosmetics,1438.85,0,33
2025-06-21,P012,household,535.63,0,19
2025-06-22,P001,food,1290.46,0,45
2025-06-22,P002,cosmetics,518.36,0,18
2025-06-22,P003,food,788.34,0,54
2025-06-22,P004,cosmetics,988.24,0,25
2025-06-22,P005,food,1087.99,0,44
2025-06-22,P006,food,1323.66,0,21
2025-06-22,P007,household,1041.59,0,61
2025-06-22,P008,household,1165.16,0,32
2025-06-22,P009,household,625.06,0,17
2025-06-22,P010,household,502.22,0,31
2025-06-22,P011,cosmetics,1478.17,0,29
2025-06-22,P012,household,545.07,0,19
2025-06-23,P001,food,1301.12,0,15
2025-06-23,P002,cosmetics,509.52,0,13
2025-06-23,P003,food,768.48,0,51
2025-06-23,P004,cosmetics,1001.69,0,11
2025-06-23,P005,food,1079.43,0,48
2025-06-23,P006,food,1339.34,0,21
2025-06-23,P007,household,1035.63,0,38
2025-06-23,P008,household,1162.93,0,28
2025-06-23,P009,household,624.63,0,15
2025-06-23,P010,household,487.07,0,36
2025-06-23,P011,cosmetics,1469.42,0,35
2025-06-23,P012,household,538.35,0,26
2025-06-24,P001,food,1306.39,0,24
2025-06-24,P002,cosmetics,522.93,0,14
2025-06-24,P003,food,772.38,0,52
2025-06-24,P004,cosmetics,980.84,0,21
2025-06-24,P005,food,1101.57,0,39
2025-06-24,P006,food,1321.26,0,12
2025-06-24,P007,household,1027.35,0,36
2025-06-24,P008,household,1161.42,0,31
2025-06-24,P009,household,624.4,0,16
2025-06-24,P010,household,484.98,0,37
2025-06-24,P011,cosmetics,1461.92,0,35
2025-06-24,P012,household,532.52,0,18
2025-06-25,P001,food,1302.7,0,23
2025-06-25,P002,cosmetics,507.72,0,14
2025-06-25,P003,food,777.9,0,35
2025-06-25,P004,cosmetics,986.77,0,18
2025-06-25,P005,food,1098.3,0,38
2025-06-25,P006,food,1334.45,0,15
2025-06-25,P007,household,1035.66,0,40
2025-06-25,P008,household,1184.68,0,35
2025-06-25,P009,household,618.65,0,19
2025-06-25,P010,household,501.54,0,40
2025-06-25,P011,cosmetics,1462.94,0,26
2025-06-25,P012,household,544.73,0,19
2025-06-26,P001,food,1292.07,0,26
2025-06-26,P002,cosmetics,520.37,0,12
2025-06-26,P003,food,772.29,0,57
2025-06-26,P004,cosmetics,992.97,0,11
2025-06-26,P005,food,1078.98,0,42
2025-06-26,P006,food,1327.55,0,8
2025-06-26,P007,household,1049.44,0,36
2025-06-26,P008,household,1175.58,0,26
2025-06-26,P009,household,641.82,0,16
2025-06-26,P010,household,501.74,0,29
2025-06-26,P011,cosmetics,1474.94,0,28
2025-06-26,P012,household,535.31,0,20
2025-06-27,P001,food,1313.76,0,25
2025-06-27,P002,cosmetics,510.18,0,22
2025-06-27,P003,food,782.75,0,61
2025-06-27,P004,cosmetics,965.13,0,20
2025-06-27,P005,food,1076.23,0,49
2025-06-27,P006,food,1333.66,0,21
2025-06-27,P007,household,1020.09,0,35
2025-06-27,P008,household,1145.35,0,23
2025-06-27,P009,household,626.39,0,12
2025-06-27,P010,household,497.05,0,40
2025-06-27,P011,cosmetics,1457.0,0,29
2025-06-27,P012,household,543.91,0,27
2025-06-28,P001,food,1311.66,0,44
2025-06-28,P002,cosmetics,523.89,0,15
2025-06-28,P003,food,775.21,0,53
2025-06-28,P004,cosmetics,980.37,0,28
2025-06-28,P005,food,1079.96,0,44
2025-06-28,P006,food,1311.31,0,13
2025-06-28,P007,household,1020.62,0,37
2025-06-28,P008,household,1144.84,0,33
2025-06-28,P009,household,623.81,0,19
2025-06-28,P010,household,497.72,0,36
2025-06-28,P011,cosmetics,1171.34,1,48
2025-06-28,P012,household,525.66,0,22
2025-06-29,P001,food,1299.96,0,34
2025-06-29,P002,cosmetics,516.58,0,21
2025-06-29,P003,food,768.96,0,38
2025-06-29,P004,cosmetics,989.1,0,23
2025-06-29,P005,food,1096.28,0,25
2025-06-29,P006,food,1316.62,0,19
2025-06-29,P007,household,1030.33,0,56
2025-06-29,P008,household,1157.83,0,37
2025-06-29,P009,household,622.12,0,12
2025-06-29,P010,household,500.2,0,34
2025-06-29,P011,cosmetics,1180.83,1,54
2025-06-29,P012,household,537.23,0,32
2025-06-30,P001,food,1293.54,0,33
2025-06-30,P002,cosmetics,508.33,0,11
2025-06-30,P003,food,777.18,0,60
2025-06-30,P004,cosmetics,956.96,0,14
2025-06-30,P005,food,1093.34,0,36
2025-06-30,P006,food,1316.67,0,18
2025-06-30,P007,household,1036.56,0,36
2025-06-30,P008,household,1170.21,0,25
2025-06-30,P009,household,626.77,0,24
2025-06-30,P010,household,500.11,0,43
2025-06-30,P011,cosmetics,1191.0,1,47
2025-06-30,P012,household,545.48,0,24
2025-07-01,P001,food,1309.18,0,27
2025-07-01,P002,cosmetics,510.87,0,17
2025-07-01,P003,food,777.99,0,47
2025-07-01,P004,cosmetics,975.89,0,20
2025-07-01,P005,food,1098.95,0,43
2025-07-01,P006,food,1326.56,0,15
2025-07-01,P007,household,1031.69,0,37
2025-07-01,P008,household,1167.13,0,28
2025-07-01,P009,household,624.84,0,18
2025-07-01,P010,household,494.27,0,27
2025-07-01,P011,cosmetics,1183.35,1,60
2025-07-01,P012,household,539.25,0,18
2025-07-02,P001,food,1304.48,0,33
2025-07-02,P002,cosmetics,517.56,0,17
2025-07-02,P003,food,783.93,0,47
2025-07-02,P004,cosmetics,996.36,0,16
2025-07-02,P005,food,1086.78,0,44
2025-07-02,P006,food,1329.8,0,13
2025-07-02,P007,household,1043.5,0,39
2025-07-02,P008,household,1173.53,0,26
2025-07-02,P009,household,638.26,0,11
2025-07-02,P010,household,500.52,0,38
2025-07-02,P011,cosmetics,1168.85,1,49
2025-07-02,P012,household,542.45,0,22
2025-07-03,P001,food,1283.18,0,38
2025-07-03,P002,cosmetics,518.95,0,14
2025-07-03,P003,food,779.72,0,45
2025-07-03,P004,cosmetics,995.4,0,24
2025-07-03,P005,food,971.68,1,60
2025-07-03,P006,food,1321.0,0,18
2025-07-03,P007,household,1048.12,0,40
2025-07-03,P008,household,1165.48,0,26
2025-07-03,P009,household,621.35,0,10
2025-07-03,P010,household,494.06,0,30
2025-07-03,P011,cosmetics,1169.97,1,52
2025-07-03,P012,household,534.36,0,25
2025-07-04,P001,food,1301.15,0,19
2025-07-04,P002,cosmetics,513.18,0,13
2025-07-04,P003,food,780.25,0,44
2025-07-04,P004,cosmetics,989.2,0,12
2025-07-04,P005,food,989.76,1,71
2025-07-04,P006,food,1330.92,0,20
2025-07-04,P007,household,1039.73,0,35
2025-07-04,P008,household,1183.84,0,20
2025-07-04,P009,household,619.53,0,13
2025-07-04,P010,household,496.98,0,38
2025-07-04,P011,cosmetics,1162.29,1,61
2025-07-04,P012,household,541.1,0,21
2025-07-05,P001,food,1305.45,0,39
2025-07-05,P002,cosmetics,513.78,0,19
2025-07-05,P003,food,779.16,0,47
2025-07-05,P004,cosmetics,994.21,0,11
2025-07-05,P005,food,975.33,1,55
2025-07-05,P006,food,1311.92,0,26
2025-07-05,P007,household,1042.65,0,54
2025-07-05,P008,household,1176.54,0,38
2025-07-05,P009,household,632.68,0,13
2025-07-05,P010,household,496.77,0,35
2025-07-05,P011,cosmetics,1161.53,1,42
2025-07-05,P012,household,539.24,0,24
2025-07-06,P001,food,1290.32,0,41
2025-07-06,P002,cosmetics,517.44,0,28
2025-07-06,P003,food,775.21,0,45
2025-07-06,P004,cosmetics,987.63,0,24
2025-07-06,P005,food,982.58,1,58
2025-07-06,P006,food,1331.03,0,21
2025-07-06,P007,household,1039.66,0,33
2025-07-06,P008,household,1168.43,0,29
2025-07-06,P009,household,628.54,0,17
2025-07-06,P010,household,491.52,0,33
2025-07-06,P011,cosmetics,1177.14,1,54
2025-07-06,P012,household,540.53,0,20
2025-07-07,P001,food,1304.51,0,24
2025-07-07,P002,cosmetics,514.22,0,13
2025-07-07,P003,food,771.11,0,53
2025-07-07,P004,cosmetics,990.99,0,14
2025-07-07,P005,food,965.55,1,63
2025-07-07,P006,food,1332.75,0,15
2025-07-07,P007,household,1036.93,0,34
2025-07-07,P008,household,1180.9,0,30
2025-07-07,P009,household,627.81,0,19
2025-07-07,P010,household,492.09,0,39
2025-07-07,P011,cosmetics,1464.45,0,32
2025-07-07,P012,household,550.22,0,15
2025-07-08,P001,food,1283.09,0,24
2025-07-08,P002,cosmetics,506.9,0,20
2025-07-08,P003,food,778.91,0,62
2025-07-08,P004,cosmetics,982.4,0,16
2025-07-08,P005,food,1084.12,0,42
2025-07-08,P006,food,1328.29,0,10
2025-07-08,P007,household,1023.42,0,27
2025-07-08,P008,household,1148.27,0,31
2025-07-08,P009,household,632.73,0,18
2025-07-08,P010,household,506.85,0,30
2025-07-08,P011,cosmetics,1474.34,0,27
2025-07-08,P012,household,546.26,0,20
2025-07-09,P001,food,1319.43,0,26
2025-07-09,P002,cosmetics,509.37,0,7
2025-07-09,P003,food,774.08,0,58
2025-07-09,P004,cosmetics,986.65,0,19
2025-07-09,P005,food,1101.34,0,45
2025-07-09,P006,food,1321.12,0,16
2025-07-09,P007,household,1026.18,0,32
2025-07-09,P008,household,1166.53,0,19
2025-07-09,P009,household,630.07,0,24
2025-07-09,P010,household,491.35,0,31
2025-07-09,P011,cosmetics,1454.83,0,26
2025-07-09,P012,household,543.49,0,17
2025-07-10,P001,food,1318.29,0,26
2025-07-10,P002,cosmetics,514.75,0,18
2025-07-10,P003,food,789.79,0,63
2025-07-10,P004,cosmetics,979.28,0,20
2025-07-10,P005,food,1082.53,0,53
2025-07-10,P006,food,1328.76,0,16
2025-07-10,P007,household,1022.83,0,38
2025-07-10,P008,household,1169.13,0,15
2025-07-10,P009,household,628.92,0,15
2025-07-10,P010,household,497.61,0,45
2025-07-10,P011,cosmetics,1489.1,0,28
2025-07-10,P012,household,543.56,0,19
2025-07-11,P001,food,1021.19,1,51
2025-07-11,P002,cosmetics,519.79,0,12
2025-07-11,P003,food,787.09,0,50
2025-07-11,P004,cosmetics,997.96,0,22
2025-07-11,P005,food,1099.22,0,43
2025-07-11,P006,food,1307.55,0,14
2025-07-11,P007,household,1035.3,0,40
2025-07-11,P008,household,1174.55,0,30
2025-07-11,P009,household,620.37,0,17
2025-07-11,P010,household,498.65,0,30
2025-07-11,P011,cosmetics,1464.23,0,37
2025-07-11,P012,household,534.32,0,22
2025-07-12,P001,food,1027.5,1,54
2025-07-12,P002,cosmetics,521.85,0,17
2025-07-12,P003,food,781.58,0,59
2025-07-12,P004,cosmetics,1000.51,0,12
2025-07-12,P005,food,1064.92,0,40
2025-07-12,P006,food,1321.97,0,26
2025-07-12,P007,household,1039.24,0,49
2025-07-12,P008,household,1147.5,0,40
2025-07-12,P009,household,618.72,0,12
2025-07-12,P010,household,495.51,0,41
2025-07-12,P011,cosmetics,1484.95,0,32
2025-07-12,P012,household,536.68,0,30
2025-07-13,P001,food,999.1,1,53
2025-07-13,P002,cosmetics,517.55,0,22
2025-07-13,P003,food,779.61,0,45
2025-07-13,P004,cosmetics,999.11,0,26
2025-07-13,P005,food,1084.24,0,35
2025-07-13,P006,food,1323.31,0,28
2025-07-13,P007,household,1021.81,0,45
2025-07-13,P008,household,1164.48,0,21
2025-07-13,P009,household,624.8,0,16
2025-07-13,P010,household,499.11,0,37
2025-07-13,P011,cosmetics,1458.63,0,30
2025-07-13,P012,household,530.96,0,20
2025-07-14,P001,food,1011.94,1,52
2025-07-14,P002,cosmetics,515.02,0,10
2025-07-14,P003,food,775.99,0,58
2025-07-14,P004,cosmetics,981.49,0,16
2025-07-14,P005,food,1088.47,0,37
2025-07-14,P006,food,1301.81,0,17
2025-07-14,P007,household,1037.59,0,36
2025-07-14,P008,household,1172.2,0,25
2025-07-14,P009,household,622.39,0,12
2025-07-14,P010,household,497.41,0,38
2025-07-14,P011,cosmetics,1457.85,0,30
2025-07-14,P012,household,532.38,0,23
2025-07-15,P001,food,1020.77,1,58
2025-07-15,P002,cosmetics,517.39,0,16
2025-07-15,P003,food,766.87,0,57
2025-07-15,P004,cosmetics,976.11,0,13
2025-07-15,P005,food,1109.34,0,45
2025-07-15,P006,food,1325.61,0,20
2025-07-15,P007,household,1027.76,0,36
2025-07-15,P008,household,1173.1,0,30
2025-07-15,P009,household,630.91,0,7
2025-07-15,P010,household,491.46,0,33
2025-07-15,P011,cosmetics,1488.47,0,24
2025-07-15,P012,household,534.44,0,25
2025-07-16,P001,food,1012.8,1,42
2025-07-16,P002,cosmetics,510.12,0,16
2025-07-16,P003,food,774.99,0,58
2025-07-16,P004,cosmetics,998.1,0,24
2025-07-16,P005,food,969.29,1,66
2025-07-16,P006,food,1302.87,0,19
2025-07-16,P007,household,1025.75,0,33
2025-07-16,P008,household,1181.37,0,18
2025-07-16,P009,household,617.89,0,14
2025-07-16,P010,household,498.44,0,44
2025-07-16,P011,cosmetics,1459.77,0,29
2025-07-16,P012,household,539.07,0,17
2025-07-17,P001,food,1311.34,0,29
2025-07-17,P002,cosmetics,512.76,0,17
2025-07-17,P003,food,777.46,0,39
2025-07-17,P004,cosmetics,990.87,0,16
2025-07-17,P005,food,987.33,1,57
2025-07-17,P006,food,1313.7,0,21
2025-07-17,P007,household,1030.35,0,34
2025-07-17,P008,household,1176.42,0,30
2025-07-17,P009,household,626.4,0,22
2025-07-17,P010,household,493.08,0,43
2025-07-17,P011,cosmetics,1445.93,0,30
2025-07-17,P012,household,532.62,0,24
2025-07-18,P001,food,1328.04,0,36
2025-07-18,P002,cosmetics,509.31,0,24
2025-07-18,P003,food,778.45,0,68
2025-07-18,P004,cosmetics,988.75,0,17
2025-07-18,P005,food,991.12,1,62
2025-07-18,P006,food,1319.87,0,21
2025-07-18,P007,household,1025.22,0,37
2025-07-18,P008,household,1166.81,0,22
2025-07-18,P009,household,628.12,0,17
2025-07-18,P010,household,504.41,0,26
2025-07-18,P011,cosmetics,1453.69,0,32
2025-07-18,P012,household,539.01,0,25
2025-07-19,P001,food,1286.72,0,35
2025-07-19,P002,cosmetics,507.13,0,21
2025-07-19,P003,food,780.32,0,60
2025-07-19,P004,cosmetics,979.27,0,22
2025-07-19,P005,food,973.68,1,59
2025-07-19,P006,food,1309.71,0,25
2025-07-19,P007,household,1043.13,0,50
2025-07-19,P008,household,1175.4,0,32
2025-07-19,P009,household,628.96,0,10
2025-07-19,P010,household,497.9,0,44
2025-07-19,P011,cosmetics,1481.55,0,38
2025-07-19,P012,household,538.39,0,14
2025-07-20,P001,food,1291.13,0,22
2025-07-20,P002,cosmetics,425.64,1,37
2025-07-20,P003,food,783.82,0,36
2025-07-20,P004,cosmetics,989.71,0,18
2025-07-20,P005,food,977.09,1,61
2025-07-20,P006,food,1320.44,0,21
2025-07-20,P007,household,1035.09,0,40
2025-07-20,P008,household,1165.17,0,40
2025-07-20,P009,household,631.72,0,10
2025-07-20,P010,household,492.3,0,26
2025-07-20,P011,cosmetics,1480.14,0,28
2025-07-20,P012,household,533.11,0,22
2025-07-21,P001,food,1305.1,0,33
2025-07-21,P002,cosmetics,425.02,1,25
2025-07-21,P003,food,771.29,0,59
2025-07-21,P004,cosmetics,974.82,0,17
2025-07-21,P005,food,982.14,1,79
2025-07-21,P006,food,1320.23,0,20
2025-07-21,P007,household,1045.29,0,37
2025-07-21,P008,household,1169.24,0,24
2025-07-21,P009,household,627.16,0,13
2025-07-21,P010,household,497.47,0,39
2025-07-21,P011,cosmetics,1457.77,0,26
2025-07-21,P012,household,547.45,0,24
2025-07-22,P001,food,1323.01,0,27
2025-07-22,P002,cosmetics,427.15,1,30
2025-07-22,P003,food,771.36,0,53
2025-07-22,P004,cosmetics,991.76,0,28
2025-07-22,P005,food,966.22,1,74
2025-07-22,P006,food,1308.53,0,12
2025-07-22,P007,household,1032.24,0,28
2025-07-22,P008,household,1176.8,0,25
2025-07-22,P009,household,625.01,0,17
2025-07-22,P010,household,491.19,0,33
2025-07-22,P011,cosmetics,1459.69,0,28
2025-07-22,P012,household,532.08,0,22
2025-07-23,P001,food,1286.12,0,31
2025-07-23,P002,cosmetics,426.54,1,32
2025-07-23,P003,food,787.94,0,68
2025-07-23,P004,cosmetics,999.1,0,13
2025-07-23,P005,food,1085.37,0,43
2025-07-23,P006,food,1326.84,0,22
2025-07-23,P007,household,1032.63,0,27
2025-07-23,P008,household,1167.0,0,37
2025-07-23,P009,household,637.04,0,9
2025-07-23,P010,household,497.05,0,40
2025-07-23,P011,cosmetics,1478.85,0,26
2025-07-23,P012,household,545.25,0,22
2025-07-24,P001,food,1305.28,0,22
2025-07-24,P002,cosmetics,425.26,1,27
2025-07-24,P003,food,782.66,0,50
2025-07-24,P004,cosmetics,826.72,1,29
2025-07-24,P005,food,1104.25,0,37
2025-07-24,P006,food,1309.27,0,13
2025-07-24,P007,household,1056.26,0,37
2025-07-24,P008,household,1171.75,0,28
2025-07-24,P009,household,627.2,0,9
2025-07-24,P010,household,494.66,0,29
2025-07-24,P011,cosmetics,1488.3,0,34
2025-07-24,P012,household,527.07,0,13
2025-07-25,P001,food,1325.75,0,28
2025-07-25,P002,cosmetics,426.59,1,28
2025-07-25,P003,food,773.63,0,62
2025-07-25,P004,cosmetics,819.21,1,28
2025-07-25,P005,food,1096.03,0,39
2025-07-25,P006,food,1349.54,0,17
2025-07-25,P007,household,1020.01,0,35
2025-07-25,P008,household,1178.75,0,30
2025-07-25,P009,household,638.14,0,6
2025-07-25,P010,household,491.68,0,34
2025-07-25,P011,cosmetics,1467.96,0,30
2025-07-25,P012,household,538.46,0,21
2025-07-26,P001,food,1280.53,0,33
2025-07-26,P002,cosmetics,424.05,1,26
2025-07-26,P003,food,775.84,0,56
2025-07-26,P004,cosmetics,802.21,1,33
2025-07-26,P005,food,1088.63,0,42
2025-07-26,P006,food,1317.91,0,26
2025-07-26,P007,household,1050.15,0,54
2025-07-26,P008,household,1175.84,0,33
2025-07-26,P009,household,627.17,0,15
2025-07-26,P010,household,491.61,0,31
2025-07-26,P011,cosmetics,1477.11,0,29
2025-07-26,P012,household,532.76,0,27
2025-07-27,P001,food,1285.36,0,33
2025-07-27,P002,cosmetics,515.67,0,13
2025-07-27,P003,food,775.87,0,58
2025-07-27,P004,cosmetics,987.46,0,25
2025-07-27,P005,food,1091.57,0,44
2025-07-27,P006,food,1303.9,0,25
2025-07-27,P007,household,1053.99,0,36
2025-07-27,P008,household,1181.93,0,33
2025-07-27,P009,household,629.11,0,11
2025-07-27,P010,household,507.85,0,39
2025-07-27,P011,cosmetics,1481.8,0,18
2025-07-27,P012,household,535.69,0,15
2025-07-28,P001,food,1296.52,0,27
2025-07-28,P002,cosmetics,509.82,0,19
2025-07-28,P003,food,776.91,0,44
2025-07-28,P004,cosmetics,1006.6,0,12
2025-07-28,P005,food,1096.67,0,43
2025-07-28,P006,food,1306.36,0,16
2025-07-28,P007,household,1044.78,0,35
2025-07-28,P008,household,979.2,1,39
2025-07-28,P009,household,628.34,0,16
2025-07-28,P010,household,496.23,0,43
2025-07-28,P011,cosmetics,1500.59,0,22
2025-07-28,P012,household,548.98,0,14
2025-07-29,P001,food,1295.26,0,19
2025-07-29,P002,cosmetics,515.45,0,22
2025-07-29,P003,food,780.34,0,68
2025-07-29,P004,cosmetics,976.95,0,11
2025-07-29,P005,food,1098.76,0,45
2025-07-29,P006,food,1334.49,0,10
2025-07-29,P007,household,1033.41,0,28
2025-07-29,P008,household,963.64,1,29
2025-07-29,P009,household,630.67,0,10
2025-07-29,P010,household,493.64,0,33
2025-07-29,P011,cosmetics,1451.99,0,29
2025-07-29,P012,household,537.35,0,24
2025-07-30,P001,food,1312.62,0,24
2025-07-30,P002,cosmetics,516.98,0,20
2025-07-30,P003,food,796.36,0,45
2025-07-30,P004,cosmetics,984.93,0,18
2025-07-30,P005,food,1084.27,0,39
2025-07-30,P006,food,1313.95,0,15
2025-07-30,P007,household,1051.63,0,33
2025-07-30,P008,household,952.5,1,39
2025-07-30,P009,household,626.57,0,24
2025-07-30,P010,household,492.78,0,26
2025-07-30,P011,cosmetics,1459.14,0,25
2025-07-30,P012,household,533.27,0,26
2025-07-31,P001,food,1305.18,0,26
2025-07-31,P002,cosmetics,510.11,0,19
2025-07-31,P003,food,778.14,0,49
2025-07-31,P004,cosmetics,999.44,0,17
2025-07-31,P005,food,1107.07,0,37
2025-07-31,P006,food,1301.36,0,23
2025-07-31,P007,household,1033.5,0,31
2025-07-31,P008,household,961.81,1,45
2025-07-31,P009,household,629.82,0,22
2025-07-31,P010,household,498.11,0,33
2025-07-31,P011,cosmetics,1461.53,0,30
2025-07-31,P012,household,541.85,0,18
2025-08-01,P001,food,1278.93,0,23
2025-08-01,P002,cosmetics,424.45,1,42
2025-08-01,P003,food,781.82,0,51
2025-08-01,P004,cosmetics,991.59,0,17
2025-08-01,P005,food,1104.69,0,37
2025-08-01,P006,food,1330.61,0,24
2025-08-01,P007,household,1029.52,0,31
2025-08-01,P008,household,961.4,1,56
2025-08-01,P009,household,638.84,0,7
2025-08-01,P010,household,492.61,0,35
2025-08-01,P011,cosmetics,1481.12,0,23
2025-08-01,P012,household,537.3,0,20
2025-08-02,P001,food,1308.75,0,28
2025-08-02,P002,cosmetics,421.58,1,31
2025-08-02,P003,food,763.57,0,45
2025-08-02,P004,cosmetics,1009.95,0,30
2025-08-02,P005,food,1097.72,0,49
2025-08-02,P006,food,1313.87,0,28
2025-08-02,P007,household,1032.81,0,31
2025-08-02,P008,household,962.79,1,55
2025-08-02,P009,household,635.81,0,16
2025-08-02,P010,household,490.35,0,28
2025-08-02,P011,cosmetics,1465.27,0,36
2025-08-02,P012,household,540.03,0,23
2025-08-03,P001,food,1294.52,0,22
2025-08-03,P002,cosmetics,421.99,1,37
2025-08-03,P003,food,772.9,0,56
2025-08-03,P004,cosmetics,978.29,0,21
2025-08-03,P005,food,1081.14,0,37
2025-08-03,P006,food,1327.97,0,21
2025-08-03,P007,household,1030.92,0,49
2025-08-03,P008,household,1184.98,0,26
2025-08-03,P009,household,635.85,0,13
2025-08-03,P010,household,495.62,0,34
2025-08-03,P011,cosmetics,1473.55,0,23
2025-08-03,P012,household,534.29,0,23
2025-08-04,P001,food,1318.63,0,29
2025-08-04,P002,cosmetics,419.46,1,34
2025-08-04,P003,food,786.21,0,59
2025-08-04,P004,cosmetics,975.76,0,21
2025-08-04,P005,food,1079.21,0,43
2025-08-04,P006,food,1331.69,0,24
2025-08-04,P007,household,1027.02,0,35
2025-08-04,P008,household,1147.86,0,30
2025-08-04,P009,household,620.77,0,15
2025-08-04,P010,household,495.58,0,36
2025-08-04,P011,cosmetics,1470.76,0,30
2025-08-04,P012,household,534.56,0,23
2025-08-05,P001,food,1293.87,0,30
2025-08-05,P002,cosmetics,520.05,0,13
2025-08-05,P003,food,779.79,0,56
2025-08-05,P004,cosmetics,997.58,0,24
2025-08-05,P005,food,1086.77,0,41
2025-08-05,P006,food,1023.22,1,21
2025-08-05,P007,household,1048.34,0,28
2025-08-05,P008,household,1185.2,0,23
2025-08-05,P009,household,621.79,0,14
2025-08-05,P010,household,493.71,0,24
2025-08-05,P011,cosmetics,1468.99,0,28
2025-08-05,P012,household,534.97,0,22
2025-08-06,P001,food,1293.75,0,39
2025-08-06,P002,cosmetics,519.02,0,16
2025-08-06,P003,food,742.58,0,58
2025-08-06,P004,cosmetics,973.73,0,22
2025-08-06,P005,food,1091.0,0,42
2025-08-06,P006,food,1044.87,1,27
2025-08-06,P007,household,1028.82,0,25
2025-08-06,P008,household,1189.13,0,22
2025-08-06,P009,household,630.58,0,12
2025-08-06,P010,household,491.36,0,29
2025-08-06,P011,cosmetics,1470.54,0,28
2025-08-06,P012,household,543.53,0,21
2025-08-07,P001,food,1309.08,0,34
2025-08-07,P002,cosmetics,516.31,0,20
2025-08-07,P003,food,781.9,0,63
2025-08-07,P004,cosmetics,983.57,0,14
2025-08-07,P005,food,1071.05,0,46
2025-08-07,P006,food,1002.82,1,24
2025-08-07,P007,household,1036.53,0,32
2025-08-07,P008,household,1174.16,0,16
2025-08-07,P009,household,634.06,0,13
2025-08-07,P010,household,493.84,0,28
2025-08-07,P011,cosmetics,1484.1,0,37
2025-08-07,P012,household,538.0,0,17
2025-08-08,P001,food,1311.97,0,24
2025-08-08,P002,cosmetics,523.68,0,18
2025-08-08,P003,food,791.57,0,53
2025-08-08,P004,cosmetics,984.86,0,15
2025-08-08,P005,food,1095.73,0,49
2025-08-08,P006,food,1012.07,1,24
2025-08-08,P007,household,1021.87,0,34
2025-08-08,P008,household,1174.44,0,27
2025-08-08,P009,household,625.95,0,11
2025-08-08,P010,household,493.45,0,32
2025-08-08,P011,cosmetics,1454.71,0,33
2025-08-08,P012,household,533.57,0,21
2025-08-09,P001,food,1307.87,0,33
2025-08-09,P002,cosmetics,512.58,0,23
2025-08-09,P003,food,761.17,0,49
2025-08-09,P004,cosmetics,995.72,0,28
2025-08-09,P005,food,1104.37,0,41
2025-08-09,P006,food,1017.81,1,30
2025-08-09,P007,household,1037.15,0,41
2025-08-09,P008,household,1164.7,0,41
2025-08-09,P009,household,624.82,0,10
2025-08-09,P010,household,492.76,0,46
2025-08-09,P011,cosmetics,1466.79,0,24
2025-08-09,P012,household,540.09,0,18
2025-08-10,P001,food,1280.09,0,22
2025-08-10,P002,cosmetics,529.12,0,23
2025-08-10,P003,food,788.47,0,55
2025-08-10,P004,cosmetics,991.57,0,20
2025-08-10,P005,food,1096.62,0,27
2025-08-10,P006,food,1043.49,1,33
2025-08-10,P007,household,1024.85,0,47
2025-08-10,P008,household,1167.6,0,39
2025-08-10,P009,household,637.98,0,13
2025-08-10,P010,household,497.15,0,25
2025-08-10,P011,cosmetics,1451.11,0,30
2025-08-10,P012,household,539.65,0,26
2025-08-11,P001,food,1309.04,0,23
2025-08-11,P002,cosmetics,512.38,0,25
2025-08-11,P003,food,755.14,0,54
2025-08-11,P004,cosmetics,990.02,0,11
2025-08-11,P005,food,1082.96,0,42
2025-08-11,P006,food,1038.77,1,25
2025-08-11,P007,household,1024.6,0,35
2025-08-11,P008,household,1175.67,0,26
2025-08-11,P009,household,633.53,0,7
2025-08-11,P010,household,506.81,0,35
2025-08-11,P011,cosmetics,1472.29,0,25
2025-08-11,P012,household,542.32,0,25
2025-08-12,P001,food,1288.57,0,22
2025-08-12,P002,cosmetics,514.86,0,17
2025-08-12,P003,food,783.95,0,70
2025-08-12,P004,cosmetics,981.55,0,15
2025-08-12,P005,food,1081.67,0,42
2025-08-12,P006,food,1033.57,1,20
2025-08-12,P007,household,1035.7,0,30
2025-08-12,P008,household,1174.92,0,36
2025-08-12,P009,household,635.87,0,17
2025-08-12,P010,household,502.38,0,25
2025-08-12,P011,cosmetics,1466.09,0,24
2025-08-12,P012,household,536.62,0,21
2025-08-13,P001,food,1305.1,0,29
2025-08-13,P002,cosmetics,511.5,0,18
2025-08-13,P003,food,776.6,0,55
2025-08-13,P004,cosmetics,997.49,0,22
2025-08-13,P005,food,1093.61,0,46
2025-08-13,P006,food,1012.32,1,32
2025-08-13,P007,household,1047.79,0,39
2025-08-13,P008,household,1175.94,0,25
2025-08-13,P009,household,626.43,0,18
2025-08-13,P010,household,505.4,0,31
2025-08-13,P011,cosmetics,1484.67,0,24
2025-08-13,P012,household,538.8,0,23
2025-08-14,P001,food,1283.5,0,25
2025-08-14,P002,cosmetics,515.46,0,14
2025-08-14,P003,food,758.42,0,57
2025-08-14,P004,cosmetics,1025.19,0,20
2025-08-14,P005,food,979.25,1,69
2025-08-14,P006,food,1310.41,0,16
2025-08-14,P007,household,1041.4,0,33
2025-08-14,P008,household,1174.84,0,33
2025-08-14,P009,household,625.94,0,13
2025-08-14,P010,household,492.96,0,29
2025-08-14,P011,cosmetics,1468.9,0,25
2025-08-14,P012,household,541.5,0,17
2025-08-15,P001,food,1028.34,1,55
2025-08-15,P002,cosmetics,517.84,0,20
2025-08-15,P003,food,780.13,0,67
2025-08-15,P004,cosmetics,992.32,0,24
2025-08-15,P005,food,985.1,1,59
2025-08-15,P006,food,1308.42,0,16
2025-08-15,P007,household,1042.11,0,35
2025-08-15,P008,household,1178.01,0,32
2025-08-15,P009,household,635.18,0,11
2025-08-15,P010,household,504.08,0,35
2025-08-15,P011,cosmetics,1462.45,0,24
2025-08-15,P012,household,533.78,0,17
2025-08-16,P001,food,1015.52,1,60
2025-08-16,P002,cosmetics,512.96,0,21
2025-08-16,P003,food,785.61,0,56
2025-08-16,P004,cosmetics,986.49,0,22
2025-08-16,P005,food,986.65,1,62
2025-08-16,P006,food,1309.01,0,26
2025-08-16,P007,household,1035.49,0,30
2025-08-16,P008,household,1176.71,0,39
2025-08-16,P009,household,627.56,0,15
2025-08-16,P010,household,496.9,0,30
2025-08-16,P011,cosmetics,1465.34,0,21
2025-08-16,P012,household,544.0,0,14
2025-08-17,P001,food,1010.64,1,67
2025-08-17,P002,cosmetics,522.67,0,20
2025-08-17,P003,food,779.5,0,64
2025-08-17,P004,cosmetics,972.72,0,30
2025-08-17,P005,food,1102.24,0,34
2025-08-17,P006,food,1339.04,0,26
2025-08-17,P007,household,1033.36,0,49
2025-08-17,P008,household,1155.56,0,43
2025-08-17,P009,household,625.37,0,17
2025-08-17,P010,household,500.67,0,34
2025-08-17,P011,cosmetics,1494.28,0,29
2025-08-17,P012,household,539.31,0,28
2025-08-18,P001,food,1031.08,1,47
2025-08-18,P002,cosmetics,514.78,0,24
2025-08-18,P003,food,781.21,0,56
2025-08-18,P004,cosmetics,979.23,0,22
2025-08-18,P005,food,1077.99,0,46
2025-08-18,P006,food,1316.13,0,14
2025-08-18,P007,household,1045.04,0,24
2025-08-18,P008,household,1177.24,0,16
2025-08-18,P009,household,623.47,0,21
2025-08-18,P010,household,498.05,0,24
2025-08-18,P011,cosmetics,1445.9,0,26
2025-08-18,P012,household,533.29,0,17
2025-08-19,P001,food,1026.25,1,38
2025-08-19,P002,cosmetics,514.94,0,15
2025-08-19,P003,food,773.47,0,69
2025-08-19,P004,cosmetics,983.41,0,25
2025-08-19,P005,food,1092.75,0,58
2025-08-19,P006,food,1317.88,0,19
2025-08-19,P007,household,1031.0,0,32
2025-08-19,P008,household,1189.22,0,31
2025-08-19,P009,household,625.99,0,9
2025-08-19,P010,household,494.07,0,28
2025-08-19,P011,cosmetics,1459.75,0,33
2025-08-19,P012,household,533.25,0,23
2025-08-20,P001,food,1017.49,1,40
2025-08-20,P002,cosmetics,508.88,0,21
2025-08-20,P003,food,762.21,0,53
2025-08-20,P004,cosmetics,980.24,0,13
2025-08-20,P005,food,1086.37,0,36
2025-08-20,P006,food,1329.57,0,23
2025-08-20,P007,household,1045.49,0,25
2025-08-20,P008,household,1167.21,0,31
2025-08-20,P009,household,634.72,0,7
2025-08-20,P010,household,499.34,0,33
2025-08-20,P011,cosmetics,1469.5,0,19
2025-08-20,P012,household,538.69,0,26
2025-08-21,P001,food,1038.63,1,48
2025-08-21,P002,cosmetics,515.7,0,22
2025-08-21,P003,food,782.04,0,40
2025-08-21,P004,cosmetics,985.35,0,18
2025-08-21,P005,food,1089.26,0,39
2025-08-21,P006,food,1297.4,0,13
2025-08-21,P007,household,1049.65,0,20
2025-08-21,P008,household,1185.03,0,21
2025-08-21,P009,household,619.71,0,13
2025-08-21,P010,household,498.18,0,27
2025-08-21,P011,cosmetics,1459.62,0,22
2025-08-21,P012,household,536.26,0,25
2025-08-22,P001,food,1296.3,0,34
2025-08-22,P002,cosmetics,512.86,0,16
2025-08-22,P003,food,790.26,0,57
2025-08-22,P004,cosmetics,1003.03,0,20
2025-08-22,P005,food,1099.76,0,42
2025-08-22,P006,food,1320.04,0,22
2025-08-22,P007,household,1028.11,0,38
2025-08-22,P008,household,1156.81,0,25
2025-08-22,P009,household,633.17,0,11
2025-08-22,P010,household,487.01,0,29
2025-08-22,P011,cosmetics,1172.69,1,47
2025-08-22,P012,household,543.29,0,19
2025-08-23,P001,food,1302.46,0,34
2025-08-23,P002,cosmetics,510.42,0,21
2025-08-23,P003,food,785.44,0,52
2025-08-23,P004,cosmetics,997.8,0,27
2025-08-23,P005,food,1100.95,0,48
2025-08-23,P006,food,1304.88,0,28
2025-08-23,P007,household,1029.64,0,42
2025-08-23,P008,household,1167.18,0,33
2025-08-23,P009,household,624.76,0,18
2025-08-23,P010,household,495.16,0,36
2025-08-23,P011,cosmetics,1166.3,1,36
2025-08-23,P012,household,537.68,0,24
2025-08-24,P001,food,1305.54,0,27
2025-08-24,P002,cosmetics,509.56,0,20
2025-08-24,P003,food,601.35,1,78
2025-08-24,P004,cosmetics,983.95,0,29
2025-08-24,P005,food,1105.58,0,40
2025-08-24,P006,food,1315.47,0,20
2025-08-24,P007,household,1031.18,0,33
2025-08-24,P008,household,1160.04,0,44
2025-08-24,P009,household,557.96,1,17
2025-08-24,P010,household,500.1,0,24
2025-08-24,P011,cosmetics,1169.95,1,50
2025-08-24,P012,household,540.86,0,31
2025-08-25,P001,food,1293.97,0,29
2025-08-25,P002,cosmetics,435.56,1,32
2025-08-25,P003,food,604.26,1,99
2025-08-25,P004,cosmetics,973.6,0,15
2025-08-25,P005,food,1094.98,0,41
2025-08-25,P006,food,1311.61,0,16
2025-08-25,P007,household,1021.63,0,29
2025-08-25,P008,household,1183.63,0,32
2025-08-25,P009,household,558.32,1,8
2025-08-25,P010,household,497.15,0,26
2025-08-25,P011,cosmetics,1168.33,1,53
2025-08-25,P012,household,534.65,0,28
2025-08-26,P001,food,1308.17,0,21
2025-08-26,P002,cosmetics,423.11,1,36
2025-08-26,P003,food,608.36,1,93
2025-08-26,P004,cosmetics,998.69,0,15
2025-08-26,P005,food,1089.14,0,46
2025-08-26,P006,food,1310.93,0,11
2025-08-26,P007,household,1031.97,0,40
2025-08-26,P008,household,1186.68,0,30
2025-08-26,P009,household,557.9,1,18
2025-08-26,P010,household,498.1,0,31
2025-08-26,P011,cosmetics,1467.45,0,22
2025-08-26,P012,household,539.1,0,18
2025-08-27,P001,food,1295.09,0,30
2025-08-27,P002,cosmetics,418.05,1,35
2025-08-27,P003,food,603.78,1,85
2025-08-27,P004,cosmetics,985.03,0,17
2025-08-27,P005,food,1087.58,0,37
2025-08-27,P006,food,1322.33,0,18
2025-08-27,P007,household,1050.33,0,41
2025-08-27,P008,household,1166.37,0,35
2025-08-27,P009,household,557.53,1,17
2025-08-27,P010,household,492.05,0,46
2025-08-27,P011,cosmetics,1450.0,0,25
2025-08-27,P012,household,546.32,0,31
2025-08-28,P001,food,1296.68,0,19
2025-08-28,P002,cosmetics,421.27,1,23
2025-08-28,P003,food,613.82,1,100
2025-08-28,P004,cosmetics,968.5,0,24
2025-08-28,P005,food,1071.42,0,36
2025-08-28,P006,food,1322.27,0,10
2025-08-28,P007,household,881.22,1,35
2025-08-28,P008,household,1181.2,0,32
2025-08-28,P009,household,556.65,1,18
2025-08-28,P010,household,497.05,0,27
2025-08-28,P011,cosmetics,1471.55,0,32
2025-08-28,P012,household,538.42,0,25
2025-08-29,P001,food,1319.78,0,31
2025-08-29,P002,cosmetics,424.01,1,43
2025-08-29,P003,food,615.96,1,105
2025-08-29,P004,cosmetics,992.53,0,18
2025-08-29,P005,food,1104.94,0,44
2025-08-29,P006,food,1316.45,0,17
2025-08-29,P007,household,902.33,1,54
2025-08-29,P008,household,1186.8,0,26
2025-08-29,P009,household,555.94,1,16
2025-08-29,P010,household,495.3,0,32
2025-08-29,P011,cosmetics,1443.06,0,34
2025-08-29,P012,household,536.24,0,21
2025-08-30,P001,food,1288.49,0,36
2025-08-30,P002,cosmetics,426.55,1,41
2025-08-30,P003,food,604.77,1,75
2025-08-30,P004,cosmetics,995.62,0,11
2025-08-30,P005,food,1086.83,0,39
2025-08-30,P006,food,1324.24,0,28
2025-08-30,P007,household,886.67,1,56
2025-08-30,P008,household,1167.14,0,34
2025-08-30,P009,household,566.51,1,20
2025-08-30,P010,household,494.77,0,33
2025-08-30,P011,cosmetics,1459.1,0,24
2025-08-30,P012,household,534.56,0,21
2025-08-31,P001,food,1270.62,0,30
2025-08-31,P002,cosmetics,426.58,1,35
2025-08-31,P003,food,782.7,0,66
2025-08-31,P004,cosmetics,961.6,0,24
2025-08-31,P005,food,1095.85,0,47
2025-08-31,P006,food,1307.89,0,22
2025-08-31,P007,household,909.36,1,58
2025-08-31,P008,household,1169.04,0,38
2025-08-31,P009,household,559.27,1,22
2025-08-31,P010,household,492.41,0,41
2025-08-31,P011,cosmetics,1476.15,0,31
2025-08-31,P012,household,539.12,0,28
2025-09-01,P001,food,1323.01,0,14
2025-09-01,P002,cosmetics,517.02,0,23
2025-09-01,P003,food,781.34,0,65
2025-09-01,P004,cosmetics,977.39,0,21
2025-09-01,P005,food,1097.74,0,46
2025-09-01,P006,food,1328.34,0,17
2025-09-01,P007,household,884.46,1,41
2025-09-01,P008,household,1176.09,0,28
2025-09-01,P009,household,628.42,0,10
2025-09-01,P010,household,500.31,0,33
2025-09-01,P011,cosmetics,1486.44,0,24
2025-09-01,P012,household,546.82,0,20
2025-09-02,P001,food,1335.23,0,30
2025-09-02,P002,cosmetics,510.24,0,22
2025-09-02,P003,food,772.41,0,65
2025-09-02,P004,cosmetics,984.42,0,15
2025-09-02,P005,food,1076.76,0,52
2025-09-02,P006,food,1316.63,0,8
2025-09-02,P007,household,889.25,1,47
2025-09-02,P008,household,1157.69,0,30
2025-09-02,P009,household,625.16,0,16
2025-09-02,P010,household,497.49,0,32
2025-09-02,P011,cosmetics,1503.48,0,31
2025-09-02,P012,household,531.87,0,24
2025-09-03,P001,food,1296.76,0,27
2025-09-03,P002,cosmetics,515.3,0,12
2025-09-03,P003,food,775.33,0,48
2025-09-03,P004,cosmetics,992.75,0,15
2025-09-03,P005,food,1080.27,0,41
2025-09-03,P006,food,1312.97,0,12
2025-09-03,P007,household,882.42,1,39
2025-09-03,P008,household,1168.81,0,17
2025-09-03,P009,household,626.65,0,12
2025-09-03,P010,household,496.99,0,41
2025-09-03,P011,cosmetics,1462.68,0,29
2025-09-03,P012,household,538.95,0,16
2025-09-04,P001,food,1276.82,0,25
2025-09-04,P002,cosmetics,509.05,0,14
2025-09-04,P003,food,761.53,0,77
2025-09-04,P004,cosmetics,980.43,0,15
2025-09-04,P005,food,1107.2,0,39
2025-09-04,P006,food,1308.86,0,18
2025-09-04,P007,household,884.4,1,47
2025-09-04,P008,household,1192.54,0,30
2025-09-04,P009,household,625.18,0,13
2025-09-04,P010,household,505.94,0,40
2025-09-04,P011,cosmetics,1456.26,0,32
2025-09-04,P012,household,529.98,0,22
2025-09-05,P001,food,1297.99,0,26
2025-09-05,P002,cosmetics,510.36,0,20
2025-09-05,P003,food,774.09,0,53
2025-09-05,P004,cosmetics,977.31,0,19
2025-09-05,P005,food,1093.5,0,31
2025-09-05,P006,food,1316.16,0,18
2025-09-05,P007,household,902.45,1,45
2025-09-05,P008,household,1161.69,0,34
2025-09-05,P009,household,634.03,0,10
2025-09-05,P010,household,498.13,0,28
2025-09-05,P011,cosmetics,1476.64,0,31
2025-09-05,P012,household,537.01,0,26
2025-09-06,P001,food,1298.31,0,22
2025-09-06,P002,cosmetics,508.83,0,19
2025-09-06,P003,food,776.73,0,50
2025-09-06,P004,cosmetics,992.68,0,19
2025-09-06,P005,food,1084.01,0,45
2025-09-06,P006,food,1344.03,0,23
2025-09-06,P007,household,1041.76,0,31
2025-09-06,P008,household,1177.49,0,35
2025-09-06,P009,household,624.47,0,16
2025-09-06,P010,household,501.73,0,33
2025-09-06,P011,cosmetics,1188.78,1,44
2025-09-06,P012,household,540.64,0,22
2025-09-07,P001,food,1299.56,0,26
2025-09-07,P002,cosmetics,507.44,0,24
2025-09-07,P003,food,777.98,0,39
2025-09-07,P004,cosmetics,980.9,0,24
2025-09-07,P005,food,1088.96,0,30
2025-09-07,P006,food,1318.51,0,20
2025-09-07,P007,household,1047.5,0,38
2025-09-07,P008,household,1173.64,0,38
2025-09-07,P009,household,615.08,0,18
2025-09-07,P010,household,497.13,0,39
2025-09-07,P011,cosmetics,1184.85,1,33
2025-09-07,P012,household,530.7,0,27
2025-09-08,P001,food,1287.54,0,24
2025-09-08,P002,cosmetics,519.01,0,18
2025-09-08,P003,food,779.61,0,63
2025-09-08,P004,cosmetics,990.85,0,18
2025-09-08,P005,food,1102.18,0,36
2025-09-08,P006,food,1304.25,0,15
2025-09-08,P007,household,1023.19,0,26
2025-09-08,P008,household,1165.61,0,36
2025-09-08,P009,household,629.58,0,10
2025-09-08,P010,household,494.03,0,20
2025-09-08,P011,cosmetics,1154.88,1,39
2025-09-08,P012,household,536.82,0,27
2025-09-09,P001,food,1309.58,0,31
2025-09-09,P002,cosmetics,517.08,0,20
2025-09-09,P003,food,778.57,0,46
2025-09-09,P004,cosmetics,974.56,0,19
2025-09-09,P005,food,1100.52,0,36
2025-09-09,P006,food,1331.47,0,14
2025-09-09,P007,household,1043.62,0,27
2025-09-09,P008,household,1170.11,0,30
2025-09-09,P009,household,627.45,0,10
2025-09-09,P010,household,490.53,0,26
2025-09-09,P011,cosmetics,1165.32,1,46
2025-09-09,P012,household,540.79,0,29
2025-09-10,P001,food,1308.87,0,35
2025-09-10,P002,cosmetics,518.56,0,16
2025-09-10,P003,food,774.62,0,50
2025-09-10,P004,cosmetics,972.18,0,13
2025-09-10,P005,food,1074.35,0,46
2025-09-10,P006,food,1313.12,0,12
2025-09-10,P007,household,1026.76,0,23
2025-09-10,P008,household,1187.99,0,37
2025-09-10,P009,household,625.53,0,12
2025-09-10,P010,household,496.97,0,36
2025-09-10,P011,cosmetics,1176.88,1,41
2025-09-10,P012,household,539.93,0,20
2025-09-11,P001,food,1282.58,0,17
2025-09-11,P002,cosmetics,513.75,0,19
2025-09-11,P003,food,778.89,0,68
2025-09-11,P004,cosmetics,992.96,0,16
2025-09-11,P005,food,1108.15,0,41
2025-09-11,P006,food,1323.09,0,12
2025-09-11,P007,household,1022.97,0,25
2025-09-11,P008,household,1173.99,0,31
2025-09-11,P009,household,634.95,0,10
2025-09-11,P010,household,482.57,0,26
2025-09-11,P011,cosmetics,1177.69,1,44
2025-09-11,P012,household,541.05,0,22
2025-09-12,P001,food,1311.14,0,18
2025-09-12,P002,cosmetics,517.54,0,16
2025-09-12,P003,food,784.45,0,62
2025-09-12,P004,cosmetics,988.0,0,18
2025-09-12,P005,food,1100.87,0,44
2025-09-12,P006,food,1311.36,0,15
2025-09-12,P007,household,1039.31,0,27
2025-09-12,P008,household,1175.81,0,32
2025-09-12,P009,household,612.01,0,8
2025-09-12,P010,household,497.13,0,36
2025-09-12,P011,cosmetics,1477.66,0,31
2025-09-12,P012,household,533.97,0,12
2025-09-13,P001,food,1328.76,0,26
2025-09-13,P002,cosmetics,504.5,0,29
2025-09-13,P003,food,775.93,0,47
2025-09-13,P004,cosmetics,994.6,0,41
2025-09-13,P005,food,1088.67,0,45
2025-09-13,P006,food,1336.25,0,17
2025-09-13,P007,household,1039.2,0,36
2025-09-13,P008,household,1186.21,0,40
2025-09-13,P009,household,639.13,0,11
2025-09-13,P010,household,497.34,0,28
2025-09-13,P011,cosmetics,1462.37,0,27
2025-09-13,P012,household,540.79,0,26
2025-09-14,P001,food,1304.28,0,32
2025-09-14,P002,cosmetics,517.98,0,25
2025-09-14,P003,food,779.14,0,53
2025-09-14,P004,cosmetics,980.26,0,26
2025-09-14,P005,food,1077.34,0,41
2025-09-14,P006,food,1311.56,0,25
2025-09-14,P007,household,1037.39,0,37
2025-09-14,P008,household,1164.15,0,33
2025-09-14,P009,household,635.85,0,13
2025-09-14,P010,household,494.7,0,46
2025-09-14,P011,cosmetics,1477.53,0,21
2025-09-14,P012,household,535.99,0,23
2025-09-15,P001,food,1297.64,0,25
2025-09-15,P002,cosmetics,514.46,0,15
2025-09-15,P003,food,775.22,0,58
2025-09-15,P004,cosmetics,977.68,0,20
2025-09-15,P005,food,1101.83,0,40
2025-09-15,P006,food,1337.79,0,21
2025-09-15,P007,household,1044.28,0,27
2025-09-15,P008,household,1155.3,0,33
2025-09-15,P009,household,625.26,0,9
2025-09-15,P010,household,495.32,0,33
2025-09-15,P011,cosmetics,1482.62,0,27
2025-09-15,P012,household,543.07,0,24
2025-09-16,P001,food,1300.19,0,20
2025-09-16,P002,cosmetics,516.77,0,15
2025-09-16,P003,food,771.65,0,50
2025-09-16,P004,cosmetics,998.92,0,17
2025-09-16,P005,food,1095.53,0,35
2025-09-16,P006,food,1305.51,0,19
2025-09-16,P007,household,1045.89,0,32
2025-09-16,P008,household,1188.17,0,28
2025-09-16,P009,household,626.38,0,12
2025-09-16,P010,household,489.57,0,29
2025-09-16,P011,cosmetics,1455.28,0,26
2025-09-16,P012,household,526.76,0,43
2025-09-17,P001,food,1310.05,0,29
2025-09-17,P002,cosmetics,515.5,0,18
2025-09-17,P003,food,780.73,0,61
2025-09-17,P004,cosmetics,970.5,0,13
2025-09-17,P005,food,1074.44,0,36
2025-09-17,P006,food,1315.49,0,20
2025-09-17,P007,household,1052.07,0,35
2025-09-17,P008,household,1169.12,0,29
2025-09-17,P009,household,632.39,0,7
2025-09-17,P010,household,502.65,0,25
2025-09-17,P011,cosmetics,1488.51,0,21
2025-09-17,P012,household,537.66,0,19
2025-09-18,P001,food,1279.5,0,25
2025-09-18,P002,cosmetics,508.48,0,18
2025-09-18,P003,food,772.36,0,59
2025-09-18,P004,cosmetics,997.85,0,24
2025-09-18,P005,food,1087.81,0,48
2025-09-18,P006,food,1337.82,0,16
2025-09-18,P007,household,1024.49,0,32
2025-09-18,P008,household,1177.96,0,27
2025-09-18,P009,household,632.55,0,10
2025-09-18,P010,household,494.1,0,25
2025-09-18,P011,cosmetics,1483.54,0,37
2025-09-18,P012,household,539.76,0,23
2025-09-19,P001,food,1304.18,0,17
2025-09-19,P002,cosmetics,505.85,0,23
2025-09-19,P003,food,779.67,0,64
2025-09-19,P004,cosmetics,998.53,0,13
2025-09-19,P005,food,1124.42,0,51
2025-09-19,P006,food,1321.57,0,16
2025-09-19,P007,household,1052.41,0,38
2025-09-19,P008,household,1158.62,0,21
2025-09-19,P009,household,625.22,0,12
2025-09-19,P010,household,490.96,0,30
2025-09-19,P011,cosmetics,1458.07,0,30
2025-09-19,P012,household,546.5,0,24
2025-09-20,P001,food,1296.95,0,22
2025-09-20,P002,cosmetics,509.89,0,20
2025-09-20,P003,food,776.89,0,62
2025-09-20,P004,cosmetics,993.99,0,26
2025-09-20,P005,food,1090.52,0,36
2025-09-20,P006,food,1349.32,0,20
2025-09-20,P007,household,1056.35,0,33
2025-09-20,P008,household,1172.06,0,37
2025-09-20,P009,household,619.04,0,9
2025-09-20,P010,household,498.48,0,32
2025-09-20,P011,cosmetics,1482.55,0,26
2025-09-20,P012,household,539.69,0,14
2025-09-21,P001,food,1326.1,0,28
2025-09-21,P002,cosmetics,516.45,0,29
2025-09-21,P003,food,774.31,0,41
2025-09-21,P004,cosmetics,978.73,0,30
2025-09-21,P005,food,1082.25,0,32
2025-09-21,P006,food,1315.8,0,17
2025-09-21,P007,household,1033.04,0,37
2025-09-21,P008,household,1154.72,0,22
2025-09-21,P009,household,642.51,0,9
2025-09-21,P010,household,496.33,0,24
2025-09-21,P011,cosmetics,1480.91,0,39
2025-09-21,P012,household,540.24,0,29
2025-09-22,P001,food,1299.77,0,33
2025-09-22,P002,cosmetics,517.09,0,19
2025-09-22,P003,food,774.12,0,49
2025-09-22,P004,cosmetics,977.46,0,18
2025-09-22,P005,food,1079.34,0,30
2025-09-22,P006,food,1322.74,0,16
2025-09-22,P007,household,875.67,1,41
2025-09-22,P008,household,1168.27,0,28
2025-09-22,P009,household,635.23,0,10
2025-09-22,P010,household,494.0,0,27
2025-09-22,P011,cosmetics,1481.47,0,20
2025-09-22,P012,household,541.25,0,20
2025-09-23,P001,food,1323.75,0,32
2025-09-23,P002,cosmetics,506.52,0,13
2025-09-23,P003,food,772.72,0,56
2025-09-23,P004,cosmetics,983.44,0,18
2025-09-23,P005,food,1109.66,0,49
2025-09-23,P006,food,1039.86,1,22
2025-09-23,P007,household,878.21,1,52
2025-09-23,P008,household,1159.96,0,26
2025-09-23,P009,household,630.2,0,12
2025-09-23,P010,household,493.48,0,33
2025-09-23,P011,cosmetics,1492.12,0,29
2025-09-23,P012,household,545.98,0,32
2025-09-24,P001,food,1287.67,0,28
2025-09-24,P002,cosmetics,508.51,0,14
2025-09-24,P003,food,763.89,0,48
2025-09-24,P004,cosmetics,972.75,0,14
2025-09-24,P005,food,1099.58,0,40
2025-09-24,P006,food,1004.97,1,20
2025-09-24,P007,household,886.42,1,45
2025-09-24,P008,household,1157.28,0,37
2025-09-24,P009,household,630.32,0,7
2025-09-24,P010,household,495.75,0,27
2025-09-24,P011,cosmetics,1468.81,0,23
2025-09-24,P012,household,473.09,1,34
2025-09-25,P001,food,1309.68,0,31
2025-09-25,P002,cosmetics,509.83,0,18
2025-09-25,P003,food,779.64,0,69
2025-09-25,P004,cosmetics,976.03,0,19
2025-09-25,P005,food,1105.68,0,43
2025-09-25,P006,food,1003.71,1,26
2025-09-25,P007,household,908.47,1,40
2025-09-25,P008,household,1163.99,0,21
2025-09-25,P009,household,633.12,0,14
2025-09-25,P010,household,502.45,0,43
2025-09-25,P011,cosmetics,1473.84,0,26
2025-09-25,P012,household,468.24,1,24
2025-09-26,P001,food,1306.2,0,15
2025-09-26,P002,cosmetics,511.71,0,27
2025-09-26,P003,food,778.47,0,59
2025-09-26,P004,cosmetics,991.87,0,15
2025-09-26,P005,food,1093.04,0,34
2025-09-26,P006,food,1012.3,1,32
2025-09-26,P007,household,890.68,1,49
2025-09-26,P008,household,1140.75,0,21
2025-09-26,P009,household,633.87,0,9
2025-09-26,P010,household,498.1,0,26
2025-09-26,P011,cosmetics,1430.2,0,33
2025-09-26,P012,household,467.33,1,25
2025-09-27,P001,food,1290.72,0,41
2025-09-27,P002,cosmetics,506.55,0,29
2025-09-27,P003,food,783.27,0,42
2025-09-27,P004,cosmetics,991.91,0,25
2025-09-27,P005,food,1104.01,0,40
2025-09-27,P006,food,1330.08,0,16
2025-09-27,P007,household,885.03,1,47
2025-09-27,P008,household,1153.98,0,35
2025-09-27,P009,household,616.08,0,13
2025-09-27,P010,household,495.61,0,41
2025-09-27,P011,cosmetics,1485.36,0,27
2025-09-27,P012,household,478.06,1,32
2025-09-28,P001,food,1304.35,0,35
2025-09-28,P002,cosmetics,506.24,0,22
2025-09-28,P003,food,772.54,0,51
2025-09-28,P004,cosmetics,975.17,0,29
2025-09-28,P005,food,1081.09,0,42
2025-09-28,P006,food,1298.11,0,26
2025-09-28,P007,household,1029.73,0,41
2025-09-28,P008,household,1176.66,0,46
2025-09-28,P009,household,627.0,0,16
2025-09-28,P010,household,500.0,0,31
2025-09-28,P011,cosmetics,1483.94,0,17
2025-09-28,P012,household,475.96,1,26
2025-09-29,P001,food,1317.82,0,25
2025-09-29,P002,cosmetics,509.33,0,13
2025-09-29,P003,food,791.39,0,51
2025-09-29,P004,cosmetics,992.18,0,15
2025-09-29,P005,food,1092.11,0,36
2025-09-29,P006,food,1327.23,0,20
2025-09-29,P007,household,1023.12,0,29
2025-09-29,P008,household,1171.58,0,20
2025-09-29,P009,household,626.35,0,14
2025-09-29,P010,household,495.91,0,36
2025-09-29,P011,cosmetics,1488.89,0,25
2025-09-29,P012,household,473.68,1,31
2025-09-30,P001,food,1297.82,0,27
2025-09-30,P002,cosmetics,513.99,0,24
2025-09-30,P003,food,773.72,0,64
2025-09-30,P004,cosmetics,989.99,0,18
2025-09-30,P005,food,1093.47,0,33
2025-09-30,P006,food,1326.3,0,17
2025-09-30,P007,household,1045.9,0,34
2025-09-30,P008,household,1154.98,0,34
2025-09-30,P009,household,628.2,0,15
2025-09-30,P010,household,497.77,0,30
2025-09-30,P011,cosmetics,1455.21,0,33
2025-09-30,P012,household,472.12,1,24
2025-10-01,P001,food,1280.01,0,24
2025-10-01,P002,cosmetics,507.48,0,17
2025-10-01,P003,food,769.87,0,47
2025-10-01,P004,cosmetics,1000.39,0,20
2025-10-01,P005,food,1105.41,0,40
2025-10-01,P006,food,1345.93,0,8
2025-10-01,P007,household,1035.88,0,41
2025-10-01,P008,household,1173.92,0,38
2025-10-01,P009,household,634.06,0,15
2025-10-01,P010,household,496.53,0,29
2025-10-01,P011,cosmetics,1483.1,0,32
2025-10-01,P012,household,475.76,1,20
2025-10-02,P001,food,1301.81,0,23
2025-10-02,P002,cosmetics,512.95,0,18
2025-10-02,P003,food,768.95,0,60
2025-10-02,P004,cosmetics,991.12,0,14
2025-10-02,P005,food,1093.81,0,34
2025-10-02,P006,food,1333.14,0,20
2025-10-02,P007,household,1058.61,0,29
2025-10-02,P008,household,1157.27,0,32
2025-10-02,P009,household,617.95,0,12
2025-10-02,P010,household,498.7,0,21
2025-10-02,P011,cosmetics,1483.93,0,33
2025-10-02,P012,household,475.9,1,31
2025-10-03,P001,food,1290.29,0,21
2025-10-03,P002,cosmetics,518.98,0,15
2025-10-03,P003,food,763.2,0,54
2025-10-03,P004,cosmetics,995.94,0,25
2025-10-03,P005,food,1083.52,0,32
2025-10-03,P006,food,1324.15,0,15
2025-10-03,P007,household,1043.35,0,28
2025-10-03,P008,household,1175.95,0,25
2025-10-03,P009,household,620.72,0,17
2025-10-03,P010,household,493.57,0,30
2025-10-03,P011,cosmetics,1459.4,0,29
2025-10-03,P012,household,477.18,1,27
2025-10-04,P001,food,1297.58,0,34
2025-10-04,P002,cosmetics,506.86,0,26
2025-10-04,P003,food,788.57,0,51
2025-10-04,P004,cosmetics,990.21,0,30
2025-10-04,P005,food,1091.03,0,29
2025-10-04,P006,food,1337.28,0,26
2025-10-04,P007,household,1045.44,0,29
2025-10-04,P008,household,1166.17,0,39
2025-10-04,P009,household,624.92,0,8
2025-10-04,P010,household,382.42,1,50
2025-10-04,P011,cosmetics,1484.48,0,26
2025-10-04,P012,household,469.64,1,20
2025-10-05,P001,food,1300.97,0,35
2025-10-05,P002,cosmetics,512.49,0,20
2025-10-05,P003,food,787.32,0,47
2025-10-05,P004,cosmetics,995.17,0,23
2025-10-05,P005,food,1072.06,0,38
2025-10-05,P006,food,1326.46,0,22
2025-10-05,P007,household,1034.33,0,38
2025-10-05,P008,household,1163.73,0,30
2025-10-05,P009,household,630.18,0,8
2025-10-05,P010,household,390.33,1,48
2025-10-05,P011,cosmetics,1475.77,0,24
2025-10-05,P012,household,466.52,1,41
2025-10-06,P001,food,1279.83,0,23
2025-10-06,P002,cosmetics,518.81,0,13
2025-10-06,P003,food,781.33,0,57
2025-10-06,P004,cosmetics,972.83,0,16
2025-10-06,P005,food,1065.03,0,39
2025-10-06,P006,food,1313.28,0,14
2025-10-06,P007,household,1025.52,0,32
2025-10-06,P008,household,1166.46,0,21
2025-10-06,P009,household,634.45,0,15
2025-10-06,P010,household,392.64,1,43
2025-10-06,P011,cosmetics,1444.02,0,25
2025-10-06,P012,household,470.56,1,27
2025-10-07,P001,food,1281.0,0,18
2025-10-07,P002,cosmetics,511.4,0,22
2025-10-07,P003,food,769.71,0,57
2025-10-07,P004,cosmetics,984.31,0,23
2025-10-07,P005,food,1099.4,0,53
2025-10-07,P006,food,1304.25,0,18
2025-10-07,P007,household,1027.78,0,24
2025-10-07,P008,household,1197.41,0,22
2025-10-07,P009,household,568.26,1,13
2025-10-07,P010,household,382.6,1,59
2025-10-07,P011,cosmetics,1477.55,0,24
2025-10-07,P012,household,468.49,1,33
2025-10-08,P001,food,1308.31,0,31
2025-10-08,P002,cosmetics,510.6,0,23
2025-10-08,P003,food,790.74,0,62
2025-10-08,P004,cosmetics,985.13,0,25
2025-10-08,P005,food,1086.25,0,39
2025-10-08,P006,food,1311.84,0,11
2025-10-08,P007,household,1022.64,0,27
2025-10-08,P008,household,1158.67,0,34
2025-10-08,P009,household,557.53,1,17
2025-10-08,P010,household,387.52,1,55
2025-10-08,P011,cosmetics,1457.7,0,25
2025-10-08,P012,household,468.24,1,28
2025-10-09,P001,food,1295.23,0,22
2025-10-09,P002,cosmetics,519.52,0,22
2025-10-09,P003,food,773.94,0,59
2025-10-09,P004,cosmetics,983.11,0,23
2025-10-09,P005,food,1087.49,0,42
2025-10-09,P006,food,1318.82,0,19
2025-10-09,P007,household,1046.27,0,32
2025-10-09,P008,household,1170.17,0,28
2025-10-09,P009,household,563.78,1,19
2025-10-09,P010,household,493.55,0,31
2025-10-09,P011,cosmetics,1444.35,0,22
2025-10-09,P012,household,482.36,1,30
2025-10-10,P001,food,1268.64,0,29
2025-10-10,P002,cosmetics,511.97,0,21
2025-10-10,P003,food,774.58,0,57
2025-10-10,P004,cosmetics,989.89,0,22
2025-10-10,P005,food,1099.4,0,39
2025-10-10,P006,food,1321.66,0,16
2025-10-10,P007,household,1032.84,0,21
2025-10-10,P008,household,1176.65,0,17
2025-10-10,P009,household,563.1,1,11
2025-10-10,P010,household,500.16,0,27
2025-10-10,P011,cosmetics,1474.35,0,32
2025-10-10,P012,household,464.14,1,25
2025-10-11,P001,food,1312.26,0,37
2025-10-11,P002,cosmetics,519.22,0,27
2025-10-11,P003,food,787.83,0,43
2025-10-11,P004,cosmetics,991.76,0,27
2025-10-11,P005,food,1105.57,0,36
2025-10-11,P006,food,1291.18,0,16
2025-10-11,P007,household,1046.71,0,33
2025-10-11,P008,household,1156.29,0,33
2025-10-11,P009,household,562.16,1,14
2025-10-11,P010,household,497.0,0,27
2025-10-11,P011,cosmetics,1468.01,0,26
2025-10-11,P012,household,541.75,0,27
2025-10-12,P001,food,1305.58,0,40
2025-10-12,P002,cosmetics,515.75,0,20
2025-10-12,P003,food,781.79,0,53
2025-10-12,P004,cosmetics,989.38,0,30
2025-10-12,P005,food,1096.16,0,29
2025-10-12,P006,food,1316.45,0,14
2025-10-12,P007,household,1038.24,0,28
2025-10-12,P008,household,1148.91,0,42
2025-10-12,P009,household,559.0,1,8
2025-10-12,P010,household,512.27,0,19
2025-10-12,P011,cosmetics,1489.59,0,28
2025-10-12,P012,household,544.11,0,32
2025-10-13,P001,food,1292.74,0,23
2025-10-13,P002,cosmetics,511.79,0,22
2025-10-13,P003,food,793.76,0,61
2025-10-13,P004,cosmetics,983.77,0,21
2025-10-13,P005,food,1111.36,0,35
2025-10-13,P006,food,1319.73,0,15
2025-10-13,P007,household,1033.8,0,27
2025-10-13,P008,household,1160.51,0,27
2025-10-13,P009,household,626.7,0,9
2025-10-13,P010,household,494.28,0,32
2025-10-13,P011,cosmetics,1471.64,0,27
2025-10-13,P012,household,544.55,0,26
2025-10-14,P001,food,1284.89,0,24
2025-10-14,P002,cosmetics,516.01,0,13
2025-10-14,P003,food,778.6,0,54
2025-10-14,P004,cosmetics,978.26,0,21
2025-10-14,P005,food,1095.82,0,35
2025-10-14,P006,food,1326.57,0,15
2025-10-14,P007,household,1024.71,0,37
2025-10-14,P008,household,1176.39,0,30
2025-10-14,P009,household,622.51,0,13
2025-10-14,P010,household,503.4,0,26
2025-10-14,P011,cosmetics,1480.4,0,23
2025-10-14,P012,household,540.72,0,23
2025-10-15,P001,food,1312.92,0,36
2025-10-15,P002,cosmetics,515.19,0,15
2025-10-15,P003,food,773.59,0,55
2025-10-15,P004,cosmetics,996.32,0,24
2025-10-15,P005,food,1093.63,0,38
2025-10-15,P006,food,1340.81,0,13
2025-10-15,P007,household,1039.96,0,28
2025-10-15,P008,household,1163.53,0,19
2025-10-15,P009,household,622.09,0,12
2025-10-15,P010,household,503.88,0,24
2025-10-15,P011,cosmetics,1172.9,1,41
2025-10-15,P012,household,546.34,0,26
2025-10-16,P001,food,1306.59,0,27
2025-10-16,P002,cosmetics,518.79,0,16
2025-10-16,P003,food,771.92,0,50
2025-10-16,P004,cosmetics,988.96,0,21
2025-10-16,P005,food,1092.96,0,36
2025-10-16,P006,food,1321.8,0,17
2025-10-16,P007,household,1034.57,0,27
2025-10-16,P008,household,1164.83,0,24
2025-10-16,P009,household,631.4,0,10
2025-10-16,P010,household,388.89,1,51
2025-10-16,P011,cosmetics,1178.87,1,47
2025-10-16,P012,household,548.84,0,21
2025-10-17,P001,food,1333.06,0,18
2025-10-17,P002,cosmetics,510.73,0,20
2025-10-17,P003,food,762.32,0,68
2025-10-17,P004,cosmetics,975.47,0,17
2025-10-17,P005,food,1076.32,0,34
2025-10-17,P006,food,1307.35,0,16
2025-10-17,P007,household,1046.19,0,39
2025-10-17,P008,household,1178.16,0,31
2025-10-17,P009,household,628.87,0,14
2025-10-17,P010,household,386.97,1,47
2025-10-17,P011,cosmetics,1156.62,1,35
2025-10-17,P012,household,537.59,0,37
2025-10-18,P001,food,1307.51,0,33
2025-10-18,P002,cosmetics,513.76,0,15
2025-10-18,P003,food,774.51,0,63
2025-10-18,P004,cosmetics,983.6,0,26
2025-10-18,P005,food,1100.76,0,30
2025-10-18,P006,food,1295.36,0,25
2025-10-18,P007,household,1029.42,0,32
2025-10-18,P008,household,1158.11,0,38
2025-10-18,P009,household,626.6,0,9
2025-10-18,P010,household,387.19,1,53
2025-10-18,P011,cosmetics,1169.28,1,43
2025-10-18,P012,household,541.63,0,28
2025-10-19,P001,food,1307.09,0,43
2025-10-19,P002,cosmetics,513.23,0,30
2025-10-19,P003,food,785.56,0,56
2025-10-19,P004,cosmetics,968.33,0,29
2025-10-19,P005,food,1063.67,0,32
2025-10-19,P006,food,1328.41,0,16
2025-10-19,P007,household,1043.22,0,31
2025-10-19,P008,household,1166.49,0,32
2025-10-19,P009,household,633.4,0,13
2025-10-19,P010,household,495.83,0,26
2025-10-19,P011,cosmetics,1165.32,1,45
2025-10-19,P012,household,546.1,0,23
2025-10-20,P001,food,1299.86,0,22
2025-10-20,P002,cosmetics,517.16,0,17
2025-10-20,P003,food,781.32,0,61
2025-10-20,P004,cosmetics,985.86,0,14
2025-10-20,P005,food,1083.94,0,50
2025-10-20,P006,food,1307.88,0,9
2025-10-20,P007,household,1053.85,0,23
2025-10-20,P008,household,1149.85,0,24
2025-10-20,P009,household,627.95,0,5
2025-10-20,P010,household,501.39,0,19
2025-10-20,P011,cosmetics,1478.57,0,31
2025-10-20,P012,household,534.57,0,23
2025-10-21,P001,food,1312.67,0,30
2025-10-21,P002,cosmetics,508.28,0,15
2025-10-21,P003,food,776.83,0,44
2025-10-21,P004,cosmetics,983.56,0,31
2025-10-21,P005,food,1090.59,0,31
2025-10-21,P006,food,1029.27,1,22
2025-10-21,P007,household,1039.66,0,29
2025-10-21,P008,household,1171.27,0,24
2025-10-21,P009,household,623.47,0,12
2025-10-21,P010,household,491.45,0,37
2025-10-21,P011,cosmetics,1472.72,0,27
2025-10-21,P012,household,537.9,0,27
2025-10-22,P001,food,1310.18,0,30
2025-10-22,P002,cosmetics,518.77,0,25
2025-10-22,P003,food,768.94,0,61
2025-10-22,P004,cosmetics,979.85,0,35
2025-10-22,P005,food,1081.72,0,36
2025-10-22,P006,food,1034.68,1,26
2025-10-22,P007,household,1044.98,0,37
2025-10-22,P008,household,1170.2,0,27
2025-10-22,P009,household,627.54,0,12
2025-10-22,P010,household,494.98,0,29
2025-10-22,P011,cosmetics,1459.95,0,32
2025-10-22,P012,household,535.85,0,17
2025-10-23,P001,food,1318.34,0,30
2025-10-23,P002,cosmetics,515.94,0,15
2025-10-23,P003,food,778.43,0,54
2025-10-23,P004,cosmetics,1001.13,0,15
2025-10-23,P005,food,1085.41,0,47
2025-10-23,P006,food,1004.66,1,35
2025-10-23,P007,household,1042.76,0,21
2025-10-23,P008,household,1176.81,0,27
2025-10-23,P009,household,634.38,0,11
2025-10-23,P010,household,494.38,0,37
2025-10-23,P011,cosmetics,1163.02,1,38
2025-10-23,P012,household,541.71,0,16
2025-10-24,P001,food,1295.25,0,24
2025-10-24,P002,cosmetics,506.78,0,14
2025-10-24,P003,food,784.54,0,59
2025-10-24,P004,cosmetics,974.12,0,31
2025-10-24,P005,food,1110.39,0,31
2025-10-24,P006,food,1026.07,1,19
2025-10-24,P007,household,1056.52,0,25
2025-10-24,P008,household,1154.15,0,30
2025-10-24,P009,household,622.77,0,10
2025-10-24,P010,household,487.22,0,24
2025-10-24,P011,cosmetics,1186.2,1,35
2025-10-24,P012,household,528.99,0,25
2025-10-25,P001,food,1296.37,0,46
2025-10-25,P002,cosmetics,429.35,1,38
2025-10-25,P003,food,780.01,0,49
2025-10-25,P004,cosmetics,992.47,0,34
2025-10-25,P005,food,1102.37,0,32
2025-10-25,P006,food,1033.61,1,22
2025-10-25,P007,household,1040.69,0,29
2025-10-25,P008,household,1165.28,0,30
2025-10-25,P009,household,630.53,0,11
2025-10-25,P010,household,500.03,0,24
2025-10-25,P011,cosmetics,1147.19,1,52
2025-10-25,P012,household,546.97,0,25
2025-10-26,P001,food,1295.8,0,35
2025-10-26,P002,cosmetics,433.71,1,31
2025-10-26,P003,food,777.96,0,59
2025-10-26,P004,cosmetics,1007.06,0,33
2025-10-26,P005,food,1082.86,0,34
2025-10-26,P006,food,1030.82,1,33
2025-10-26,P007,household,1044.09,0,43
2025-10-26,P008,household,1152.6,0,45
2025-10-26,P009,household,628.86,0,16
2025-10-26,P010,household,501.05,0,34
2025-10-26,P011,cosmetics,1175.24,1,42
2025-10-26,P012,household,542.1,0,31
2025-10-27,P001,food,1312.33,0,21
2025-10-27,P002,cosmetics,428.48,1,39
2025-10-27,P003,food,770.48,0,56
2025-10-27,P004,cosmetics,996.13,0,18
2025-10-27,P005,food,1085.22,0,30
2025-10-27,P006,food,999.03,1,20
2025-10-27,P007,household,1036.46,0,30
2025-10-27,P008,household,1164.65,0,28
2025-10-27,P009,household,624.42,0,15
2025-10-27,P010,household,492.63,0,27
2025-10-27,P011,cosmetics,1487.2,0,26
2025-10-27,P012,household,542.4,0,32
2025-10-28,P001,food,1321.55,0,27
2025-10-28,P002,cosmetics,430.28,1,30
2025-10-28,P003,food,783.4,0,54
2025-10-28,P004,cosmetics,985.2,0,26
2025-10-28,P005,food,1076.41,0,41
2025-10-28,P006,food,1011.71,1,27
2025-10-28,P007,household,1028.81,0,33
2025-10-28,P008,household,1184.82,0,34
2025-10-28,P009,household,627.37,0,9
2025-10-28,P010,household,500.88,0,25
2025-10-28,P011,cosmetics,1477.47,0,27
2025-10-28,P012,household,526.48,0,29
2025-10-29,P001,food,1019.08,1,51
2025-10-29,P002,cosmetics,424.59,1,28
2025-10-29,P003,food,752.34,0,60
2025-10-29,P004,cosmetics,974.34,0,19
2025-10-29,P005,food,1098.02,0,33
2025-10-29,P006,food,1007.36,1,22
2025-10-29,P007,household,1024.31,0,29
2025-10-29,P008,household,1163.78,0,31
2025-10-29,P009,household,619.32,0,14
2025-10-29,P010,household,487.92,0,29
2025-10-29,P011,cosmetics,1497.92,0,20
2025-10-29,P012,household,533.61,0,19
2025-10-30,P001,food,1019.43,1,47
2025-10-30,P002,cosmetics,417.18,1,33
2025-10-30,P003,food,779.64,0,54
2025-10-30,P004,cosmetics,972.09,0,35
2025-10-30,P005,food,1087.61,0,36
2025-10-30,P006,food,1326.26,0,19
2025-10-30,P007,household,1049.97,0,17
2025-10-30,P008,household,1151.58,0,35
2025-10-30,P009,household,629.9,0,13
2025-10-30,P010,household,495.89,0,27
2025-10-30,P011,cosmetics,1482.75,0,19
2025-10-30,P012,household,547.26,0,22
2025-10-31,P001,food,1026.99,1,51
2025-10-31,P002,cosmetics,416.4,1,36
2025-10-31,P003,food,796.63,0,56
2025-10-31,P004,cosmetics,981.46,0,28
2025-10-31,P005,food,1068.89,0,42
2025-10-31,P006,food,1324.8,0,17
2025-10-31,P007,household,1026.38,0,23
2025-10-31,P008,household,950.41,1,39
2025-10-31,P009,household,620.62,0,10
2025-10-31,P010,household,495.15,0,28
2025-10-31,P011,cosmetics,1474.61,0,38
2025-10-31,P012,household,538.27,0,29
2025-11-01,P001,food,1021.26,1,65
2025-11-01,P002,cosmetics,425.31,1,45
2025-11-01,P003,food,764.95,0,48
2025-11-01,P004,cosmetics,978.74,0,36
2025-11-01,P005,food,1091.43,0,41
2025-11-01,P006,food,1283.76,0,17
2025-11-01,P007,household,1044.57,0,33
2025-11-01,P008,household,941.5,1,52
2025-11-01,P009,household,635.96,0,16
2025-11-01,P010,household,496.21,0,24
2025-11-01,P011,cosmetics,1462.11,0,20
2025-11-01,P012,household,529.93,0,34
2025-11-02,P001,food,1033.52,1,66
2025-11-02,P002,cosmetics,510.51,0,19
2025-11-02,P003,food,774.79,0,42
2025-11-02,P004,cosmetics,978.42,0,30
2025-11-02,P005,food,1095.12,0,31
2025-11-02,P006,food,1315.38,0,19
2025-11-02,P007,household,1041.15,0,32
2025-11-02,P008,household,944.52,1,61
2025-11-02,P009,household,628.63,0,10
2025-11-02,P010,household,496.19,0,27
2025-11-02,P011,cosmetics,1474.88,0,23
2025-11-02,P012,household,540.42,0,23
2025-11-03,P001,food,1000.72,1,52
2025-11-03,P002,cosmetics,508.85,0,18
2025-11-03,P003,food,776.61,0,47
2025-11-03,P004,cosmetics,982.3,0,16
2025-11-03,P005,food,1100.84,0,34
2025-11-03,P006,food,1329.91,0,11
2025-11-03,P007,household,1046.35,0,33
2025-11-03,P008,household,963.34,1,37
2025-11-03,P009,household,625.61,0,9
2025-11-03,P010,household,495.39,0,28
2025-11-03,P011,cosmetics,1478.98,0,20
2025-11-03,P012,household,542.88,0,19
2025-11-04,P001,food,1015.31,1,39
2025-11-04,P002,cosmetics,513.22,0,21
2025-11-04,P003,food,773.08,0,60
2025-11-04,P004,cosmetics,984.5,0,26
2025-11-04,P005,food,1089.54,0,34
2025-11-04,P006,food,1321.3,0,18
2025-11-04,P007,household,1031.5,0,35
2025-11-04,P008,household,943.08,1,32
2025-11-04,P009,household,636.51,0,9
2025-11-04,P010,household,493.85,0,34
2025-11-04,P011,cosmetics,1469.02,0,27
2025-11-04,P012,household,542.09,0,17
2025-11-05,P001,food,1015.76,1,50
2025-11-05,P002,cosmetics,516.71,0,17
2025-11-05,P003,food,784.72,0,45
2025-11-05,P004,cosmetics,990.29,0,26
2025-11-05,P005,food,1086.27,0,45
2025-11-05,P006,food,1321.28,0,16
2025-11-05,P007,household,1028.64,0,24
2025-11-05,P008,household,959.9,1,40
2025-11-05,P009,household,622.72,0,15
2025-11-05,P010,household,495.24,0,25
2025-11-05,P011,cosmetics,1458.05,0,25
2025-11-05,P012,household,538.41,0,21
2025-11-06,P001,food,1271.83,0,31
2025-11-06,P002,cosmetics,506.09,0,20
2025-11-06,P003,food,780.34,0,41
2025-11-06,P004,cosmetics,973.31,0,39
2025-11-06,P005,food,1111.99,0,28
2025-11-06,P006,food,1314.53,0,13
2025-11-06,P007,household,1040.76,0,30
2025-11-06,P008,household,1167.82,0,37
2025-11-06,P009,household,624.51,0,11
2025-11-06,P010,household,502.53,0,24
2025-11-06,P011,cosmetics,1451.28,0,29
2025-11-06,P012,household,545.35,0,20
2025-11-07,P001,food,1289.49,0,29
2025-11-07,P002,cosmetics,511.24,0,22
2025-11-07,P003,food,614.48,1,67
2025-11-07,P004,cosmetics,978.79,0,29
2025-11-07,P005,food,1090.41,0,40
2025-11-07,P006,food,1305.38,0,17
2025-11-07,P007,household,1033.8,0,38
2025-11-07,P008,household,1161.32,0,29
2025-11-07,P009,household,617.7,0,14
2025-11-07,P010,household,492.91,0,35
2025-11-07,P011,cosmetics,1471.69,0,19
2025-11-07,P012,household,535.44,0,22
2025-11-08,P001,food,1290.12,0,37
2025-11-08,P002,cosmetics,521.3,0,20
2025-11-08,P003,food,618.44,1,106
2025-11-08,P004,cosmetics,983.94,0,27
2025-11-08,P005,food,1098.18,0,41
2025-11-08,P006,food,1319.12,0,16
2025-11-08,P007,household,879.57,1,55
2025-11-08,P008,household,1170.18,0,25
2025-11-08,P009,household,637.45,0,15
2025-11-08,P010,household,506.96,0,28
2025-11-08,P011,cosmetics,1447.22,0,25
2025-11-08,P012,household,542.13,0,22
2025-11-09,P001,food,1299.42,0,34
2025-11-09,P002,cosmetics,508.03,0,24
2025-11-09,P003,food,613.65,1,93
2025-11-09,P004,cosmetics,983.59,0,29
2025-11-09,P005,food,1084.45,0,39
2025-11-09,P006,food,1320.04,0,22
2025-11-09,P007,household,907.79,1,50
2025-11-09,P008,household,1156.58,0,28
2025-11-09,P009,household,569.61,1,10
2025-11-09,P010,household,492.63,0,28
2025-11-09,P011,cosmetics,1462.04,0,24
2025-11-09,P012,household,539.95,0,26
2025-11-10,P001,food,1316.53,0,24
2025-11-10,P002,cosmetics,518.01,0,18
2025-11-10,P003,food,633.06,1,83
2025-11-10,P004,cosmetics,1003.61,0,21
2025-11-10,P005,food,1097.86,0,29
2025-11-10,P006,food,1327.47,0,18
2025-11-10,P007,household,883.48,1,36
2025-11-10,P008,household,1177.34,0,46
2025-11-10,P009,household,549.78,1,18
2025-11-10,P010,household,496.97,0,21
2025-11-10,P011,cosmetics,1433.24,0,24
2025-11-10,P012,household,538.5,0,19
2025-11-11,P001,food,1298.85,0,34
2025-11-11,P002,cosmetics,511.06,0,21
2025-11-11,P003,food,614.48,1,83
2025-11-11,P004,cosmetics,987.8,0,31
2025-11-11,P005,food,1074.46,0,39
2025-11-11,P006,food,1328.54,0,16
2025-11-11,P007,household,881.68,1,37
2025-11-11,P008,household,1159.37,0,36
2025-11-11,P009,household,554.57,1,14
2025-11-11,P010,household,498.61,0,24
2025-11-11,P011,cosmetics,1481.2,0,23
2025-11-11,P012,household,537.18,0,26
2025-11-12,P001,food,1288.62,0,28
2025-11-12,P002,cosmetics,516.35,0,20
2025-11-12,P003,food,614.75,1,68
2025-11-12,P004,cosmetics,969.61,0,24
2025-11-12,P005,food,1085.3,0,40
2025-11-12,P006,food,1320.48,0,19
2025-11-12,P007,household,888.37,1,42
2025-11-12,P008,household,1163.01,0,27
2025-11-12,P009,household,559.52,1,17
2025-11-12,P010,household,494.33,0,34
2025-11-12,P011,cosmetics,1485.92,0,30
2025-11-12,P012,household,537.37,0,22
2025-11-13,P001,food,1301.3,0,16
2025-11-13,P002,cosmetics,519.18,0,16
2025-11-13,P003,food,763.38,0,58
2025-11-13,P004,cosmetics,989.63,0,25
2025-11-13,P005,food,1077.16,0,35
2025-11-13,P006,food,1333.8,0,16
2025-11-13,P007,household,901.69,1,50
2025-11-13,P008,household,1161.62,0,24
2025-11-13,P009,household,556.25,1,19
2025-11-13,P010,household,502.63,0,30
2025-11-13,P011,cosmetics,1470.13,0,21
2025-11-13,P012,household,539.4,0,21
2025-11-14,P001,food,1315.7,0,22
2025-11-14,P002,cosmetics,517.35,0,4
2025-11-14,P003,food,772.45,0,47
2025-11-14,P004,cosmetics,990.89,0,22
2025-11-14,P005,food,1083.74,0,40
2025-11-14,P006,food,1314.4,0,18
2025-11-14,P007,household,871.23,1,46
2025-11-14,P008,household,1175.57,0,36
2025-11-14,P009,household,558.96,1,19
2025-11-14,P010,household,498.48,0,40
2025-11-14,P011,cosmetics,1495.87,0,24
2025-11-14,P012,household,537.64,0,20
2025-11-15,P001,food,1289.33,0,46
2025-11-15,P002,cosmetics,518.22,0,30
2025-11-15,P003,food,785.58,0,61
2025-11-15,P004,cosmetics,984.28,0,27
2025-11-15,P005,food,1103.97,0,33
2025-11-15,P006,food,1300.3,0,25
2025-11-15,P007,household,1048.97,0,32
2025-11-15,P008,household,1173.88,0,37
2025-11-15,P009,household,558.48,1,16
2025-11-15,P010,household,494.76,0,23
2025-11-15,P011,cosmetics,1488.76,0,19
2025-11-15,P012,household,543.17,0,27
2025-11-16,P001,food,1290.18,0,29
2025-11-16,P002,cosmetics,507.63,0,25
2025-11-16,P003,food,766.3,0,46
2025-11-16,P004,cosmetics,973.55,0,25
2025-11-16,P005,food,1083.66,0,33
2025-11-16,P006,food,1325.64,0,14
2025-11-16,P007,household,1027.38,0,37
2025-11-16,P008,household,1136.92,0,31
2025-11-16,P009,household,561.41,1,19
2025-11-16,P010,household,502.57,0,29
2025-11-16,P011,cosmetics,1476.01,0,15
2025-11-16,P012,household,536.33,0,34
2025-11-17,P001,food,1309.31,0,25
2025-11-17,P002,cosmetics,519.27,0,22
2025-11-17,P003,food,759.91,0,49
2025-11-17,P004,cosmetics,1002.84,0,22
2025-11-17,P005,food,1098.17,0,30
2025-11-17,P006,food,1321.02,0,18
2025-11-17,P007,household,892.88,1,41
2025-11-17,P008,household,1170.49,0,29
2025-11-17,P009,household,623.17,0,12
2025-11-17,P010,household,490.74,0,38
2025-11-17,P011,cosmetics,1467.3,0,31
2025-11-17,P012,household,547.68,0,22
2025-11-18,P001,food,1299.15,0,26
2025-11-18,P002,cosmetics,509.17,0,14
2025-11-18,P003,food,776.92,0,51
2025-11-18,P004,cosmetics,974.97,0,37
2025-11-18,P005,food,1106.88,0,38
2025-11-18,P006,food,1325.91,0,11
2025-11-18,P007,household,884.51,1,44
2025-11-18,P008,household,1147.16,0,27
2025-11-18,P009,household,630.42,0,9
2025-11-18,P010,household,492.97,0,30
2025-11-18,P011,cosmetics,1463.83,0,28
2025-11-18,P012,household,536.09,0,20
2025-11-19,P001,food,1310.47,0,32
2025-11-19,P002,cosmetics,514.88,0,17
2025-11-19,P003,food,787.32,0,62
2025-11-19,P004,cosmetics,992.02,0,23
2025-11-19,P005,food,1090.04,0,33
2025-11-19,P006,food,1302.67,0,13
2025-11-19,P007,household,908.27,1,37
2025-11-19,P008,household,1163.54,0,35
2025-11-19,P009,household,622.19,0,12
2025-11-19,P010,household,498.57,0,33
2025-11-19,P011,cosmetics,1477.23,0,22
2025-11-19,P012,household,544.18,0,24
2025-11-20,P001,food,1301.86,0,26
2025-11-20,P002,cosmetics,514.87,0,24
2025-11-20,P003,food,777.0,0,55
2025-11-20,P004,cosmetics,987.48,0,18
2025-11-20,P005,food,1101.17,0,37
2025-11-20,P006,food,1342.98,0,15
2025-11-20,P007,household,891.64,1,43
2025-11-20,P008,household,1166.26,0,30
2025-11-20,P009,household,626.62,0,14
2025-11-20,P010,household,499.75,0,34
2025-11-20,P011,cosmetics,1466.89,0,27
2025-11-20,P012,household,544.42,0,25
2025-11-21,P001,food,1311.17,0,28
2025-11-21,P002,cosmetics,516.04,0,18
2025-11-21,P003,food,774.06,0,69
2025-11-21,P004,cosmetics,991.43,0,31
2025-11-21,P005,food,1096.13,0,39
2025-11-21,P006,food,1328.72,0,11
2025-11-21,P007,household,884.22,1,47
2025-11-21,P008,household,1163.41,0,35
2025-11-21,P009,household,618.28,0,10
2025-11-21,P010,household,497.38,0,24
2025-11-21,P011,cosmetics,1477.02,0,30
2025-11-21,P012,household,540.12,0,20
2025-11-22,P001,food,1288.56,0,28
2025-11-22,P002,cosmetics,515.28,0,21
2025-11-22,P003,food,762.23,0,47
2025-11-22,P004,cosmetics,1002.33,0,27
2025-11-22,P005,food,1091.61,0,31
2025-11-22,P006,food,1315.55,0,17
2025-11-22,P007,household,887.85,1,54
2025-11-22,P008,household,1173.37,0,47
2025-11-22,P009,household,626.67,0,7
2025-11-22,P010,household,495.15,0,28
2025-11-22,P011,cosmetics,1478.11,0,17
2025-11-22,P012,household,539.64,0,27
2025-11-23,P001,food,1301.88,0,33
2025-11-23,P002,cosmetics,509.21,0,25
2025-11-23,P003,food,780.18,0,26
2025-11-23,P004,cosmetics,991.05,0,36
2025-11-23,P005,food,1098.52,0,32
2025-11-23,P006,food,1307.01,0,17
2025-11-23,P007,household,891.33,1,56
2025-11-23,P008,household,1175.93,0,51
2025-11-23,P009,household,625.61,0,10
2025-11-23,P010,household,494.53,0,33
2025-11-23,P011,cosmetics,1465.59,0,28
2025-11-23,P012,household,535.29,0,21
2025-11-24,P001,food,1299.29,0,34
2025-11-24,P002,cosmetics,506.61,0,10
2025-11-24,P003,food,781.8,0,49
2025-11-24,P004,cosmetics,980.01,0,14
2025-11-24,P005,food,1110.4,0,29
2025-11-24,P006,food,1333.56,0,16
2025-11-24,P007,household,1038.68,0,28
2025-11-24,P008,household,1158.49,0,31
2025-11-24,P009,household,635.15,0,15
2025-11-24,P010,household,501.39,0,23
2025-11-24,P011,cosmetics,1485.06,0,26
2025-11-24,P012,household,536.43,0,30
2025-11-25,P001,food,1286.21,0,39
2025-11-25,P002,cosmetics,518.03,0,14
2025-11-25,P003,food,762.83,0,62
2025-11-25,P004,cosmetics,996.41,0,31
2025-11-25,P005,food,1083.39,0,42
2025-11-25,P006,food,1304.81,0,11
2025-11-25,P007,household,1041.38,0,18
2025-11-25,P008,household,1158.07,0,37
2025-11-25,P009,household,628.84,0,17
2025-11-25,P010,household,496.97,0,25
2025-11-25,P011,cosmetics,1465.61,0,23
2025-11-25,P012,household,540.41,0,29
2025-11-26,P001,food,1281.68,0,31
2025-11-26,P002,cosmetics,514.5,0,19
2025-11-26,P003,food,785.48,0,58
2025-11-26,P004,cosmetics,979.29,0,20
2025-11-26,P005,food,1079.88,0,31
2025-11-26,P006,food,1349.19,0,19
2025-11-26,P007,household,1036.82,0,33
2025-11-26,P008,household,1167.1,0,49
2025-11-26,P009,household,629.98,0,15
2025-11-26,P010,household,491.45,0,22
2025-11-26,P011,cosmetics,1469.28,0,26
2025-11-26,P012,household,538.98,0,21
2025-11-27,P001,food,1310.97,0,26
2025-11-27,P002,cosmetics,519.45,0,17
2025-11-27,P003,food,782.62,0,49
2025-11-27,P004,cosmetics,987.12,0,35
2025-11-27,P005,food,1079.24,0,32
2025-11-27,P006,food,1311.26,0,23
2025-11-27,P007,household,1022.56,0,33
2025-11-27,P008,household,1149.5,0,32
2025-11-27,P009,household,629.07,0,8
2025-11-27,P010,household,491.17,0,22
2025-11-27,P011,cosmetics,1454.61,0,19
2025-11-27,P012,household,545.6,0,12
2025-11-28,P001,food,1297.47,0,20
2025-11-28,P002,cosmetics,513.32,0,19
2025-11-28,P003,food,785.46,0,50
2025-11-28,P004,cosmetics,972.77,0,16
2025-11-28,P005,food,1101.18,0,38
2025-11-28,P006,food,1342.05,0,11
2025-11-28,P007,household,1033.31,0,37
2025-11-28,P008,household,1161.96,0,33
2025-11-28,P009,household,615.82,0,13
2025-11-28,P010,household,503.28,0,37
2025-11-28,P011,cosmetics,1464.99,0,25
2025-11-28,P012,household,536.77,0,26
2025-11-29,P001,food,1288.73,0,41
2025-11-29,P002,cosmetics,506.33,0,22
2025-11-29,P003,food,781.2,0,59
2025-11-29,P004,cosmetics,975.33,0,37
2025-11-29,P005,food,1102.65,0,34
2025-11-29,P006,food,1316.92,0,27
2025-11-29,P007,household,1043.13,0,25
2025-11-29,P008,household,1183.26,0,34
2025-11-29,P009,household,616.65,0,18
2025-11-29,P010,household,492.21,0,38
2025-11-29,P011,cosmetics,1500.67,0,20
2025-11-29,P012,household,537.1,0,18
2025-11-30,P001,food,1300.78,0,29
2025-11-30,P002,cosmetics,518.51,0,19
2025-11-30,P003,food,781.75,0,55
2025-11-30,P004,cosmetics,986.02,0,42
2025-11-30,P005,food,1084.48,0,31
2025-11-30,P006,food,1340.21,0,22
2025-11-30,P007,household,1029.89,0,34
2025-11-30,P008,household,1149.94,0,51
2025-11-30,P009,household,627.21,0,6
2025-11-30,P010,household,497.13,0,24
2025-11-30,P011,cosmetics,1455.74,0,26
2025-11-30,P012,household,530.25,0,19
2025-12-01,P001,food,1316.72,0,23
2025-12-01,P002,cosmetics,511.65,0,14
2025-12-01,P003,food,780.71,0,62
2025-12-01,P004,cosmetics,989.14,0,24
2025-12-01,P005,food,1067.05,0,31
2025-12-01,P006,food,1309.65,0,17
2025-12-01,P007,household,1043.81,0,23
2025-12-01,P008,household,1163.55,0,35
2025-12-01,P009,household,630.96,0,9
2025-12-01,P010,household,502.47,0,27
2025-12-01,P011,cosmetics,1475.4,0,23
2025-12-01,P012,household,542.69,0,20
2025-12-02,P001,food,1272.34,0,30
2025-12-02,P002,cosmetics,515.3,0,22
2025-12-02,P003,food,783.41,0,55
2025-12-02,P004,cosmetics,968.73,0,25
2025-12-02,P005,food,1082.98,0,37
2025-12-02,P006,food,1319.6,0,17
2025-12-02,P007,household,1037.16,0,33
2025-12-02,P008,household,1160.61,0,30
2025-12-02,P009,household,627.73,0,9
2025-12-02,P010,household,498.46,0,25
2025-12-02,P011,cosmetics,1462.29,0,18
2025-12-02,P012,household,542.21,0,24
2025-12-03,P001,food,1282.55,0,31
2025-12-03,P002,cosmetics,510.22,0,20
2025-12-03,P003,food,762.54,0,54
2025-12-03,P004,cosmetics,990.41,0,31
2025-12-03,P005,food,1096.31,0,32
2025-12-03,P006,food,1329.97,0,20
2025-12-03,P007,household,1034.58,0,32
2025-12-03,P008,household,1190.94,0,23
2025-12-03,P009,household,623.78,0,16
2025-12-03,P010,household,492.02,0,30
2025-12-03,P011,cosmetics,1436.44,0,38
2025-12-03,P012,household,544.49,0,16
2025-12-04,P001,food,1290.02,0,31
2025-12-04,P002,cosmetics,521.99,0,17
2025-12-04,P003,food,765.01,0,38
2025-12-04,P004,cosmetics,977.44,0,31
2025-12-04,P005,food,1089.61,0,37
2025-12-04,P006,food,1328.08,0,9
2025-12-04,P007,household,1049.22,0,19
2025-12-04,P008,household,1161.24,0,43
2025-12-04,P009,household,627.7,0,15
2025-12-04,P010,household,490.74,0,24
2025-12-04,P011,cosmetics,1477.18,0,25
2025-12-04,P012,household,544.79,0,29
2025-12-05,P001,food,1321.06,0,29
2025-12-05,P002,cosmetics,509.05,0,18
2025-12-05,P003,food,770.95,0,62
2025-12-05,P004,cosmetics,998.12,0,27
2025-12-05,P005,food,1092.3,0,41
2025-12-05,P006,food,1333.87,0,9
2025-12-05,P007,household,1018.81,0,38
2025-12-05,P008,household,1161.92,0,35
2025-12-05,P009,household,627.15,0,17
2025-12-05,P010,household,394.06,1,39
2025-12-05,P011,cosmetics,1460.8,0,22
2025-12-05,P012,household,543.48,0,27
2025-12-06,P001,food,1305.72,0,32
2025-12-06,P002,cosmetics,511.81,0,21
2025-12-06,P003,food,775.66,0,53
2025-12-06,P004,cosmetics,982.04,0,35
2025-12-06,P005,food,1084.63,0,41
2025-12-06,P006,food,1312.92,0,23
2025-12-06,P007,household,1029.83,0,31
2025-12-06,P008,household,1155.49,0,51
2025-12-06,P009,household,634.11,0,12
2025-12-06,P010,household,382.8,1,45
2025-12-06,P011,cosmetics,1473.65,0,24
2025-12-06,P012,household,543.7,0,24
2025-12-07,P001,food,1312.03,0,34
2025-12-07,P002,cosmetics,514.1,0,28
2025-12-07,P003,food,779.68,0,46
2025-12-07,P004,cosmetics,974.44,0,28
2025-12-07,P005,food,1101.39,0,32
2025-12-07,P006,food,1320.47,0,15
2025-12-07,P007,household,1049.61,0,38
2025-12-07,P008,household,1167.63,0,53
2025-12-07,P009,household,633.76,0,10
2025-12-07,P010,household,384.68,1,55
2025-12-07,P011,cosmetics,1483.5,0,23
2025-12-07,P012,household,542.51,0,21
2025-12-08,P001,food,1287.19,0,28
2025-12-08,P002,cosmetics,507.94,0,20
2025-12-08,P003,food,779.19,0,58
2025-12-08,P004,cosmetics,986.26,0,24
2025-12-08,P005,food,1094.08,0,27
2025-12-08,P006,food,1335.82,0,13
2025-12-08,P007,household,1055.81,0,26
2025-12-08,P008,household,1170.68,0,32
2025-12-08,P009,household,625.73,0,14
2025-12-08,P010,household,497.62,0,34
2025-12-08,P011,cosmetics,1472.41,0,23
2025-12-08,P012,household,543.34,0,16
2025-12-09,P001,food,1287.46,0,24
2025-12-09,P002,cosmetics,515.24,0,21
2025-12-09,P003,food,785.35,0,54
2025-12-09,P004,cosmetics,976.48,0,22
2025-12-09,P005,food,1096.73,0,35
2025-12-09,P006,food,1310.04,0,16
2025-12-09,P007,household,1060.54,0,20
2025-12-09,P008,household,1157.18,0,27
2025-12-09,P009,household,628.9,0,14
2025-12-09,P010,household,494.69,0,22
2025-12-09,P011,cosmetics,1473.79,0,21
2025-12-09,P012,household,529.29,0,27
2025-12-10,P001,food,1307.87,0,22
2025-12-10,P002,cosmetics,521.83,0,24
2025-12-10,P003,food,785.59,0,59
2025-12-10,P004,cosmetics,998.02,0,30
2025-12-10,P005,food,1092.07,0,30
2025-12-10,P006,food,1326.9,0,15
2025-12-10,P007,household,1037.36,0,22
2025-12-10,P008,household,1179.07,0,34
2025-12-10,P009,household,630.95,0,12
2025-12-10,P010,household,498.62,0,28
2025-12-10,P011,cosmetics,1456.22,0,25
2025-12-10,P012,household,533.29,0,28
2025-12-11,P001,food,1302.8,0,25
2025-12-11,P002,cosmetics,511.03,0,16
2025-12-11,P003,food,769.89,0,57
2025-12-11,P004,cosmetics,985.52,0,31
2025-12-11,P005,food,1096.05,0,25
2025-12-11,P006,food,1316.46,0,13
2025-12-11,P007,household,1041.58,0,28
2025-12-11,P008,household,1170.69,0,39
2025-12-11,P009,household,631.88,0,16
2025-12-11,P010,household,488.5,0,25
2025-12-11,P011,cosmetics,1479.35,0,18
2025-12-11,P012,household,532.41,0,31
2025-12-12,P001,food,1309.18,0,28
2025-12-12,P002,cosmetics,515.58,0,20
2025-12-12,P003,food,778.52,0,42
2025-12-12,P004,cosmetics,984.02,0,30
2025-12-12,P005,food,1095.34,0,32
2025-12-12,P006,food,1322.07,0,13
2025-12-12,P007,household,1045.31,0,29
2025-12-12,P008,household,1177.47,0,40
2025-12-12,P009,household,639.61,0,12
2025-12-12,P010,household,494.73,0,40
2025-12-12,P011,cosmetics,1466.18,0,10
2025-12-12,P012,household,546.07,0,22
2025-12-13,P001,food,1299.59,0,47
2025-12-13,P002,cosmetics,499.43,0,24
2025-12-13,P003,food,770.08,0,59
2025-12-13,P004,cosmetics,991.34,0,37
2025-12-13,P005,food,1080.22,0,27
2025-12-13,P006,food,1320.47,0,21
2025-12-13,P007,household,1050.06,0,33
2025-12-13,P008,household,1163.69,0,51
2025-12-13,P009,household,629.03,0,14
2025-12-13,P010,household,499.14,0,20
2025-12-13,P011,cosmetics,1439.61,0,20
2025-12-13,P012,household,535.0,0,28
2025-12-14,P001,food,1305.66,0,38
2025-12-14,P002,cosmetics,513.35,0,21
2025-12-14,P003,food,612.4,1,90
2025-12-14,P004,cosmetics,975.61,0,22
2025-12-14,P005,food,1094.4,0,33
2025-12-14,P006,food,1308.95,0,18
2025-12-14,P007,household,1040.08,0,41
2025-12-14,P008,household,1170.36,0,41
2025-12-14,P009,household,636.57,0,15
2025-12-14,P010,household,499.15,0,24
2025-12-14,P011,cosmetics,1481.12,0,22
2025-12-14,P012,household,535.86,0,24
2025-12-15,P001,food,1304.1,0,24
2025-12-15,P002,cosmetics,511.94,0,24
2025-12-15,P003,food,615.52,1,90
2025-12-15,P004,cosmetics,972.81,0,19
2025-12-15,P005,food,1098.97,0,29
2025-12-15,P006,food,1315.91,0,17
2025-12-15,P007,household,1046.44,0,35
2025-12-15,P008,household,1165.04,0,37
2025-12-15,P009,household,621.91,0,11
2025-12-15,P010,household,492.94,0,24
2025-12-15,P011,cosmetics,1485.61,0,20
2025-12-15,P012,household,539.26,0,21
2025-12-16,P001,food,1312.16,0,31
2025-12-16,P002,cosmetics,509.34,0,21
2025-12-16,P003,food,592.64,1,90
2025-12-16,P004,cosmetics,989.54,0,25
2025-12-16,P005,food,1102.93,0,38
2025-12-16,P006,food,1321.26,0,12
2025-12-16,P007,household,1041.6,0,22
2025-12-16,P008,household,1184.54,0,37
2025-12-16,P009,household,625.2,0,8
2025-12-16,P010,household,490.71,0,36
2025-12-16,P011,cosmetics,1490.72,0,28
2025-12-16,P012,household,532.52,0,12
2025-12-17,P001,food,1312.54,0,29
2025-12-17,P002,cosmetics,519.1,0,27
2025-12-17,P003,food,628.34,1,103
2025-12-17,P004,cosmetics,974.67,0,21
2025-12-17,P005,food,1094.87,0,37
2025-12-17,P006,food,1317.99,0,21
2025-12-17,P007,household,1042.25,0,44
2025-12-17,P008,household,1168.88,0,33
2025-12-17,P009,household,615.77,0,16
2025-12-17,P010,household,496.84,0,46
2025-12-17,P011,cosmetics,1500.85,0,24
2025-12-17,P012,household,541.27,0,24
2025-12-18,P001,food,1280.95,0,28
2025-12-18,P002,cosmetics,511.87,0,27
2025-12-18,P003,food,617.03,1,81
2025-12-18,P004,cosmetics,974.67,0,28
2025-12-18,P005,food,1079.81,0,33
2025-12-18,P006,food,1340.1,0,11
2025-12-18,P007,household,1027.31,0,42
2025-12-18,P008,household,1167.63,0,31
2025-12-18,P009,household,630.16,0,9
2025-12-18,P010,household,381.75,1,49
2025-12-18,P011,cosmetics,1480.33,0,27
2025-12-18,P012,household,527.73,0,23
2025-12-19,P001,food,1272.78,0,21
2025-12-19,P002,cosmetics,512.64,0,23
2025-12-19,P003,food,609.9,1,101
2025-12-19,P004,cosmetics,993.76,0,37
2025-12-19,P005,food,1081.49,0,36
2025-12-19,P006,food,1332.67,0,15
2025-12-19,P007,household,1033.42,0,34
2025-12-19,P008,household,1162.17,0,30
2025-12-19,P009,household,633.29,0,12
2025-12-19,P010,household,391.79,1,51
2025-12-19,P011,cosmetics,1476.52,0,17
2025-12-19,P012,household,532.87,0,18
2025-12-20,P001,food,1315.08,0,35
2025-12-20,P002,cosmetics,511.61,0,24
2025-12-20,P003,food,791.64,0,51
2025-12-20,P004,cosmetics,990.69,0,39
2025-12-20,P005,food,1085.59,0,33
2025-12-20,P006,food,1323.18,0,23
2025-12-20,P007,household,1031.42,0,36
2025-12-20,P008,household,1161.5,0,42
2025-12-20,P009,household,613.13,0,12
2025-12-20,P010,household,387.43,1,53
2025-12-20,P011,cosmetics,1485.0,0,25
2025-12-20,P012,household,540.29,0,17
2025-12-21,P001,food,1317.5,0,40
2025-12-21,P002,cosmetics,503.7,0,22
2025-12-21,P003,food,773.97,0,42
2025-12-21,P004,cosmetics,973.16,0,42
2025-12-21,P005,food,1092.4,0,36
2025-12-21,P006,food,1309.28,0,14
2025-12-21,P007,household,1024.51,0,55
2025-12-21,P008,household,1170.3,0,39
2025-12-21,P009,household,630.4,0,15
2025-12-21,P010,household,384.13,1,65
2025-12-21,P011,cosmetics,1455.94,0,26
2025-12-21,P012,household,532.53,0,15
2025-12-22,P001,food,1288.75,0,31
2025-12-22,P002,cosmetics,507.73,0,20
2025-12-22,P003,food,777.7,0,48
2025-12-22,P004,cosmetics,979.41,0,33
2025-12-22,P005,food,1089.0,0,26
2025-12-22,P006,food,1308.48,0,16
2025-12-22,P007,household,1019.71,0,35
2025-12-22,P008,household,1177.09,0,37
2025-12-22,P009,household,633.01,0,17
2025-12-22,P010,household,490.55,0,33
2025-12-22,P011,cosmetics,1444.41,0,31
2025-12-22,P012,household,546.23,0,23
2025-12-23,P001,food,1277.82,0,36
2025-12-23,P002,cosmetics,518.48,0,15
2025-12-23,P003,food,772.89,0,55
2025-12-23,P004,cosmetics,976.61,0,28
2025-12-23,P005,food,1078.08,0,28
2025-12-23,P006,food,1345.39,0,20
2025-12-23,P007,household,1032.44,0,32
2025-12-23,P008,household,1159.53,0,40
2025-12-23,P009,household,632.66,0,9
2025-12-23,P010,household,492.64,0,27
2025-12-23,P011,cosmetics,1461.96,0,18
2025-12-23,P012,household,539.47,0,20
2025-12-24,P001,food,1303.33,0,38
2025-12-24,P002,cosmetics,502.71,0,15
2025-12-24,P003,food,789.5,0,43
2025-12-24,P004,cosmetics,1003.02,0,29
2025-12-24,P005,food,1078.02,0,28
2025-12-24,P006,food,1306.03,0,15
2025-12-24,P007,household,1034.1,0,35
2025-12-24,P008,household,1169.0,0,34
2025-12-24,P009,household,621.69,0,15
2025-12-24,P010,household,488.03,0,30
2025-12-24,P011,cosmetics,1487.73,0,19
2025-12-24,P012,household,545.33,0,18
2025-12-25,P001,food,1314.16,0,35
2025-12-25,P002,cosmetics,509.61,0,19
2025-12-25,P003,food,775.85,0,32
2025-12-25,P004,cosmetics,994.44,0,23
2025-12-25,P005,food,1067.45,0,33
2025-12-25,P006,food,1320.85,0,13
2025-12-25,P007,household,1037.92,0,30
2025-12-25,P008,household,1169.67,0,32
2025-12-25,P009,household,634.08,0,17
2025-12-25,P010,household,498.23,0,23
2025-12-25,P011,cosmetics,1459.25,0,24
2025-12-25,P012,household,541.15,0,16
2025-12-26,P001,food,1325.44,0,23
2025-12-26,P002,cosmetics,511.49,0,19
2025-12-26,P003,food,777.83,0,56
2025-12-26,P004,cosmetics,981.36,0,26
2025-12-26,P005,food,1056.32,0,29
2025-12-26,P006,food,1324.11,0,14
2025-12-26,P007,household,1042.6,0,30
2025-12-26,P008,household,1171.71,0,37
2025-12-26,P009,household,629.27,0,13
2025-12-26,P010,household,491.8,0,23
2025-12-26,P011,cosmetics,1475.81,0,26
2025-12-26,P012,household,539.16,0,25
2025-12-27,P001,food,1308.76,0,34
2025-12-27,P002,cosmetics,522.5,0,11
2025-12-27,P003,food,786.02,0,52
2025-12-27,P004,cosmetics,991.19,0,35
2025-12-27,P005,food,1088.9,0,34
2025-12-27,P006,food,1315.24,0,13
2025-12-27,P007,household,1038.79,0,39
2025-12-27,P008,household,1147.59,0,63
2025-12-27,P009,household,632.93,0,11
2025-12-27,P010,household,497.76,0,31
2025-12-27,P011,cosmetics,1477.39,0,21
2025-12-27,P012,household,533.85,0,25
2025-12-28,P001,food,1297.2,0,28
2025-12-28,P002,cosmetics,517.49,0,29
2025-12-28,P003,food,781.21,0,48
2025-12-28,P004,cosmetics,972.15,0,38
2025-12-28,P005,food,1115.63,0,25
2025-12-28,P006,food,1306.13,0,24
2025-12-28,P007,household,1034.17,0,48
2025-12-28,P008,household,1156.73,0,54
2025-12-28,P009,household,628.42,0,12
2025-12-28,P010,household,498.44,0,25
2025-12-28,P011,cosmetics,1472.55,0,23
2025-12-28,P012,household,544.23,0,28
2025-12-29,P001,food,1290.41,0,28
2025-12-29,P002,cosmetics,510.69,0,20
2025-12-29,P003,food,776.25,0,64
2025-12-29,P004,cosmetics,978.88,0,30
2025-12-29,P005,food,1109.93,0,23
2025-12-29,P006,food,1308.99,0,8
2025-12-29,P007,household,1027.35,0,45
2025-12-29,P008,household,1151.58,0,36
2025-12-29,P009,household,631.61,0,18
2025-12-29,P010,household,500.57,0,30
2025-12-29,P011,cosmetics,1450.2,0,30
2025-12-29,P012,household,541.6,0,15
2025-12-30,P001,food,1302.19,0,37
2025-12-30,P002,cosmetics,520.25,0,26
2025-12-30,P003,food,785.29,0,48
2025-12-30,P004,cosmetics,986.55,0,32
2025-12-30,P005,food,1079.67,0,51
2025-12-30,P006,food,1312.14,0,16
2025-12-30,P007,household,1045.93,0,28
2025-12-30,P008,household,1167.91,0,36
2025-12-30,P009,household,636.19,0,13
2025-12-30,P010,household,497.02,0,32
2025-12-30,P011,cosmetics,1474.0,0,21
2025-12-30,P012,household,550.46,0,16
